[debug] [2025-11-19T14:37:30.250Z] ----------------------------------------------------------------------
[debug] [2025-11-19T14:37:30.265Z] Command:       C:\Program Files\nodejs\node.exe C:\Users\mgonzalezv.INDRA\AppData\Roaming\npm\node_modules\firebase-tools\lib\bin\firebase.js emulators:start --debug --only functions,firestore,storage,pubsub,ui
[debug] [2025-11-19T14:37:30.265Z] CLI Version:   14.20.0
[debug] [2025-11-19T14:37:30.266Z] Platform:      win32
[debug] [2025-11-19T14:37:30.266Z] Node Version:  v22.13.1
[debug] [2025-11-19T14:37:30.266Z] Time:          Wed Nov 19 2025 15:37:30 GMT+0100 (hora estándar de Europa central)
[debug] [2025-11-19T14:37:30.266Z] ----------------------------------------------------------------------
[debug] 
[debug] [2025-11-19T14:37:30.509Z] > command requires scopes: ["email","openid","https://www.googleapis.com/auth/cloudplatformprojects.readonly","https://www.googleapis.com/auth/firebase","https://www.googleapis.com/auth/cloud-platform"]
[debug] [2025-11-19T14:37:30.510Z] > authorizing via signed-in user (oficina@tecnoriasl.com)
[debug] [2025-11-19T14:37:31.054Z] openjdk version "17.0.15" 2025-04-15 LTS
OpenJDK Runtime Environment Microsoft-11369865 (build 17.0.15+6-LTS)
OpenJDK 64-Bit Server VM Microsoft-11369865 (build 17.0.15+6-LTS, mixed mode, sharing)

[debug] [2025-11-19T14:37:31.085Z] Parsed Java major version: 17
[warn] !!  emulators: firebase-tools will drop support for Java version < 21 soon in firebase-tools@15. Please install a JDK at version 21 or above to get a compatible runtime. 
[info] i  emulators: Starting emulators: functions, firestore, pubsub, storage {"metadata":{"emulator":{"name":"hub"},"message":"Starting emulators: functions, firestore, pubsub, storage"}}
[warn] !  ui: Not starting the ui emulator, make sure you have run firebase init. {"metadata":{"emulator":{"name":"ui"},"message":"Not starting the \u001b[1mui\u001b[22m emulator, make sure you have run \u001b[1mfirebase init\u001b[22m."}}
[warn] !  pubsub: Port 8085 is not open on 0.0.0.0, could not start Pub/Sub Emulator. {"metadata":{"emulator":{"name":"pubsub"},"message":"Port 8085 is not open on 0.0.0.0, could not start Pub/Sub Emulator."}}
[warn] !  pubsub: To select a different host/port, specify that host/port in a firebase.json config file:
      {
        // ...
        "emulators": {
          "pubsub": {
            "host": "HOST",
            "port": "PORT"
          }
        }
      } {"metadata":{"emulator":{"name":"pubsub"},"message":"To select a different host/port, specify that host/port in a firebase.json config file:\n      {\n        // ...\n        \"emulators\": {\n          \"pubsub\": {\n            \"host\": \"\u001b[33mHOST\u001b[39m\",\n            \"port\": \"\u001b[33mPORT\u001b[39m\"\n          }\n        }\n      }"}}
[debug] [2025-11-19T14:37:31.117Z] [logging] Logging Emulator only supports listening on one address (127.0.0.1). Not listening on ::1
[debug] [2025-11-19T14:37:31.121Z] Could not find VSCode notification endpoint: FetchError: request to http://localhost:40001/vscode/notify failed, reason: . If you are not running the Firebase Data Connect VSCode extension, this is expected and not an issue.
[info] i  emulators: Shutting down emulators. {"metadata":{"emulator":{"name":"hub"},"message":"Shutting down emulators."}}
[debug] [2025-11-19T14:37:31.126Z] Could not find VSCode notification endpoint: FetchError: request to http://localhost:40001/vscode/notify failed, reason: . If you are not running the Firebase Data Connect VSCode extension, this is expected and not an issue.
[error] 
[error] Error: Could not start Pub/Sub Emulator, port taken.
[debug] [2025-11-19T14:39:00.588Z] ----------------------------------------------------------------------
[debug] [2025-11-19T14:39:00.600Z] Command:       C:\Program Files\nodejs\node.exe C:\Users\mgonzalezv.INDRA\AppData\Roaming\npm\node_modules\firebase-tools\lib\bin\firebase.js emulators:start --debug --only functions,firestore,storage,pubsub,ui
[debug] [2025-11-19T14:39:00.601Z] CLI Version:   14.20.0
[debug] [2025-11-19T14:39:00.601Z] Platform:      win32
[debug] [2025-11-19T14:39:00.601Z] Node Version:  v22.13.1
[debug] [2025-11-19T14:39:00.601Z] Time:          Wed Nov 19 2025 15:39:00 GMT+0100 (hora estándar de Europa central)
[debug] [2025-11-19T14:39:00.601Z] ----------------------------------------------------------------------
[debug] 
[debug] [2025-11-19T14:39:00.814Z] > command requires scopes: ["email","openid","https://www.googleapis.com/auth/cloudplatformprojects.readonly","https://www.googleapis.com/auth/firebase","https://www.googleapis.com/auth/cloud-platform"]
[debug] [2025-11-19T14:39:00.815Z] > authorizing via signed-in user (oficina@tecnoriasl.com)
[debug] [2025-11-19T14:39:01.370Z] openjdk version "17.0.15" 2025-04-15 LTS
OpenJDK Runtime Environment Microsoft-11369865 (build 17.0.15+6-LTS)
OpenJDK 64-Bit Server VM Microsoft-11369865 (build 17.0.15+6-LTS, mixed mode, sharing)

[debug] [2025-11-19T14:39:01.399Z] Parsed Java major version: 17
[warn] !!  emulators: firebase-tools will drop support for Java version < 21 soon in firebase-tools@15. Please install a JDK at version 21 or above to get a compatible runtime. 
[info] i  emulators: Starting emulators: functions, firestore, pubsub, storage {"metadata":{"emulator":{"name":"hub"},"message":"Starting emulators: functions, firestore, pubsub, storage"}}
[warn] !  ui: Not starting the ui emulator, make sure you have run firebase init. {"metadata":{"emulator":{"name":"ui"},"message":"Not starting the \u001b[1mui\u001b[22m emulator, make sure you have run \u001b[1mfirebase init\u001b[22m."}}
[debug] [2025-11-19T14:39:01.425Z] [logging] Logging Emulator only supports listening on one address (127.0.0.1). Not listening on ::1
[debug] [2025-11-19T14:39:01.426Z] assigned listening specs for emulators {"user":{"firestore":[{"address":"0.0.0.0","family":"IPv4","port":8080}],"firestore.websocket":[{"address":"0.0.0.0","family":"IPv4","port":9150}],"pubsub":[{"address":"0.0.0.0","family":"IPv4","port":8085}],"storage":[{"address":"0.0.0.0","family":"IPv4","port":9199}],"hub":[{"address":"127.0.0.1","family":"IPv4","port":4400},{"address":"::1","family":"IPv6","port":4400}],"ui":[{"address":"127.0.0.1","family":"IPv4","port":4000},{"address":"::1","family":"IPv6","port":4000}],"logging":[{"address":"127.0.0.1","family":"IPv4","port":4500}]},"metadata":{"message":"assigned listening specs for emulators"}}
[debug] [2025-11-19T14:39:01.433Z] Emulator locator file path: C:\Users\MGONZA~1.IND\AppData\Local\Temp\hub-guia-tv-8fe3c.json
[debug] [2025-11-19T14:39:01.434Z] [hub] writing locator at C:\Users\MGONZA~1.IND\AppData\Local\Temp\hub-guia-tv-8fe3c.json
[debug] [2025-11-19T14:39:01.473Z] [eventarc] Eventarc Emulator only supports listening on one address (127.0.0.1). Not listening on ::1
[debug] [2025-11-19T14:39:01.473Z] [tasks] Cloud Tasks Emulator only supports listening on one address (127.0.0.1). Not listening on ::1
[debug] [2025-11-19T14:39:01.474Z] late-assigned ports for functions and eventarc emulators {"user":{"firestore":[{"address":"0.0.0.0","family":"IPv4","port":8080}],"firestore.websocket":[{"address":"0.0.0.0","family":"IPv4","port":9150}],"pubsub":[{"address":"0.0.0.0","family":"IPv4","port":8085}],"storage":[{"address":"0.0.0.0","family":"IPv4","port":9199}],"hub":[{"address":"127.0.0.1","family":"IPv4","port":4400},{"address":"::1","family":"IPv6","port":4400}],"ui":[{"address":"127.0.0.1","family":"IPv4","port":4000},{"address":"::1","family":"IPv6","port":4000}],"logging":[{"address":"127.0.0.1","family":"IPv4","port":4500}],"functions":[{"address":"0.0.0.0","family":"IPv4","port":5001}],"eventarc":[{"address":"127.0.0.1","family":"IPv4","port":9299}],"tasks":[{"address":"127.0.0.1","family":"IPv4","port":9499}]},"metadata":{"message":"late-assigned ports for functions and eventarc emulators"}}
[warn] !  functions: The following emulators are not running, calls to these services from the Functions emulator will affect production: apphosting, auth, database, hosting, dataconnect {"metadata":{"emulator":{"name":"functions"},"message":"The following emulators are not running, calls to these services from the Functions emulator will affect production: \u001b[1mapphosting, auth, database, hosting, dataconnect\u001b[22m"}}
[debug] [2025-11-19T14:39:01.492Z] defaultcredentials: writing to file C:\Users\mgonzalezv.INDRA\AppData\Roaming\firebase\oficina_tecnoriasl_com_application_default_credentials.json
[debug] [2025-11-19T14:39:01.500Z] Setting GAC to C:\Users\mgonzalezv.INDRA\AppData\Roaming\firebase\oficina_tecnoriasl_com_application_default_credentials.json {"metadata":{"emulator":{"name":"functions"},"message":"Setting GAC to C:\\Users\\mgonzalezv.INDRA\\AppData\\Roaming\\firebase\\oficina_tecnoriasl_com_application_default_credentials.json"}}
[debug] [2025-11-19T14:39:01.505Z] Checked if tokens are valid: true, expires at: 1763564697564
[debug] [2025-11-19T14:39:01.506Z] Checked if tokens are valid: true, expires at: 1763564697564
[debug] [2025-11-19T14:39:01.507Z] >>> [apiv2][query] GET https://firebase.googleapis.com/v1beta1/projects/guia-tv-8fe3c/adminSdkConfig [none]
[debug] [2025-11-19T14:39:02.290Z] <<< [apiv2][status] GET https://firebase.googleapis.com/v1beta1/projects/guia-tv-8fe3c/adminSdkConfig 200
[debug] [2025-11-19T14:39:02.291Z] <<< [apiv2][body] GET https://firebase.googleapis.com/v1beta1/projects/guia-tv-8fe3c/adminSdkConfig {"projectId":"guia-tv-8fe3c","storageBucket":"guia-tv-8fe3c.appspot.com","locationId":"europe-west"}
[warn] !  firestore: Cloud Firestore Emulator does not support multiple databases yet. {"metadata":{"emulator":{"name":"firestore"},"message":"Cloud Firestore Emulator does not support multiple databases yet."}}
[warn] !  firestore: Did not find a Cloud Firestore rules file specified in a firebase.json config file. {"metadata":{"emulator":{"name":"firestore"},"message":"Did not find a Cloud Firestore rules file specified in a firebase.json config file."}}
[warn] !  firestore: The emulator will default to allowing all reads and writes. Learn more about this option: https://firebase.google.com/docs/emulator-suite/install_and_configure#security_rules_configuration. {"metadata":{"emulator":{"name":"firestore"},"message":"The emulator will default to allowing all reads and writes. Learn more about this option: https://firebase.google.com/docs/emulator-suite/install_and_configure#security_rules_configuration."}}
[debug] [2025-11-19T14:39:02.358Z] Ignoring unsupported arg: auto_download {"metadata":{"emulator":{"name":"firestore"},"message":"Ignoring unsupported arg: auto_download"}}
[debug] [2025-11-19T14:39:02.358Z] Ignoring unsupported arg: single_project_mode_error {"metadata":{"emulator":{"name":"firestore"},"message":"Ignoring unsupported arg: single_project_mode_error"}}
[debug] [2025-11-19T14:39:02.359Z] Starting Firestore Emulator with command {"binary":"java","args":["-Dgoogle.cloud_firestore.debug_log_level=FINE","-Duser.language=en","-jar","C:\\Users\\mgonzalezv.INDRA\\.cache\\firebase\\emulators\\cloud-firestore-emulator-v1.19.8.jar","--host","0.0.0.0","--port",8080,"--websocket_port",9150,"--project_id","guia-tv-8fe3c","--single_project_mode",true,"--functions_emulator","127.0.0.1:5001"],"optionalArgs":["port","webchannel_port","host","rules","websocket_port","functions_emulator","seed_from_export","project_id","single_project_mode"],"joinArgs":false,"shell":false,"port":8080} {"metadata":{"emulator":{"name":"firestore"},"message":"Starting Firestore Emulator with command {\"binary\":\"java\",\"args\":[\"-Dgoogle.cloud_firestore.debug_log_level=FINE\",\"-Duser.language=en\",\"-jar\",\"C:\\\\Users\\\\mgonzalezv.INDRA\\\\.cache\\\\firebase\\\\emulators\\\\cloud-firestore-emulator-v1.19.8.jar\",\"--host\",\"0.0.0.0\",\"--port\",8080,\"--websocket_port\",9150,\"--project_id\",\"guia-tv-8fe3c\",\"--single_project_mode\",true,\"--functions_emulator\",\"127.0.0.1:5001\"],\"optionalArgs\":[\"port\",\"webchannel_port\",\"host\",\"rules\",\"websocket_port\",\"functions_emulator\",\"seed_from_export\",\"project_id\",\"single_project_mode\"],\"joinArgs\":false,\"shell\":false,\"port\":8080}"}}
[info] i  firestore: Firestore Emulator logging to firestore-debug.log {"metadata":{"emulator":{"name":"firestore"},"message":"Firestore Emulator logging to \u001b[1mfirestore-debug.log\u001b[22m"}}
[debug] [2025-11-19T14:39:06.923Z] Nov 19, 2025 3:39:06 PM com.google.cloud.datastore.emulator.firestore.websocket.WebSocketServer start
INFO: Started WebSocket server on ws://0.0.0.0:9150
 {"metadata":{"emulator":{"name":"firestore"},"message":"Nov 19, 2025 3:39:06 PM com.google.cloud.datastore.emulator.firestore.websocket.WebSocketServer start\r\nINFO: Started WebSocket server on ws://0.0.0.0:9150\r\n"}}
[debug] [2025-11-19T14:39:08.581Z] API endpoint: http://0.0.0.0:8080
If you are using a library that supports the FIRESTORE_EMULATOR_HOST environment variable, run:

   export FIRESTORE_EMULATOR_HOST= {"metadata":{"emulator":{"name":"firestore"},"message":"API endpoint: http://0.0.0.0:8080\nIf you are using a library that supports the FIRESTORE_EMULATOR_HOST environment variable, run:\r\n\n   export FIRESTORE_EMULATOR_HOST="}}
[debug] [2025-11-19T14:39:08.582Z] 0.0.0.0:8080

If you are running a Firestore in Datastore Mode project, run:

   export DATASTORE_EMULATOR_HOST=0.0.0.0:8080

Note: Support for Datastore Mode is in preview. If you encounter any bugs please file at https://github.com/firebase/firebase-tools/issues.
Dev App Server is now running.

 {"metadata":{"emulator":{"name":"firestore"},"message":"0.0.0.0:8080\n\nIf you are running a Firestore in Datastore Mode project, run:\r\n\n   export DATASTORE_EMULATOR_HOST=0.0.0.0:8080\n\nNote: Support for Datastore Mode is in preview. If you encounter any bugs please file at https://github.com/firebase/firebase-tools/issues.\r\nDev App Server is now running.\n\r\n"}}
[info] +  firestore: Firestore Emulator UI websocket is running on 9150. {"metadata":{"emulator":{"name":"firestore"},"message":"Firestore Emulator UI websocket is running on 9150."}}
[debug] [2025-11-19T14:39:08.782Z] Ignoring unsupported arg: projectId {"metadata":{"emulator":{"name":"pubsub"},"message":"Ignoring unsupported arg: projectId"}}
[debug] [2025-11-19T14:39:08.782Z] Ignoring unsupported arg: auto_download {"metadata":{"emulator":{"name":"pubsub"},"message":"Ignoring unsupported arg: auto_download"}}
[debug] [2025-11-19T14:39:08.783Z] Starting Pub/Sub Emulator with command {"binary":"C:\\Users\\mgonzalezv.INDRA\\.cache\\firebase\\emulators\\pubsub-emulator-0.8.14\\pubsub-emulator\\bin\\cloud-pubsub-emulator","args":["--host=0.0.0.0","--port=8085"],"optionalArgs":["port","host"],"joinArgs":true,"shell":true,"port":8085} {"metadata":{"emulator":{"name":"pubsub"},"message":"Starting Pub/Sub Emulator with command {\"binary\":\"C:\\\\Users\\\\mgonzalezv.INDRA\\\\.cache\\\\firebase\\\\emulators\\\\pubsub-emulator-0.8.14\\\\pubsub-emulator\\\\bin\\\\cloud-pubsub-emulator\",\"args\":[\"--host=0.0.0.0\",\"--port=8085\"],\"optionalArgs\":[\"port\",\"host\"],\"joinArgs\":true,\"shell\":true,\"port\":8085}"}}
[info] i  pubsub: Pub/Sub Emulator logging to pubsub-debug.log {"metadata":{"emulator":{"name":"pubsub"},"message":"Pub/Sub Emulator logging to \u001b[1mpubsub-debug.log\u001b[22m"}}
[debug] [2025-11-19T14:39:09.377Z] 
C:\Users\mgonzalezv.INDRA\Documents\private-workspace\guia-tv\functions>if "Windows_NT" == "Windows_NT" setlocal
 {"metadata":{"emulator":{"name":"pubsub"},"message":"\r\nC:\\Users\\mgonzalezv.INDRA\\Documents\\private-workspace\\guia-tv\\functions>if \"Windows_NT\" == \"Windows_NT\" setlocal\r\n"}}
[debug] [2025-11-19T14:39:09.385Z] 
C:\Users\mgonzalezv.INDRA\Documents\private-workspace\guia-tv\functions>set DIRNAME=C:\Users\mgonzalezv.INDRA\.cache\firebase\emulators\pubsub-emulator-0.8.14\pubsub-emulator\bin\ 
 {"metadata":{"emulator":{"name":"pubsub"},"message":"\r\nC:\\Users\\mgonzalezv.INDRA\\Documents\\private-workspace\\guia-tv\\functions>set DIRNAME=C:\\Users\\mgonzalezv.INDRA\\.cache\\firebase\\emulators\\pubsub-emulator-0.8.14\\pubsub-emulator\\bin\\ \r\n"}}
[debug] [2025-11-19T14:39:09.388Z] 
C:\Users\mgonzalezv.INDRA\Documents\private-workspace\guia-tv\functions>if "C:\Users\mgonzalezv.INDRA\.cache\firebase\emulators\pubsub-emulator-0.8.14\pubsub-emulator\bin\" == "" set DIRNAME=. 
 {"metadata":{"emulator":{"name":"pubsub"},"message":"\r\nC:\\Users\\mgonzalezv.INDRA\\Documents\\private-workspace\\guia-tv\\functions>if \"C:\\Users\\mgonzalezv.INDRA\\.cache\\firebase\\emulators\\pubsub-emulator-0.8.14\\pubsub-emulator\\bin\\\" == \"\" set DIRNAME=. \r\n"}}
[debug] [2025-11-19T14:39:09.392Z] 
C:\Users\mgonzalezv.INDRA\Documents\private-workspace\guia-tv\functions>set APP_BASE_NAME=cloud-pubsub-emulator 
 {"metadata":{"emulator":{"name":"pubsub"},"message":"\r\nC:\\Users\\mgonzalezv.INDRA\\Documents\\private-workspace\\guia-tv\\functions>set APP_BASE_NAME=cloud-pubsub-emulator \r\n"}}
[debug] [2025-11-19T14:39:09.394Z] 
C:\Users\mgonzalezv.INDRA\Documents\private-workspace\guia-tv\functions>set APP_HOME=C:\Users\mgonzalezv.INDRA\.cache\firebase\emulators\pubsub-emulator-0.8.14\pubsub-emulator\bin\.. 
 {"metadata":{"emulator":{"name":"pubsub"},"message":"\r\nC:\\Users\\mgonzalezv.INDRA\\Documents\\private-workspace\\guia-tv\\functions>set APP_HOME=C:\\Users\\mgonzalezv.INDRA\\.cache\\firebase\\emulators\\pubsub-emulator-0.8.14\\pubsub-emulator\\bin\\.. \r\n"}}
[debug] [2025-11-19T14:39:09.401Z] 
C:\Users\mgonzalezv.INDRA\Documents\private-workspace\guia-tv\functions>set DEFAULT_JVM_OPTS= 
 {"metadata":{"emulator":{"name":"pubsub"},"message":"\r\nC:\\Users\\mgonzalezv.INDRA\\Documents\\private-workspace\\guia-tv\\functions>set DEFAULT_JVM_OPTS= \r\n"}}
[debug] [2025-11-19T14:39:09.410Z] 
C:\Users\mgonzalezv.INDRA\Documents\private-workspace\guia-tv\functions>if defined JAVA_HOME goto findJavaFromJavaHome 
 {"metadata":{"emulator":{"name":"pubsub"},"message":"\r\nC:\\Users\\mgonzalezv.INDRA\\Documents\\private-workspace\\guia-tv\\functions>if defined JAVA_HOME goto findJavaFromJavaHome \r\n"}}
[debug] [2025-11-19T14:39:09.415Z] 
C:\Users\mgonzalezv.INDRA\Documents\private-workspace\guia-tv\functions>set JAVA_HOME=C:\Program Files\Microsoft\jdk-17.0.15.6-hotspot 
 {"metadata":{"emulator":{"name":"pubsub"},"message":"\r\nC:\\Users\\mgonzalezv.INDRA\\Documents\\private-workspace\\guia-tv\\functions>set JAVA_HOME=C:\\Program Files\\Microsoft\\jdk-17.0.15.6-hotspot \r\n"}}
[debug] [2025-11-19T14:39:09.417Z] 
C:\Users\mgonzalezv.INDRA\Documents\private-workspace\guia-tv\functions>set JAVA_EXE=C:\Program Files\Microsoft\jdk-17.0.15.6-hotspot/bin/java.exe 
 {"metadata":{"emulator":{"name":"pubsub"},"message":"\r\nC:\\Users\\mgonzalezv.INDRA\\Documents\\private-workspace\\guia-tv\\functions>set JAVA_EXE=C:\\Program Files\\Microsoft\\jdk-17.0.15.6-hotspot/bin/java.exe \r\n"}}
[debug] [2025-11-19T14:39:09.423Z] 
C:\Users\mgonzalezv.INDRA\Documents\private-workspace\guia-tv\functions>if exist "C:\Program Files\Microsoft\jdk-17.0.15.6-hotspot/bin/java.exe" goto init 
 {"metadata":{"emulator":{"name":"pubsub"},"message":"\r\nC:\\Users\\mgonzalezv.INDRA\\Documents\\private-workspace\\guia-tv\\functions>if exist \"C:\\Program Files\\Microsoft\\jdk-17.0.15.6-hotspot/bin/java.exe\" goto init \r\n"}}
[debug] [2025-11-19T14:39:09.431Z] 
C:\Users\mgonzalezv.INDRA\Documents\private-workspace\guia-tv\functions>if not "Windows_NT" == "Windows_NT" goto win9xME_args 
 {"metadata":{"emulator":{"name":"pubsub"},"message":"\r\nC:\\Users\\mgonzalezv.INDRA\\Documents\\private-workspace\\guia-tv\\functions>if not \"Windows_NT\" == \"Windows_NT\" goto win9xME_args \r\n"}}
[debug] [2025-11-19T14:39:09.440Z] 
C:\Users\mgonzalezv.INDRA\Documents\private-workspace\guia-tv\functions>set CMD_LINE_ARGS= 
 {"metadata":{"emulator":{"name":"pubsub"},"message":"\r\nC:\\Users\\mgonzalezv.INDRA\\Documents\\private-workspace\\guia-tv\\functions>set CMD_LINE_ARGS= \r\n"}}
[debug] [2025-11-19T14:39:09.442Z] 
C:\Users\mgonzalezv.INDRA\Documents\private-workspace\guia-tv\functions>set _SKIP=2 
 {"metadata":{"emulator":{"name":"pubsub"},"message":"\r\nC:\\Users\\mgonzalezv.INDRA\\Documents\\private-workspace\\guia-tv\\functions>set _SKIP=2 \r\n"}}
[debug] [2025-11-19T14:39:09.448Z] 
C:\Users\mgonzalezv.INDRA\Documents\private-workspace\guia-tv\functions>if "x--host" == "x" goto execute 
 {"metadata":{"emulator":{"name":"pubsub"},"message":"\r\nC:\\Users\\mgonzalezv.INDRA\\Documents\\private-workspace\\guia-tv\\functions>if \"x--host\" == \"x\" goto execute \r\n"}}
[debug] [2025-11-19T14:39:09.453Z] 
C:\Users\mgonzalezv.INDRA\Documents\private-workspace\guia-tv\functions>set CMD_LINE_ARGS=--host=0.0.0.0 --port=8085 
 {"metadata":{"emulator":{"name":"pubsub"},"message":"\r\nC:\\Users\\mgonzalezv.INDRA\\Documents\\private-workspace\\guia-tv\\functions>set CMD_LINE_ARGS=--host=0.0.0.0 --port=8085 \r\n"}}
[debug] [2025-11-19T14:39:09.465Z] 
C:\Users\mgonzalezv.INDRA\Documents\private-workspace\guia-tv\functions>set CLASSPATH=C:\Users\mgonzalezv.INDRA\.cache\firebase\emulators\pubsub-emulator-0.8.14\pubsub-emulator\bin\..\lib\cloud-pubsub-emulator-0.8.14-all.jar 
 {"metadata":{"emulator":{"name":"pubsub"},"message":"\r\nC:\\Users\\mgonzalezv.INDRA\\Documents\\private-workspace\\guia-tv\\functions>set CLASSPATH=C:\\Users\\mgonzalezv.INDRA\\.cache\\firebase\\emulators\\pubsub-emulator-0.8.14\\pubsub-emulator\\bin\\..\\lib\\cloud-pubsub-emulator-0.8.14-all.jar \r\n"}}
[debug] [2025-11-19T14:39:09.475Z] 
C:\Users\mgonzalezv.INDRA\Documents\private-workspace\guia-tv\functions>"C:\Program Files\Microsoft\jdk-17.0.15.6-hotspot/bin/java.exe"     -jar "C:\Users\mgonzalezv.INDRA\.cache\firebase\emulators\pubsub-emulator-0.8.14\pubsub-emulator\bin\..\lib\cloud-pubsub-emulator-0.8.14-all.jar" --host=0.0.0.0 --port=8085 
 {"metadata":{"emulator":{"name":"pubsub"},"message":"\r\nC:\\Users\\mgonzalezv.INDRA\\Documents\\private-workspace\\guia-tv\\functions>\"C:\\Program Files\\Microsoft\\jdk-17.0.15.6-hotspot/bin/java.exe\"     -jar \"C:\\Users\\mgonzalezv.INDRA\\.cache\\firebase\\emulators\\pubsub-emulator-0.8.14\\pubsub-emulator\\bin\\..\\lib\\cloud-pubsub-emulator-0.8.14-all.jar\" --host=0.0.0.0 --port=8085 \r\n"}}
[debug] [2025-11-19T14:39:14.975Z] Ignoring unsupported arg: port {"metadata":{"emulator":{"name":"storage"},"message":"Ignoring unsupported arg: port"}}
[debug] [2025-11-19T14:39:16.192Z] Temp file directory for storage emulator: C:\Users\MGONZA~1.IND\AppData\Local\Temp/firebase/storage/blobs {"metadata":{"emulator":{"name":"storage"},"message":"Temp file directory for storage emulator: C:\\Users\\MGONZA~1.IND\\AppData\\Local\\Temp/firebase/storage/blobs"}}
[info] i  functions: Watching "C:\Users\mgonzalezv.INDRA\Documents\private-workspace\guia-tv\functions" for Cloud Functions... {"metadata":{"emulator":{"name":"functions"},"message":"Watching \"C:\\Users\\mgonzalezv.INDRA\\Documents\\private-workspace\\guia-tv\\functions\" for Cloud Functions..."}}
[debug] [2025-11-19T14:39:16.258Z] Validating nodejs source
[debug] [2025-11-19T14:39:26.394Z] checkFunctionsSDKVersion was unable to fetch information from NPM Error: spawnSync C:\WINDOWS\system32\cmd.exe ETIMEDOUT
    at Object.spawnSync (node:internal/child_process:1120:20)
    at Object.spawnSync (node:child_process:868:24)
    at Function.spawnSync [as sync] (C:\Users\mgonzalezv.INDRA\AppData\Roaming\npm\node_modules\firebase-tools\node_modules\cross-spawn\index.js:26:23)
    at Object.getLatestSDKVersion (C:\Users\mgonzalezv.INDRA\AppData\Roaming\npm\node_modules\firebase-tools\lib\deploy\functions\runtimes\node\versioning.js:54:25)
    at Object.checkFunctionsSDKVersion (C:\Users\mgonzalezv.INDRA\AppData\Roaming\npm\node_modules\firebase-tools\lib\deploy\functions\runtimes\node\versioning.js:74:32)
    at Delegate.validate (C:\Users\mgonzalezv.INDRA\AppData\Roaming\npm\node_modules\firebase-tools\lib\deploy\functions\runtimes\node\index.js:89:20)
    at FunctionsEmulator.discoverTriggers (C:\Users\mgonzalezv.INDRA\AppData\Roaming\npm\node_modules\firebase-tools\lib\emulator\functionsEmulator.js:320:35)
    at async FunctionsEmulator.loadTriggers (C:\Users\mgonzalezv.INDRA\AppData\Roaming\npm\node_modules\firebase-tools\lib\emulator\functionsEmulator.js:362:34)
    at async FunctionsEmulator.connect (C:\Users\mgonzalezv.INDRA\AppData\Roaming\npm\node_modules\firebase-tools\lib\emulator\functionsEmulator.js:282:13)
    at async Object.startAll (C:\Users\mgonzalezv.INDRA\AppData\Roaming\npm\node_modules\firebase-tools\lib\emulator\controller.js:678:13)
[debug] [2025-11-19T14:39:26.402Z] > [functions] package.json contents: {
  "name": "functions",
  "version": "1.0.0",
  "description": "Cloud Functions for Firebase",
  "scripts": {
    "build": "tsc && tsc-alias",
    "build:watch": "tsc --watch",
    "emulators:start": "npm run build && firebase emulators:start --debug --only functions,firestore,storage,pubsub,ui",
    "emulators:start:no-build": "firebase emulators:start --only functions,firestore,storage,pubsub,ui",
    "dev:emulators": "npm run emulators:start",
    "lint": "eslint src/**/*.ts",
    "lint:fix": "eslint src/**/*.ts --fix",
    "clean": "node -e \"require('fs').rmSync('lib', { recursive: true, force: true })\"",
    "test": "jest"
  },
  "engines": {
    "node": "22"
  },
  "main": "lib/index.js",
  "dependencies": {
    "async-retry": "^1.3.3",
    "axios": "^1.3.4",
    "cheerio": "^1.0.0-rc.12",
    "compression": "^1.7.4",
    "cors": "^2.8.5",
    "date-fns": "^2.29.3",
    "esm": "^3.2.25",
    "express": "^4.18.2",
    "express-rate-limit": "^7.1.5",
    "firebase-admin": "^11.10.0",
    "firebase-functions": "^7.0.0",
    "gunzip": "^1.2.2",
    "gunzip-file": "^0.1.1",
    "p-retry": "^5.1.2",
    "redis": "^5.8.3",
    "retry": "^0.13.1",
    "swagger-jsdoc": "^6.2.8",
    "swagger-ui-express": "^5.0.1",
    "xml2js": "^0.4.23"
  },
  "devDependencies": {
    "@types/compression": "^1.8.1",
    "@types/cors": "^2.8.13",
    "@types/date-fns": "^2.6.0",
    "@types/express": "^4.17.17",
    "@types/node": "^18.15.5",
    "@types/node-fetch": "^2.6.3",
    "@types/swagger-jsdoc": "^6.0.4",
    "@types/swagger-ui-express": "^4.1.8",
    "@types/xml2js": "^0.4.11",
    "concurrently": "^8.2.2",
    "dotenv": "^16.3.1",
    "firebase-functions-test": "^3.0.0",
    "nodemon": "^3.0.2",
    "ts-node": "^10.9.1",
    "tsc-alias": "^1.7.0",
    "tsconfig-paths": "^4.2.0",
    "typescript": "^4.9.5"
  },
  "private": true
}
[debug] [2025-11-19T14:39:26.405Z] Building nodejs source
[debug] [2025-11-19T14:39:26.406Z] Failed to find version of module node: reached end of search path C:\Users\mgonzalezv.INDRA\Documents\private-workspace\guia-tv\functions\node_modules
[info] +  functions: Using node@22 from host. 
[debug] [2025-11-19T14:39:26.418Z] Failed to validate key FIREBASE_PROJECT_ID: Error: Key FIREBASE_PROJECT_ID starts with a reserved prefix (X_GOOGLE_ FIREBASE_ EXT_)
[debug] [2025-11-19T14:39:26.420Z] Failed to validate key FIREBASE_STORAGE_BUCKET: Error: Key FIREBASE_STORAGE_BUCKET starts with a reserved prefix (X_GOOGLE_ FIREBASE_ EXT_)
[error] !!  functions: Failed to load function definition from source: FirebaseError: Failed to load environment variables from .env. {"metadata":{"emulator":{"name":"functions"},"message":"Failed to load function definition from source: FirebaseError: Failed to load environment variables from .env."}}
[debug] [2025-11-19T14:39:26.442Z] Could not find VSCode notification endpoint: FetchError: request to http://localhost:40001/vscode/notify failed, reason: . If you are not running the Firebase Data Connect VSCode extension, this is expected and not an issue.
[info] 
┌─────────────────────────────────────────────────────────────┐
│ ✔  All emulators ready! It is now safe to connect your app. │
│ i  View Emulator UI at http://127.0.0.1:4000/               │
└─────────────────────────────────────────────────────────────┘

┌───────────┬──────────────┬─────────────────────────────────┐
│ Emulator  │ Host:Port    │ View in Emulator UI             │
├───────────┼──────────────┼─────────────────────────────────┤
│ Functions │ 0.0.0.0:5001 │ http://127.0.0.1:4000/functions │
├───────────┼──────────────┼─────────────────────────────────┤
│ Firestore │ 0.0.0.0:8080 │ http://127.0.0.1:4000/firestore │
├───────────┼──────────────┼─────────────────────────────────┤
│ Pub/Sub   │ 0.0.0.0:8085 │ n/a                             │
├───────────┼──────────────┼─────────────────────────────────┤
│ Storage   │ 0.0.0.0:9199 │ http://127.0.0.1:4000/storage   │
└───────────┴──────────────┴─────────────────────────────────┘
  Emulator Hub host: 127.0.0.1 port: 4400
  Other reserved ports: 4500, 9150

Issues? Report them at https://github.com/firebase/firebase-tools/issues and attach the *-debug.log files.
 
[warn] !  emulators: firebase-tools will drop support for Java version < 21 soon in firebase-tools@15. Please install a JDK at version 21 or above to get a compatible runtime. 
[debug] [2025-11-19T14:40:57.395Z] File C:\Users\mgonzalezv.INDRA\Documents\private-workspace\guia-tv\functions\src\config\params.ts changed, reloading triggers {"metadata":{"emulator":{"name":"functions"},"message":"File C:\\Users\\mgonzalezv.INDRA\\Documents\\private-workspace\\guia-tv\\functions\\src\\config\\params.ts changed, reloading triggers"}}
[debug] [2025-11-19T14:40:58.403Z] Validating nodejs source
[debug] [2025-11-19T14:41:08.460Z] checkFunctionsSDKVersion was unable to fetch information from NPM Error: spawnSync C:\WINDOWS\system32\cmd.exe ETIMEDOUT
    at Object.spawnSync (node:internal/child_process:1120:20)
    at Object.spawnSync (node:child_process:868:24)
    at Function.spawnSync [as sync] (C:\Users\mgonzalezv.INDRA\AppData\Roaming\npm\node_modules\firebase-tools\node_modules\cross-spawn\index.js:26:23)
    at Object.getLatestSDKVersion (C:\Users\mgonzalezv.INDRA\AppData\Roaming\npm\node_modules\firebase-tools\lib\deploy\functions\runtimes\node\versioning.js:54:25)
    at Object.checkFunctionsSDKVersion (C:\Users\mgonzalezv.INDRA\AppData\Roaming\npm\node_modules\firebase-tools\lib\deploy\functions\runtimes\node\versioning.js:74:32)
    at Delegate.validate (C:\Users\mgonzalezv.INDRA\AppData\Roaming\npm\node_modules\firebase-tools\lib\deploy\functions\runtimes\node\index.js:89:20)
    at FunctionsEmulator.discoverTriggers (C:\Users\mgonzalezv.INDRA\AppData\Roaming\npm\node_modules\firebase-tools\lib\emulator\functionsEmulator.js:320:35)
    at async FunctionsEmulator.loadTriggers (C:\Users\mgonzalezv.INDRA\AppData\Roaming\npm\node_modules\firebase-tools\lib\emulator\functionsEmulator.js:362:34)
[debug] [2025-11-19T14:41:08.472Z] > [functions] package.json contents: {
  "name": "functions",
  "version": "1.0.0",
  "description": "Cloud Functions for Firebase",
  "scripts": {
    "build": "tsc && tsc-alias",
    "build:watch": "tsc --watch",
    "emulators:start": "npm run build && firebase emulators:start --debug --only functions,firestore,storage,pubsub,ui",
    "emulators:start:no-build": "firebase emulators:start --only functions,firestore,storage,pubsub,ui",
    "dev:emulators": "npm run emulators:start",
    "lint": "eslint src/**/*.ts",
    "lint:fix": "eslint src/**/*.ts --fix",
    "clean": "node -e \"require('fs').rmSync('lib', { recursive: true, force: true })\"",
    "test": "jest"
  },
  "engines": {
    "node": "22"
  },
  "main": "lib/index.js",
  "dependencies": {
    "async-retry": "^1.3.3",
    "axios": "^1.3.4",
    "cheerio": "^1.0.0-rc.12",
    "compression": "^1.7.4",
    "cors": "^2.8.5",
    "date-fns": "^2.29.3",
    "esm": "^3.2.25",
    "express": "^4.18.2",
    "express-rate-limit": "^7.1.5",
    "firebase-admin": "^11.10.0",
    "firebase-functions": "^7.0.0",
    "gunzip": "^1.2.2",
    "gunzip-file": "^0.1.1",
    "p-retry": "^5.1.2",
    "redis": "^5.8.3",
    "retry": "^0.13.1",
    "swagger-jsdoc": "^6.2.8",
    "swagger-ui-express": "^5.0.1",
    "xml2js": "^0.4.23"
  },
  "devDependencies": {
    "@types/compression": "^1.8.1",
    "@types/cors": "^2.8.13",
    "@types/date-fns": "^2.6.0",
    "@types/express": "^4.17.17",
    "@types/node": "^18.15.5",
    "@types/node-fetch": "^2.6.3",
    "@types/swagger-jsdoc": "^6.0.4",
    "@types/swagger-ui-express": "^4.1.8",
    "@types/xml2js": "^0.4.11",
    "concurrently": "^8.2.2",
    "dotenv": "^16.3.1",
    "firebase-functions-test": "^3.0.0",
    "nodemon": "^3.0.2",
    "ts-node": "^10.9.1",
    "tsc-alias": "^1.7.0",
    "tsconfig-paths": "^4.2.0",
    "typescript": "^4.9.5"
  },
  "private": true
}
[debug] [2025-11-19T14:41:08.476Z] Building nodejs source
[debug] [2025-11-19T14:41:08.478Z] Failed to find version of module node: reached end of search path C:\Users\mgonzalezv.INDRA\Documents\private-workspace\guia-tv\functions\node_modules
[info] +  functions: Using node@22 from host. 
[debug] [2025-11-19T14:41:08.487Z] Failed to validate key FIREBASE_PROJECT_ID: Error: Key FIREBASE_PROJECT_ID starts with a reserved prefix (X_GOOGLE_ FIREBASE_ EXT_)
[debug] [2025-11-19T14:41:08.488Z] Failed to validate key FIREBASE_STORAGE_BUCKET: Error: Key FIREBASE_STORAGE_BUCKET starts with a reserved prefix (X_GOOGLE_ FIREBASE_ EXT_)
[error] !!  functions: Failed to load function definition from source: FirebaseError: Failed to load environment variables from .env. {"metadata":{"emulator":{"name":"functions"},"message":"Failed to load function definition from source: FirebaseError: Failed to load environment variables from .env."}}
[debug] [2025-11-19T14:41:08.500Z] File C:\Users\mgonzalezv.INDRA\Documents\private-workspace\guia-tv\functions\src\v2\config\firebase.config.ts changed, reloading triggers {"metadata":{"emulator":{"name":"functions"},"message":"File C:\\Users\\mgonzalezv.INDRA\\Documents\\private-workspace\\guia-tv\\functions\\src\\v2\\config\\firebase.config.ts changed, reloading triggers"}}
[debug] [2025-11-19T14:41:09.121Z] File C:\Users\mgonzalezv.INDRA\Documents\private-workspace\guia-tv\functions\src\config\params.ts changed, reloading triggers {"metadata":{"emulator":{"name":"functions"},"message":"File C:\\Users\\mgonzalezv.INDRA\\Documents\\private-workspace\\guia-tv\\functions\\src\\config\\params.ts changed, reloading triggers"}}
[debug] [2025-11-19T14:41:10.128Z] Validating nodejs source
[debug] [2025-11-19T14:41:20.170Z] checkFunctionsSDKVersion was unable to fetch information from NPM Error: spawnSync C:\WINDOWS\system32\cmd.exe ETIMEDOUT
    at Object.spawnSync (node:internal/child_process:1120:20)
    at Object.spawnSync (node:child_process:868:24)
    at Function.spawnSync [as sync] (C:\Users\mgonzalezv.INDRA\AppData\Roaming\npm\node_modules\firebase-tools\node_modules\cross-spawn\index.js:26:23)
    at Object.getLatestSDKVersion (C:\Users\mgonzalezv.INDRA\AppData\Roaming\npm\node_modules\firebase-tools\lib\deploy\functions\runtimes\node\versioning.js:54:25)
    at Object.checkFunctionsSDKVersion (C:\Users\mgonzalezv.INDRA\AppData\Roaming\npm\node_modules\firebase-tools\lib\deploy\functions\runtimes\node\versioning.js:74:32)
    at Delegate.validate (C:\Users\mgonzalezv.INDRA\AppData\Roaming\npm\node_modules\firebase-tools\lib\deploy\functions\runtimes\node\index.js:89:20)
    at FunctionsEmulator.discoverTriggers (C:\Users\mgonzalezv.INDRA\AppData\Roaming\npm\node_modules\firebase-tools\lib\emulator\functionsEmulator.js:320:35)
    at async FunctionsEmulator.loadTriggers (C:\Users\mgonzalezv.INDRA\AppData\Roaming\npm\node_modules\firebase-tools\lib\emulator\functionsEmulator.js:362:34)
[debug] [2025-11-19T14:41:20.173Z] > [functions] package.json contents: {
  "name": "functions",
  "version": "1.0.0",
  "description": "Cloud Functions for Firebase",
  "scripts": {
    "build": "tsc && tsc-alias",
    "build:watch": "tsc --watch",
    "emulators:start": "npm run build && firebase emulators:start --debug --only functions,firestore,storage,pubsub,ui",
    "emulators:start:no-build": "firebase emulators:start --only functions,firestore,storage,pubsub,ui",
    "dev:emulators": "npm run emulators:start",
    "lint": "eslint src/**/*.ts",
    "lint:fix": "eslint src/**/*.ts --fix",
    "clean": "node -e \"require('fs').rmSync('lib', { recursive: true, force: true })\"",
    "test": "jest"
  },
  "engines": {
    "node": "22"
  },
  "main": "lib/index.js",
  "dependencies": {
    "async-retry": "^1.3.3",
    "axios": "^1.3.4",
    "cheerio": "^1.0.0-rc.12",
    "compression": "^1.7.4",
    "cors": "^2.8.5",
    "date-fns": "^2.29.3",
    "esm": "^3.2.25",
    "express": "^4.18.2",
    "express-rate-limit": "^7.1.5",
    "firebase-admin": "^11.10.0",
    "firebase-functions": "^7.0.0",
    "gunzip": "^1.2.2",
    "gunzip-file": "^0.1.1",
    "p-retry": "^5.1.2",
    "redis": "^5.8.3",
    "retry": "^0.13.1",
    "swagger-jsdoc": "^6.2.8",
    "swagger-ui-express": "^5.0.1",
    "xml2js": "^0.4.23"
  },
  "devDependencies": {
    "@types/compression": "^1.8.1",
    "@types/cors": "^2.8.13",
    "@types/date-fns": "^2.6.0",
    "@types/express": "^4.17.17",
    "@types/node": "^18.15.5",
    "@types/node-fetch": "^2.6.3",
    "@types/swagger-jsdoc": "^6.0.4",
    "@types/swagger-ui-express": "^4.1.8",
    "@types/xml2js": "^0.4.11",
    "concurrently": "^8.2.2",
    "dotenv": "^16.3.1",
    "firebase-functions-test": "^3.0.0",
    "nodemon": "^3.0.2",
    "ts-node": "^10.9.1",
    "tsc-alias": "^1.7.0",
    "tsconfig-paths": "^4.2.0",
    "typescript": "^4.9.5"
  },
  "private": true
}
[debug] [2025-11-19T14:41:20.174Z] Building nodejs source
[debug] [2025-11-19T14:41:20.175Z] Failed to find version of module node: reached end of search path C:\Users\mgonzalezv.INDRA\Documents\private-workspace\guia-tv\functions\node_modules
[info] +  functions: Using node@22 from host. 
[debug] [2025-11-19T14:41:20.178Z] Failed to validate key FIREBASE_PROJECT_ID: Error: Key FIREBASE_PROJECT_ID starts with a reserved prefix (X_GOOGLE_ FIREBASE_ EXT_)
[debug] [2025-11-19T14:41:20.179Z] Failed to validate key FIREBASE_STORAGE_BUCKET: Error: Key FIREBASE_STORAGE_BUCKET starts with a reserved prefix (X_GOOGLE_ FIREBASE_ EXT_)
[error] !!  functions: Failed to load function definition from source: FirebaseError: Failed to load environment variables from .env. {"metadata":{"emulator":{"name":"functions"},"message":"Failed to load function definition from source: FirebaseError: Failed to load environment variables from .env."}}
[debug] [2025-11-19T14:41:52.260Z] Received signal SIGINT (Ctrl-C) 1
[info]  
[info] i  emulators: Received SIGINT (Ctrl-C) for the first time. Starting a clean shutdown. 
[info] i  emulators: Please wait for a clean shutdown or send the SIGINT (Ctrl-C) signal again to stop right now. 
[info] i  emulators: Shutting down emulators. {"metadata":{"emulator":{"name":"hub"},"message":"Shutting down emulators."}}
[info] i  ui: Stopping Emulator UI {"metadata":{"emulator":{"name":"ui"},"message":"Stopping Emulator UI"}}
[info] i  functions: Stopping Functions Emulator {"metadata":{"emulator":{"name":"functions"},"message":"Stopping Functions Emulator"}}
[info] i  firestore: Stopping Firestore Emulator {"metadata":{"emulator":{"name":"firestore"},"message":"Stopping Firestore Emulator"}}
[warn] !  Firestore Emulator has exited upon receiving signal: SIGKILL 
[info] i  pubsub: Stopping Pub/Sub Emulator {"metadata":{"emulator":{"name":"pubsub"},"message":"Stopping Pub/Sub Emulator"}}
[warn] !  Pub/Sub Emulator has exited upon receiving signal: SIGKILL 
[info] i  storage: Stopping Storage Emulator {"metadata":{"emulator":{"name":"storage"},"message":"Stopping Storage Emulator"}}
[debug] [2025-11-19T14:41:52.344Z] Stopping rules runtime. {"metadata":{"emulator":{"name":"storage"},"message":"Stopping rules runtime."}}
[info] i  eventarc: Stopping Eventarc Emulator {"metadata":{"emulator":{"name":"eventarc"},"message":"Stopping Eventarc Emulator"}}
[info] i  tasks: Stopping Cloud Tasks Emulator {"metadata":{"emulator":{"name":"tasks"},"message":"Stopping Cloud Tasks Emulator"}}
[info] i  hub: Stopping emulator hub {"metadata":{"emulator":{"name":"hub"},"message":"Stopping emulator hub"}}
[debug] [2025-11-19T14:41:52.366Z] Emulator locator file path: C:\Users\MGONZA~1.IND\AppData\Local\Temp\hub-guia-tv-8fe3c.json
[info] i  logging: Stopping Logging Emulator {"metadata":{"emulator":{"name":"logging"},"message":"Stopping Logging Emulator"}}
[debug] [2025-11-19T14:41:52.397Z] Could not find VSCode notification endpoint: FetchError: request to http://localhost:40001/vscode/notify failed, reason: . If you are not running the Firebase Data Connect VSCode extension, this is expected and not an issue.
[debug] [2025-11-19T14:43:13.819Z] ----------------------------------------------------------------------
[debug] [2025-11-19T14:43:13.831Z] Command:       C:\Program Files\nodejs\node.exe C:\Users\mgonzalezv.INDRA\AppData\Roaming\npm\node_modules\firebase-tools\lib\bin\firebase.js emulators:start --debug --only functions,firestore,storage,pubsub,ui
[debug] [2025-11-19T14:43:13.831Z] CLI Version:   14.20.0
[debug] [2025-11-19T14:43:13.831Z] Platform:      win32
[debug] [2025-11-19T14:43:13.831Z] Node Version:  v22.13.1
[debug] [2025-11-19T14:43:13.832Z] Time:          Wed Nov 19 2025 15:43:13 GMT+0100 (hora estándar de Europa central)
[debug] [2025-11-19T14:43:13.832Z] ----------------------------------------------------------------------
[debug] 
[debug] [2025-11-19T14:43:14.125Z] > command requires scopes: ["email","openid","https://www.googleapis.com/auth/cloudplatformprojects.readonly","https://www.googleapis.com/auth/firebase","https://www.googleapis.com/auth/cloud-platform"]
[debug] [2025-11-19T14:43:14.126Z] > authorizing via signed-in user (oficina@tecnoriasl.com)
[debug] [2025-11-19T14:43:14.707Z] openjdk version "17.0.15" 2025-04-15 LTS
OpenJDK Runtime Environment Microsoft-11369865 (build 17.0.15+6-LTS)
OpenJDK 64-Bit Server VM Microsoft-11369865 (build 17.0.15+6-LTS, mixed mode, sharing)

[debug] [2025-11-19T14:43:14.733Z] Parsed Java major version: 17
[warn] !!  emulators: firebase-tools will drop support for Java version < 21 soon in firebase-tools@15. Please install a JDK at version 21 or above to get a compatible runtime. 
[info] i  emulators: Starting emulators: functions, firestore, pubsub, storage {"metadata":{"emulator":{"name":"hub"},"message":"Starting emulators: functions, firestore, pubsub, storage"}}
[warn] !  ui: Not starting the ui emulator, make sure you have run firebase init. {"metadata":{"emulator":{"name":"ui"},"message":"Not starting the \u001b[1mui\u001b[22m emulator, make sure you have run \u001b[1mfirebase init\u001b[22m."}}
[debug] [2025-11-19T14:43:14.769Z] [logging] Logging Emulator only supports listening on one address (127.0.0.1). Not listening on ::1
[debug] [2025-11-19T14:43:14.770Z] assigned listening specs for emulators {"user":{"firestore":[{"address":"0.0.0.0","family":"IPv4","port":8080}],"firestore.websocket":[{"address":"0.0.0.0","family":"IPv4","port":9150}],"pubsub":[{"address":"0.0.0.0","family":"IPv4","port":8085}],"storage":[{"address":"0.0.0.0","family":"IPv4","port":9199}],"hub":[{"address":"127.0.0.1","family":"IPv4","port":4400},{"address":"::1","family":"IPv6","port":4400}],"ui":[{"address":"127.0.0.1","family":"IPv4","port":4000},{"address":"::1","family":"IPv6","port":4000}],"logging":[{"address":"127.0.0.1","family":"IPv4","port":4500}]},"metadata":{"message":"assigned listening specs for emulators"}}
[debug] [2025-11-19T14:43:14.776Z] Emulator locator file path: C:\Users\MGONZA~1.IND\AppData\Local\Temp\hub-guia-tv-8fe3c.json
[debug] [2025-11-19T14:43:14.777Z] [hub] writing locator at C:\Users\MGONZA~1.IND\AppData\Local\Temp\hub-guia-tv-8fe3c.json
[debug] [2025-11-19T14:43:14.823Z] [eventarc] Eventarc Emulator only supports listening on one address (127.0.0.1). Not listening on ::1
[debug] [2025-11-19T14:43:14.824Z] [tasks] Cloud Tasks Emulator only supports listening on one address (127.0.0.1). Not listening on ::1
[debug] [2025-11-19T14:43:14.824Z] late-assigned ports for functions and eventarc emulators {"user":{"firestore":[{"address":"0.0.0.0","family":"IPv4","port":8080}],"firestore.websocket":[{"address":"0.0.0.0","family":"IPv4","port":9150}],"pubsub":[{"address":"0.0.0.0","family":"IPv4","port":8085}],"storage":[{"address":"0.0.0.0","family":"IPv4","port":9199}],"hub":[{"address":"127.0.0.1","family":"IPv4","port":4400},{"address":"::1","family":"IPv6","port":4400}],"ui":[{"address":"127.0.0.1","family":"IPv4","port":4000},{"address":"::1","family":"IPv6","port":4000}],"logging":[{"address":"127.0.0.1","family":"IPv4","port":4500}],"functions":[{"address":"0.0.0.0","family":"IPv4","port":5001}],"eventarc":[{"address":"127.0.0.1","family":"IPv4","port":9299}],"tasks":[{"address":"127.0.0.1","family":"IPv4","port":9499}]},"metadata":{"message":"late-assigned ports for functions and eventarc emulators"}}
[warn] !  functions: The following emulators are not running, calls to these services from the Functions emulator will affect production: apphosting, auth, database, hosting, dataconnect {"metadata":{"emulator":{"name":"functions"},"message":"The following emulators are not running, calls to these services from the Functions emulator will affect production: \u001b[1mapphosting, auth, database, hosting, dataconnect\u001b[22m"}}
[debug] [2025-11-19T14:43:14.845Z] defaultcredentials: writing to file C:\Users\mgonzalezv.INDRA\AppData\Roaming\firebase\oficina_tecnoriasl_com_application_default_credentials.json
[debug] [2025-11-19T14:43:14.856Z] Setting GAC to C:\Users\mgonzalezv.INDRA\AppData\Roaming\firebase\oficina_tecnoriasl_com_application_default_credentials.json {"metadata":{"emulator":{"name":"functions"},"message":"Setting GAC to C:\\Users\\mgonzalezv.INDRA\\AppData\\Roaming\\firebase\\oficina_tecnoriasl_com_application_default_credentials.json"}}
[debug] [2025-11-19T14:43:14.859Z] Checked if tokens are valid: true, expires at: 1763564697564
[debug] [2025-11-19T14:43:14.860Z] Checked if tokens are valid: true, expires at: 1763564697564
[debug] [2025-11-19T14:43:14.861Z] >>> [apiv2][query] GET https://firebase.googleapis.com/v1beta1/projects/guia-tv-8fe3c/adminSdkConfig [none]
[debug] [2025-11-19T14:43:15.939Z] <<< [apiv2][status] GET https://firebase.googleapis.com/v1beta1/projects/guia-tv-8fe3c/adminSdkConfig 200
[debug] [2025-11-19T14:43:15.940Z] <<< [apiv2][body] GET https://firebase.googleapis.com/v1beta1/projects/guia-tv-8fe3c/adminSdkConfig {"projectId":"guia-tv-8fe3c","storageBucket":"guia-tv-8fe3c.appspot.com","locationId":"europe-west"}
[warn] !  firestore: Cloud Firestore Emulator does not support multiple databases yet. {"metadata":{"emulator":{"name":"firestore"},"message":"Cloud Firestore Emulator does not support multiple databases yet."}}
[warn] !  firestore: Did not find a Cloud Firestore rules file specified in a firebase.json config file. {"metadata":{"emulator":{"name":"firestore"},"message":"Did not find a Cloud Firestore rules file specified in a firebase.json config file."}}
[warn] !  firestore: The emulator will default to allowing all reads and writes. Learn more about this option: https://firebase.google.com/docs/emulator-suite/install_and_configure#security_rules_configuration. {"metadata":{"emulator":{"name":"firestore"},"message":"The emulator will default to allowing all reads and writes. Learn more about this option: https://firebase.google.com/docs/emulator-suite/install_and_configure#security_rules_configuration."}}
[debug] [2025-11-19T14:43:16.007Z] Ignoring unsupported arg: auto_download {"metadata":{"emulator":{"name":"firestore"},"message":"Ignoring unsupported arg: auto_download"}}
[debug] [2025-11-19T14:43:16.008Z] Ignoring unsupported arg: single_project_mode_error {"metadata":{"emulator":{"name":"firestore"},"message":"Ignoring unsupported arg: single_project_mode_error"}}
[debug] [2025-11-19T14:43:16.008Z] Starting Firestore Emulator with command {"binary":"java","args":["-Dgoogle.cloud_firestore.debug_log_level=FINE","-Duser.language=en","-jar","C:\\Users\\mgonzalezv.INDRA\\.cache\\firebase\\emulators\\cloud-firestore-emulator-v1.19.8.jar","--host","0.0.0.0","--port",8080,"--websocket_port",9150,"--project_id","guia-tv-8fe3c","--single_project_mode",true,"--functions_emulator","127.0.0.1:5001"],"optionalArgs":["port","webchannel_port","host","rules","websocket_port","functions_emulator","seed_from_export","project_id","single_project_mode"],"joinArgs":false,"shell":false,"port":8080} {"metadata":{"emulator":{"name":"firestore"},"message":"Starting Firestore Emulator with command {\"binary\":\"java\",\"args\":[\"-Dgoogle.cloud_firestore.debug_log_level=FINE\",\"-Duser.language=en\",\"-jar\",\"C:\\\\Users\\\\mgonzalezv.INDRA\\\\.cache\\\\firebase\\\\emulators\\\\cloud-firestore-emulator-v1.19.8.jar\",\"--host\",\"0.0.0.0\",\"--port\",8080,\"--websocket_port\",9150,\"--project_id\",\"guia-tv-8fe3c\",\"--single_project_mode\",true,\"--functions_emulator\",\"127.0.0.1:5001\"],\"optionalArgs\":[\"port\",\"webchannel_port\",\"host\",\"rules\",\"websocket_port\",\"functions_emulator\",\"seed_from_export\",\"project_id\",\"single_project_mode\"],\"joinArgs\":false,\"shell\":false,\"port\":8080}"}}
[info] i  firestore: Firestore Emulator logging to firestore-debug.log {"metadata":{"emulator":{"name":"firestore"},"message":"Firestore Emulator logging to \u001b[1mfirestore-debug.log\u001b[22m"}}
[debug] [2025-11-19T14:43:21.041Z] Nov 19, 2025 3:43:21 PM com.google.cloud.datastore.emulator.firestore.websocket.WebSocketServer start
INFO: Started WebSocket server on ws://0.0.0.0:9150
 {"metadata":{"emulator":{"name":"firestore"},"message":"Nov 19, 2025 3:43:21 PM com.google.cloud.datastore.emulator.firestore.websocket.WebSocketServer start\r\nINFO: Started WebSocket server on ws://0.0.0.0:9150\r\n"}}
[debug] [2025-11-19T14:43:22.741Z] API endpoint: http://0.0.0.0:8080
 {"metadata":{"emulator":{"name":"firestore"},"message":"API endpoint: http://0.0.0.0:8080\n"}}
[debug] [2025-11-19T14:43:22.742Z] If you are using a library that supports the FIRESTORE_EMULATOR_HOST environment variable, run:

   export FIRESTORE_EMULATOR_HOST=0.0.0.0:8080

If you are running a Firestore in Datastore Mode project, run:

   export DATASTORE_EMULATOR_HOST=0.0.0.0:8080

Note: Support for Datastore Mode is in preview. If you encounter any bugs please file at https://github.com/firebase/firebase-tools/issues.
Dev App Server is now running.

 {"metadata":{"emulator":{"name":"firestore"},"message":"If you are using a library that supports the FIRESTORE_EMULATOR_HOST environment variable, run:\r\n\n   export FIRESTORE_EMULATOR_HOST=0.0.0.0:8080\n\nIf you are running a Firestore in Datastore Mode project, run:\r\n\n   export DATASTORE_EMULATOR_HOST=0.0.0.0:8080\n\nNote: Support for Datastore Mode is in preview. If you encounter any bugs please file at https://github.com/firebase/firebase-tools/issues.\r\nDev App Server is now running.\n\r\n"}}
[info] +  firestore: Firestore Emulator UI websocket is running on 9150. {"metadata":{"emulator":{"name":"firestore"},"message":"Firestore Emulator UI websocket is running on 9150."}}
[debug] [2025-11-19T14:43:22.922Z] Ignoring unsupported arg: projectId {"metadata":{"emulator":{"name":"pubsub"},"message":"Ignoring unsupported arg: projectId"}}
[debug] [2025-11-19T14:43:22.923Z] Ignoring unsupported arg: auto_download {"metadata":{"emulator":{"name":"pubsub"},"message":"Ignoring unsupported arg: auto_download"}}
[debug] [2025-11-19T14:43:22.923Z] Starting Pub/Sub Emulator with command {"binary":"C:\\Users\\mgonzalezv.INDRA\\.cache\\firebase\\emulators\\pubsub-emulator-0.8.14\\pubsub-emulator\\bin\\cloud-pubsub-emulator","args":["--host=0.0.0.0","--port=8085"],"optionalArgs":["port","host"],"joinArgs":true,"shell":true,"port":8085} {"metadata":{"emulator":{"name":"pubsub"},"message":"Starting Pub/Sub Emulator with command {\"binary\":\"C:\\\\Users\\\\mgonzalezv.INDRA\\\\.cache\\\\firebase\\\\emulators\\\\pubsub-emulator-0.8.14\\\\pubsub-emulator\\\\bin\\\\cloud-pubsub-emulator\",\"args\":[\"--host=0.0.0.0\",\"--port=8085\"],\"optionalArgs\":[\"port\",\"host\"],\"joinArgs\":true,\"shell\":true,\"port\":8085}"}}
[info] i  pubsub: Pub/Sub Emulator logging to pubsub-debug.log {"metadata":{"emulator":{"name":"pubsub"},"message":"Pub/Sub Emulator logging to \u001b[1mpubsub-debug.log\u001b[22m"}}
[debug] [2025-11-19T14:43:23.457Z] 
C:\Users\mgonzalezv.INDRA\Documents\private-workspace\guia-tv\functions>if "Windows_NT" == "Windows_NT" setlocal
 {"metadata":{"emulator":{"name":"pubsub"},"message":"\r\nC:\\Users\\mgonzalezv.INDRA\\Documents\\private-workspace\\guia-tv\\functions>if \"Windows_NT\" == \"Windows_NT\" setlocal\r\n"}}
[debug] [2025-11-19T14:43:23.463Z] 
C:\Users\mgonzalezv.INDRA\Documents\private-workspace\guia-tv\functions>set DIRNAME=C:\Users\mgonzalezv.INDRA\.cache\firebase\emulators\pubsub-emulator-0.8.14\pubsub-emulator\bin\ 
 {"metadata":{"emulator":{"name":"pubsub"},"message":"\r\nC:\\Users\\mgonzalezv.INDRA\\Documents\\private-workspace\\guia-tv\\functions>set DIRNAME=C:\\Users\\mgonzalezv.INDRA\\.cache\\firebase\\emulators\\pubsub-emulator-0.8.14\\pubsub-emulator\\bin\\ \r\n"}}
[debug] [2025-11-19T14:43:23.466Z] 
C:\Users\mgonzalezv.INDRA\Documents\private-workspace\guia-tv\functions>if "C:\Users\mgonzalezv.INDRA\.cache\firebase\emulators\pubsub-emulator-0.8.14\pubsub-emulator\bin\" == "" set DIRNAME=. 
 {"metadata":{"emulator":{"name":"pubsub"},"message":"\r\nC:\\Users\\mgonzalezv.INDRA\\Documents\\private-workspace\\guia-tv\\functions>if \"C:\\Users\\mgonzalezv.INDRA\\.cache\\firebase\\emulators\\pubsub-emulator-0.8.14\\pubsub-emulator\\bin\\\" == \"\" set DIRNAME=. \r\n"}}
[debug] [2025-11-19T14:43:23.471Z] 
C:\Users\mgonzalezv.INDRA\Documents\private-workspace\guia-tv\functions>set APP_BASE_NAME=cloud-pubsub-emulator 
 {"metadata":{"emulator":{"name":"pubsub"},"message":"\r\nC:\\Users\\mgonzalezv.INDRA\\Documents\\private-workspace\\guia-tv\\functions>set APP_BASE_NAME=cloud-pubsub-emulator \r\n"}}
[debug] [2025-11-19T14:43:23.474Z] 
C:\Users\mgonzalezv.INDRA\Documents\private-workspace\guia-tv\functions>set APP_HOME=C:\Users\mgonzalezv.INDRA\.cache\firebase\emulators\pubsub-emulator-0.8.14\pubsub-emulator\bin\.. 
 {"metadata":{"emulator":{"name":"pubsub"},"message":"\r\nC:\\Users\\mgonzalezv.INDRA\\Documents\\private-workspace\\guia-tv\\functions>set APP_HOME=C:\\Users\\mgonzalezv.INDRA\\.cache\\firebase\\emulators\\pubsub-emulator-0.8.14\\pubsub-emulator\\bin\\.. \r\n"}}
[debug] [2025-11-19T14:43:23.485Z] 
C:\Users\mgonzalezv.INDRA\Documents\private-workspace\guia-tv\functions>set DEFAULT_JVM_OPTS= 
 {"metadata":{"emulator":{"name":"pubsub"},"message":"\r\nC:\\Users\\mgonzalezv.INDRA\\Documents\\private-workspace\\guia-tv\\functions>set DEFAULT_JVM_OPTS= \r\n"}}
[debug] [2025-11-19T14:43:23.492Z] 
C:\Users\mgonzalezv.INDRA\Documents\private-workspace\guia-tv\functions>if defined JAVA_HOME goto findJavaFromJavaHome 
 {"metadata":{"emulator":{"name":"pubsub"},"message":"\r\nC:\\Users\\mgonzalezv.INDRA\\Documents\\private-workspace\\guia-tv\\functions>if defined JAVA_HOME goto findJavaFromJavaHome \r\n"}}
[debug] [2025-11-19T14:43:23.503Z] 
C:\Users\mgonzalezv.INDRA\Documents\private-workspace\guia-tv\functions>set JAVA_HOME=C:\Program Files\Microsoft\jdk-17.0.15.6-hotspot 
 {"metadata":{"emulator":{"name":"pubsub"},"message":"\r\nC:\\Users\\mgonzalezv.INDRA\\Documents\\private-workspace\\guia-tv\\functions>set JAVA_HOME=C:\\Program Files\\Microsoft\\jdk-17.0.15.6-hotspot \r\n"}}
[debug] [2025-11-19T14:43:23.507Z] 
C:\Users\mgonzalezv.INDRA\Documents\private-workspace\guia-tv\functions>set JAVA_EXE=C:\Program Files\Microsoft\jdk-17.0.15.6-hotspot/bin/java.exe 
 {"metadata":{"emulator":{"name":"pubsub"},"message":"\r\nC:\\Users\\mgonzalezv.INDRA\\Documents\\private-workspace\\guia-tv\\functions>set JAVA_EXE=C:\\Program Files\\Microsoft\\jdk-17.0.15.6-hotspot/bin/java.exe \r\n"}}
[debug] [2025-11-19T14:43:23.515Z] 
C:\Users\mgonzalezv.INDRA\Documents\private-workspace\guia-tv\functions>if exist "C:\Program Files\Microsoft\jdk-17.0.15.6-hotspot/bin/java.exe" goto init 
 {"metadata":{"emulator":{"name":"pubsub"},"message":"\r\nC:\\Users\\mgonzalezv.INDRA\\Documents\\private-workspace\\guia-tv\\functions>if exist \"C:\\Program Files\\Microsoft\\jdk-17.0.15.6-hotspot/bin/java.exe\" goto init \r\n"}}
[debug] [2025-11-19T14:43:23.530Z] 
C:\Users\mgonzalezv.INDRA\Documents\private-workspace\guia-tv\functions>if not "Windows_NT" == "Windows_NT" goto win9xME_args 
 {"metadata":{"emulator":{"name":"pubsub"},"message":"\r\nC:\\Users\\mgonzalezv.INDRA\\Documents\\private-workspace\\guia-tv\\functions>if not \"Windows_NT\" == \"Windows_NT\" goto win9xME_args \r\n"}}
[debug] [2025-11-19T14:43:23.542Z] 
C:\Users\mgonzalezv.INDRA\Documents\private-workspace\guia-tv\functions>set CMD_LINE_ARGS= 
 {"metadata":{"emulator":{"name":"pubsub"},"message":"\r\nC:\\Users\\mgonzalezv.INDRA\\Documents\\private-workspace\\guia-tv\\functions>set CMD_LINE_ARGS= \r\n"}}
[debug] [2025-11-19T14:43:23.546Z] 
C:\Users\mgonzalezv.INDRA\Documents\private-workspace\guia-tv\functions>set _SKIP=2 
 {"metadata":{"emulator":{"name":"pubsub"},"message":"\r\nC:\\Users\\mgonzalezv.INDRA\\Documents\\private-workspace\\guia-tv\\functions>set _SKIP=2 \r\n"}}
[debug] [2025-11-19T14:43:23.554Z] 
C:\Users\mgonzalezv.INDRA\Documents\private-workspace\guia-tv\functions>if "x--host" == "x" goto execute 
 {"metadata":{"emulator":{"name":"pubsub"},"message":"\r\nC:\\Users\\mgonzalezv.INDRA\\Documents\\private-workspace\\guia-tv\\functions>if \"x--host\" == \"x\" goto execute \r\n"}}
[debug] [2025-11-19T14:43:23.558Z] 
C:\Users\mgonzalezv.INDRA\Documents\private-workspace\guia-tv\functions>set CMD_LINE_ARGS=--host=0.0.0.0 --port=8085 
 {"metadata":{"emulator":{"name":"pubsub"},"message":"\r\nC:\\Users\\mgonzalezv.INDRA\\Documents\\private-workspace\\guia-tv\\functions>set CMD_LINE_ARGS=--host=0.0.0.0 --port=8085 \r\n"}}
[debug] [2025-11-19T14:43:23.574Z] 
C:\Users\mgonzalezv.INDRA\Documents\private-workspace\guia-tv\functions>set CLASSPATH=C:\Users\mgonzalezv.INDRA\.cache\firebase\emulators\pubsub-emulator-0.8.14\pubsub-emulator\bin\..\lib\cloud-pubsub-emulator-0.8.14-all.jar 
 {"metadata":{"emulator":{"name":"pubsub"},"message":"\r\nC:\\Users\\mgonzalezv.INDRA\\Documents\\private-workspace\\guia-tv\\functions>set CLASSPATH=C:\\Users\\mgonzalezv.INDRA\\.cache\\firebase\\emulators\\pubsub-emulator-0.8.14\\pubsub-emulator\\bin\\..\\lib\\cloud-pubsub-emulator-0.8.14-all.jar \r\n"}}
[debug] [2025-11-19T14:43:23.590Z] 
C:\Users\mgonzalezv.INDRA\Documents\private-workspace\guia-tv\functions>"C:\Program Files\Microsoft\jdk-17.0.15.6-hotspot/bin/java.exe"     -jar "C:\Users\mgonzalezv.INDRA\.cache\firebase\emulators\pubsub-emulator-0.8.14\pubsub-emulator\bin\..\lib\cloud-pubsub-emulator-0.8.14-all.jar" --host=0.0.0.0 --port=8085 
 {"metadata":{"emulator":{"name":"pubsub"},"message":"\r\nC:\\Users\\mgonzalezv.INDRA\\Documents\\private-workspace\\guia-tv\\functions>\"C:\\Program Files\\Microsoft\\jdk-17.0.15.6-hotspot/bin/java.exe\"     -jar \"C:\\Users\\mgonzalezv.INDRA\\.cache\\firebase\\emulators\\pubsub-emulator-0.8.14\\pubsub-emulator\\bin\\..\\lib\\cloud-pubsub-emulator-0.8.14-all.jar\" --host=0.0.0.0 --port=8085 \r\n"}}
[debug] [2025-11-19T14:43:31.591Z] Ignoring unsupported arg: port {"metadata":{"emulator":{"name":"storage"},"message":"Ignoring unsupported arg: port"}}
[debug] [2025-11-19T14:43:32.872Z] Temp file directory for storage emulator: C:\Users\MGONZA~1.IND\AppData\Local\Temp/firebase/storage/blobs {"metadata":{"emulator":{"name":"storage"},"message":"Temp file directory for storage emulator: C:\\Users\\MGONZA~1.IND\\AppData\\Local\\Temp/firebase/storage/blobs"}}
[info] i  functions: Watching "C:\Users\mgonzalezv.INDRA\Documents\private-workspace\guia-tv\functions" for Cloud Functions... {"metadata":{"emulator":{"name":"functions"},"message":"Watching \"C:\\Users\\mgonzalezv.INDRA\\Documents\\private-workspace\\guia-tv\\functions\" for Cloud Functions..."}}
[debug] [2025-11-19T14:43:32.930Z] Validating nodejs source
[debug] [2025-11-19T14:43:42.983Z] checkFunctionsSDKVersion was unable to fetch information from NPM Error: spawnSync C:\WINDOWS\system32\cmd.exe ETIMEDOUT
    at Object.spawnSync (node:internal/child_process:1120:20)
    at Object.spawnSync (node:child_process:868:24)
    at Function.spawnSync [as sync] (C:\Users\mgonzalezv.INDRA\AppData\Roaming\npm\node_modules\firebase-tools\node_modules\cross-spawn\index.js:26:23)
    at Object.getLatestSDKVersion (C:\Users\mgonzalezv.INDRA\AppData\Roaming\npm\node_modules\firebase-tools\lib\deploy\functions\runtimes\node\versioning.js:54:25)
    at Object.checkFunctionsSDKVersion (C:\Users\mgonzalezv.INDRA\AppData\Roaming\npm\node_modules\firebase-tools\lib\deploy\functions\runtimes\node\versioning.js:74:32)
    at Delegate.validate (C:\Users\mgonzalezv.INDRA\AppData\Roaming\npm\node_modules\firebase-tools\lib\deploy\functions\runtimes\node\index.js:89:20)
    at FunctionsEmulator.discoverTriggers (C:\Users\mgonzalezv.INDRA\AppData\Roaming\npm\node_modules\firebase-tools\lib\emulator\functionsEmulator.js:320:35)
    at async FunctionsEmulator.loadTriggers (C:\Users\mgonzalezv.INDRA\AppData\Roaming\npm\node_modules\firebase-tools\lib\emulator\functionsEmulator.js:362:34)
    at async FunctionsEmulator.connect (C:\Users\mgonzalezv.INDRA\AppData\Roaming\npm\node_modules\firebase-tools\lib\emulator\functionsEmulator.js:282:13)
    at async Object.startAll (C:\Users\mgonzalezv.INDRA\AppData\Roaming\npm\node_modules\firebase-tools\lib\emulator\controller.js:678:13)
[debug] [2025-11-19T14:43:42.987Z] > [functions] package.json contents: {
  "name": "functions",
  "version": "1.0.0",
  "description": "Cloud Functions for Firebase",
  "scripts": {
    "build": "tsc && tsc-alias",
    "build:watch": "tsc --watch",
    "emulators:start": "npm run build && firebase emulators:start --debug --only functions,firestore,storage,pubsub,ui",
    "emulators:start:no-build": "firebase emulators:start --only functions,firestore,storage,pubsub,ui",
    "dev:emulators": "npm run emulators:start",
    "lint": "eslint src/**/*.ts",
    "lint:fix": "eslint src/**/*.ts --fix",
    "clean": "node -e \"require('fs').rmSync('lib', { recursive: true, force: true })\"",
    "test": "jest"
  },
  "engines": {
    "node": "22"
  },
  "main": "lib/index.js",
  "dependencies": {
    "async-retry": "^1.3.3",
    "axios": "^1.3.4",
    "cheerio": "^1.0.0-rc.12",
    "compression": "^1.7.4",
    "cors": "^2.8.5",
    "date-fns": "^2.29.3",
    "esm": "^3.2.25",
    "express": "^4.18.2",
    "express-rate-limit": "^7.1.5",
    "firebase-admin": "^11.10.0",
    "firebase-functions": "^7.0.0",
    "gunzip": "^1.2.2",
    "gunzip-file": "^0.1.1",
    "p-retry": "^5.1.2",
    "redis": "^5.8.3",
    "retry": "^0.13.1",
    "swagger-jsdoc": "^6.2.8",
    "swagger-ui-express": "^5.0.1",
    "xml2js": "^0.4.23"
  },
  "devDependencies": {
    "@types/compression": "^1.8.1",
    "@types/cors": "^2.8.13",
    "@types/date-fns": "^2.6.0",
    "@types/express": "^4.17.17",
    "@types/node": "^18.15.5",
    "@types/node-fetch": "^2.6.3",
    "@types/swagger-jsdoc": "^6.0.4",
    "@types/swagger-ui-express": "^4.1.8",
    "@types/xml2js": "^0.4.11",
    "concurrently": "^8.2.2",
    "dotenv": "^16.3.1",
    "firebase-functions-test": "^3.0.0",
    "nodemon": "^3.0.2",
    "ts-node": "^10.9.1",
    "tsc-alias": "^1.7.0",
    "tsconfig-paths": "^4.2.0",
    "typescript": "^4.9.5"
  },
  "private": true
}
[debug] [2025-11-19T14:43:42.989Z] Building nodejs source
[debug] [2025-11-19T14:43:42.990Z] Failed to find version of module node: reached end of search path C:\Users\mgonzalezv.INDRA\Documents\private-workspace\guia-tv\functions\node_modules
[info] +  functions: Using node@22 from host. 
[info] i  functions: Loaded environment variables from .env. 
[debug] [2025-11-19T14:43:43.004Z] Could not find functions.yaml. Must use http discovery
[debug] [2025-11-19T14:43:43.033Z] Found firebase-functions binary at 'C:\Users\mgonzalezv.INDRA\Documents\private-workspace\guia-tv\functions\node_modules\.bin\firebase-functions'
[info] Serving at port 8358

[debug] [2025-11-19T14:43:52.201Z] Got response from /__/functions.yaml {"endpoints":{"v1":{"availableMemoryMb":2048,"timeoutSeconds":540,"minInstances":null,"maxInstances":null,"ingressSettings":null,"concurrency":null,"serviceAccountEmail":null,"vpc":null,"platform":"gcfv2","labels":{},"httpsTrigger":{},"entryPoint":"v1"},"v2":{"availableMemoryMb":512,"timeoutSeconds":60,"minInstances":0,"maxInstances":10,"ingressSettings":null,"concurrency":null,"serviceAccountEmail":null,"vpc":null,"platform":"gcfv2","labels":{},"httpsTrigger":{},"entryPoint":"v2"},"ssr":{"availableMemoryMb":1024,"timeoutSeconds":540,"minInstances":null,"maxInstances":null,"ingressSettings":null,"concurrency":null,"serviceAccountEmail":null,"vpc":null,"platform":"gcfv2","labels":{},"httpsTrigger":{},"entryPoint":"ssr"},"actualizarProgramacion":{"availableMemoryMb":2048,"timeoutSeconds":540,"minInstances":null,"maxInstances":null,"ingressSettings":null,"concurrency":null,"serviceAccountEmail":null,"vpc":null,"platform":"gcfv2","labels":{},"scheduleTrigger":{"schedule":"0 0 */5 * *","retryConfig":{},"timeZone":"Europe/Madrid"},"entryPoint":"actualizarProgramacion"},"syncEPGDataScheduled":{"availableMemoryMb":1024,"timeoutSeconds":540,"minInstances":null,"maxInstances":null,"ingressSettings":null,"concurrency":null,"serviceAccountEmail":null,"vpc":null,"platform":"gcfv2","labels":{},"scheduleTrigger":{"schedule":"0 */6 * * *","retryConfig":{},"timeZone":"Europe/Madrid"},"entryPoint":"syncEPGDataScheduled"},"precomputeSchedulesScheduled":{"availableMemoryMb":512,"timeoutSeconds":300,"minInstances":null,"maxInstances":null,"ingressSettings":null,"concurrency":null,"serviceAccountEmail":null,"vpc":null,"platform":"gcfv2","labels":{},"scheduleTrigger":{"schedule":"15 */6 * * *","retryConfig":{},"timeZone":"Europe/Madrid"},"entryPoint":"precomputeSchedulesScheduled"},"cleanOldProgramsScheduled":{"availableMemoryMb":256,"timeoutSeconds":300,"minInstances":null,"maxInstances":null,"ingressSettings":null,"concurrency":null,"serviceAccountEmail":null,"vpc":null,"platform":"gcfv2","labels":{},"scheduleTrigger":{"schedule":"0 3 * * *","retryConfig":{},"timeZone":"Europe/Madrid"},"entryPoint":"cleanOldProgramsScheduled"}},"specVersion":"v1alpha1","requiredAPIs":[{"api":"cloudscheduler.googleapis.com","reason":"Needed for scheduled functions."}],"extensions":{}}
[info] +  functions: Loaded functions definitions from source: v1, v2, ssr, actualizarProgramacion, syncEPGDataScheduled, precomputeSchedulesScheduled, cleanOldProgramsScheduled. {"metadata":{"emulator":{"name":"functions"},"message":"Loaded functions definitions from source: v1, v2, ssr, actualizarProgramacion, syncEPGDataScheduled, precomputeSchedulesScheduled, cleanOldProgramsScheduled."}}
[info] +  functions[us-central1-v1]: http function initialized (http://127.0.0.1:5001/guia-tv-8fe3c/us-central1/v1). {"metadata":{"emulator":{"name":"functions"},"message":"\u001b[1mhttp\u001b[22m function initialized (http://127.0.0.1:5001/guia-tv-8fe3c/us-central1/v1)."}}
[info] +  functions[us-central1-v2]: http function initialized (http://127.0.0.1:5001/guia-tv-8fe3c/us-central1/v2). {"metadata":{"emulator":{"name":"functions"},"message":"\u001b[1mhttp\u001b[22m function initialized (http://127.0.0.1:5001/guia-tv-8fe3c/us-central1/v2)."}}
[info] +  functions[us-central1-ssr]: http function initialized (http://127.0.0.1:5001/guia-tv-8fe3c/us-central1/ssr). {"metadata":{"emulator":{"name":"functions"},"message":"\u001b[1mhttp\u001b[22m function initialized (http://127.0.0.1:5001/guia-tv-8fe3c/us-central1/ssr)."}}
[debug] [2025-11-19T14:43:56.248Z] addPubsubTrigger {"eventTrigger":{"eventType":"pubsub","resource":""}}
[debug] [2025-11-19T14:43:56.248Z] [pubsub] addTrigger(firebase-schedule-actualizarProgramacion, us-central1-actualizarProgramacion-0, http)
[debug] [2025-11-19T14:43:56.249Z] [pubsub] Creating topic: firebase-schedule-actualizarProgramacion
[debug] [2025-11-19T14:43:56.548Z] [pubsub] Creating sub for topic: firebase-schedule-actualizarProgramacion
[info] +  functions[us-central1-actualizarProgramacion]: pubsub function initialized. {"metadata":{"emulator":{"name":"functions"},"message":"\u001b[1mpubsub\u001b[22m function initialized."}}
[debug] [2025-11-19T14:43:56.587Z] addPubsubTrigger {"eventTrigger":{"eventType":"pubsub","resource":""}}
[debug] [2025-11-19T14:43:56.587Z] [pubsub] addTrigger(firebase-schedule-syncEPGDataScheduled, us-central1-syncEPGDataScheduled-0, http)
[debug] [2025-11-19T14:43:56.587Z] [pubsub] Creating topic: firebase-schedule-syncEPGDataScheduled
[debug] [2025-11-19T14:43:56.610Z] [pubsub] Creating sub for topic: firebase-schedule-syncEPGDataScheduled
[info] +  functions[us-central1-syncEPGDataScheduled]: pubsub function initialized. {"metadata":{"emulator":{"name":"functions"},"message":"\u001b[1mpubsub\u001b[22m function initialized."}}
[debug] [2025-11-19T14:43:56.620Z] addPubsubTrigger {"eventTrigger":{"eventType":"pubsub","resource":""}}
[debug] [2025-11-19T14:43:56.620Z] [pubsub] addTrigger(firebase-schedule-precomputeSchedulesScheduled, us-central1-precomputeSchedulesScheduled-0, http)
[debug] [2025-11-19T14:43:56.620Z] [pubsub] Creating topic: firebase-schedule-precomputeSchedulesScheduled
[debug] [2025-11-19T14:43:56.636Z] [pubsub] Creating sub for topic: firebase-schedule-precomputeSchedulesScheduled
[info] +  functions[us-central1-precomputeSchedulesScheduled]: pubsub function initialized. {"metadata":{"emulator":{"name":"functions"},"message":"\u001b[1mpubsub\u001b[22m function initialized."}}
[debug] [2025-11-19T14:43:56.644Z] addPubsubTrigger {"eventTrigger":{"eventType":"pubsub","resource":""}}
[debug] [2025-11-19T14:43:56.645Z] [pubsub] addTrigger(firebase-schedule-cleanOldProgramsScheduled, us-central1-cleanOldProgramsScheduled-0, http)
[debug] [2025-11-19T14:43:56.645Z] [pubsub] Creating topic: firebase-schedule-cleanOldProgramsScheduled
[debug] [2025-11-19T14:43:56.653Z] [pubsub] Creating sub for topic: firebase-schedule-cleanOldProgramsScheduled
[info] +  functions[us-central1-cleanOldProgramsScheduled]: pubsub function initialized. {"metadata":{"emulator":{"name":"functions"},"message":"\u001b[1mpubsub\u001b[22m function initialized."}}
[debug] [2025-11-19T14:43:56.674Z] Could not find VSCode notification endpoint: FetchError: request to http://localhost:40001/vscode/notify failed, reason: . If you are not running the Firebase Data Connect VSCode extension, this is expected and not an issue.
[info] 
┌─────────────────────────────────────────────────────────────┐
│ ✔  All emulators ready! It is now safe to connect your app. │
│ i  View Emulator UI at http://127.0.0.1:4000/               │
└─────────────────────────────────────────────────────────────┘

┌───────────┬──────────────┬─────────────────────────────────┐
│ Emulator  │ Host:Port    │ View in Emulator UI             │
├───────────┼──────────────┼─────────────────────────────────┤
│ Functions │ 0.0.0.0:5001 │ http://127.0.0.1:4000/functions │
├───────────┼──────────────┼─────────────────────────────────┤
│ Firestore │ 0.0.0.0:8080 │ http://127.0.0.1:4000/firestore │
├───────────┼──────────────┼─────────────────────────────────┤
│ Pub/Sub   │ 0.0.0.0:8085 │ n/a                             │
├───────────┼──────────────┼─────────────────────────────────┤
│ Storage   │ 0.0.0.0:9199 │ http://127.0.0.1:4000/storage   │
└───────────┴──────────────┴─────────────────────────────────┘
  Emulator Hub host: 127.0.0.1 port: 4400
  Other reserved ports: 4500, 9150

Issues? Report them at https://github.com/firebase/firebase-tools/issues and attach the *-debug.log files.
 
[warn] !  emulators: firebase-tools will drop support for Java version < 21 soon in firebase-tools@15. Please install a JDK at version 21 or above to get a compatible runtime. 
[debug] [2025-11-19T14:48:33.545Z] [work-queue] {"queuedWork":["/guia-tv-8fe3c/us-central1/v2-2025-11-19T14:48:33.545Z"],"queueLength":1,"runningWork":[],"workRunningCount":0}
[debug] [2025-11-19T14:48:33.546Z] [work-queue] {"queuedWork":[],"queueLength":0,"runningWork":["/guia-tv-8fe3c/us-central1/v2-2025-11-19T14:48:33.545Z"],"workRunningCount":1}
[debug] [2025-11-19T14:48:33.546Z] Accepted request GET /guia-tv-8fe3c/us-central1/v2 --> us-central1-v2
[debug] [2025-11-19T14:48:33.553Z] [functions] Runtime ready! Sending request! {"metadata":{"emulator":{"name":"functions"},"message":"[functions] Runtime ready! Sending request!"}}
[debug] [2025-11-19T14:48:33.554Z] [functions] Got req.url=/guia-tv-8fe3c/us-central1/v2, mapping to path=/ {"metadata":{"emulator":{"name":"functions"},"message":"[functions] Got req.url=/guia-tv-8fe3c/us-central1/v2, mapping to path=/"}}
[info] i  functions: Loaded environment variables from .env. 
[debug] [2025-11-19T14:48:33.640Z] [worker-pool] addWorker(us-central1-v2) {"metadata":{"emulator":{"name":"functions"},"message":"[worker-pool] addWorker(us-central1-v2)"}}
[debug] [2025-11-19T14:48:33.641Z] [worker-pool] Adding worker with key us-central1-v2, total=1 {"metadata":{"emulator":{"name":"functions"},"message":"[worker-pool] Adding worker with key us-central1-v2, total=1"}}
[debug] [2025-11-19T14:48:34.117Z] [work-queue] {"queuedWork":["/guia-tv-8fe3c/us-central1/v2-2025-11-19T14:48:34.117Z"],"queueLength":1,"runningWork":["/guia-tv-8fe3c/us-central1/v2-2025-11-19T14:48:33.545Z"],"workRunningCount":1}
[debug] [2025-11-19T14:48:34.118Z] [work-queue] {"queuedWork":[],"queueLength":0,"runningWork":["/guia-tv-8fe3c/us-central1/v2-2025-11-19T14:48:33.545Z","/guia-tv-8fe3c/us-central1/v2-2025-11-19T14:48:34.117Z"],"workRunningCount":2}
[debug] [2025-11-19T14:48:34.118Z] Accepted request GET /guia-tv-8fe3c/us-central1/v2 --> us-central1-v2
[debug] [2025-11-19T14:48:34.122Z] [functions] Runtime ready! Sending request! {"metadata":{"emulator":{"name":"functions"},"message":"[functions] Runtime ready! Sending request!"}}
[debug] [2025-11-19T14:48:34.123Z] [functions] Got req.url=/guia-tv-8fe3c/us-central1/v2, mapping to path=/ {"metadata":{"emulator":{"name":"functions"},"message":"[functions] Got req.url=/guia-tv-8fe3c/us-central1/v2, mapping to path=/"}}
[info] i  functions: Loaded environment variables from .env. 
[debug] [2025-11-19T14:48:34.214Z] [worker-pool] addWorker(us-central1-v2) {"metadata":{"emulator":{"name":"functions"},"message":"[worker-pool] addWorker(us-central1-v2)"}}
[debug] [2025-11-19T14:48:34.215Z] [worker-pool] Adding worker with key us-central1-v2, total=2 {"metadata":{"emulator":{"name":"functions"},"message":"[worker-pool] Adding worker with key us-central1-v2, total=2"}}
[info] >  (node:24032) [DEP0040] DeprecationWarning: The `punycode` module is deprecated. Please use a userland alternative instead. {"user":"(node:24032) [DEP0040] DeprecationWarning: The `punycode` module is deprecated. Please use a userland alternative instead.","metadata":{"emulator":{"name":"functions"},"function":{"name":"us-central1-v2"},"extension":{},"message":"\u001b[90m> \u001b[39m (node:24032) [DEP0040] DeprecationWarning: The `punycode` module is deprecated. Please use a userland alternative instead."}}
[info] >  (Use `node --trace-deprecation ...` to show where the warning was created) {"user":"(Use `node --trace-deprecation ...` to show where the warning was created)","metadata":{"emulator":{"name":"functions"},"function":{"name":"us-central1-v2"},"extension":{},"message":"\u001b[90m> \u001b[39m (Use `node --trace-deprecation ...` to show where the warning was created)"}}
[info] >  (node:23472) [DEP0040] DeprecationWarning: The `punycode` module is deprecated. Please use a userland alternative instead. {"user":"(node:23472) [DEP0040] DeprecationWarning: The `punycode` module is deprecated. Please use a userland alternative instead.","metadata":{"emulator":{"name":"functions"},"function":{"name":"us-central1-v2"},"extension":{},"message":"\u001b[90m> \u001b[39m (node:23472) [DEP0040] DeprecationWarning: The `punycode` module is deprecated. Please use a userland alternative instead."}}
[info] >  (Use `node --trace-deprecation ...` to show where the warning was created) {"user":"(Use `node --trace-deprecation ...` to show where the warning was created)","metadata":{"emulator":{"name":"functions"},"function":{"name":"us-central1-v2"},"extension":{},"message":"\u001b[90m> \u001b[39m (Use `node --trace-deprecation ...` to show where the warning was created)"}}
[debug] [2025-11-19T14:48:58.831Z] [runtime-status] [23472] Resolved module firebase-admin {"declared":true,"installed":true,"version":"11.11.1","resolution":"C:\\Users\\mgonzalezv.INDRA\\Documents\\private-workspace\\guia-tv\\functions\\node_modules\\firebase-admin\\lib\\index.js"} {"metadata":{"emulator":{"name":"functions"},"function":{"name":"us-central1-v2"},"extension":{},"message":"[runtime-status] [23472] Resolved module firebase-admin {\"declared\":true,\"installed\":true,\"version\":\"11.11.1\",\"resolution\":\"C:\\\\Users\\\\mgonzalezv.INDRA\\\\Documents\\\\private-workspace\\\\guia-tv\\\\functions\\\\node_modules\\\\firebase-admin\\\\lib\\\\index.js\"}"}}
[debug] [2025-11-19T14:48:58.834Z] [runtime-status] [24032] Resolved module firebase-admin {"declared":true,"installed":true,"version":"11.11.1","resolution":"C:\\Users\\mgonzalezv.INDRA\\Documents\\private-workspace\\guia-tv\\functions\\node_modules\\firebase-admin\\lib\\index.js"} {"metadata":{"emulator":{"name":"functions"},"function":{"name":"us-central1-v2"},"extension":{},"message":"[runtime-status] [24032] Resolved module firebase-admin {\"declared\":true,\"installed\":true,\"version\":\"11.11.1\",\"resolution\":\"C:\\\\Users\\\\mgonzalezv.INDRA\\\\Documents\\\\private-workspace\\\\guia-tv\\\\functions\\\\node_modules\\\\firebase-admin\\\\lib\\\\index.js\"}"}}
[debug] [2025-11-19T14:48:58.869Z] [runtime-status] [23472] Resolved module firebase-functions {"declared":true,"installed":true,"version":"7.0.0","resolution":"C:\\Users\\mgonzalezv.INDRA\\Documents\\private-workspace\\guia-tv\\functions\\node_modules\\firebase-functions\\lib\\v2\\index.js"} {"metadata":{"emulator":{"name":"functions"},"function":{"name":"us-central1-v2"},"extension":{},"message":"[runtime-status] [23472] Resolved module firebase-functions {\"declared\":true,\"installed\":true,\"version\":\"7.0.0\",\"resolution\":\"C:\\\\Users\\\\mgonzalezv.INDRA\\\\Documents\\\\private-workspace\\\\guia-tv\\\\functions\\\\node_modules\\\\firebase-functions\\\\lib\\\\v2\\\\index.js\"}"}}
[debug] [2025-11-19T14:48:58.873Z] [runtime-status] [24032] Resolved module firebase-functions {"declared":true,"installed":true,"version":"7.0.0","resolution":"C:\\Users\\mgonzalezv.INDRA\\Documents\\private-workspace\\guia-tv\\functions\\node_modules\\firebase-functions\\lib\\v2\\index.js"} {"metadata":{"emulator":{"name":"functions"},"function":{"name":"us-central1-v2"},"extension":{},"message":"[runtime-status] [24032] Resolved module firebase-functions {\"declared\":true,\"installed\":true,\"version\":\"7.0.0\",\"resolution\":\"C:\\\\Users\\\\mgonzalezv.INDRA\\\\Documents\\\\private-workspace\\\\guia-tv\\\\functions\\\\node_modules\\\\firebase-functions\\\\lib\\\\v2\\\\index.js\"}"}}
[debug] [2025-11-19T14:48:58.896Z] [runtime-status] [23472] Outgoing network have been stubbed. [{"name":"http","status":"mocked"},{"name":"http","status":"mocked"},{"name":"https","status":"mocked"},{"name":"https","status":"mocked"},{"name":"net","status":"mocked"}] {"metadata":{"emulator":{"name":"functions"},"function":{"name":"us-central1-v2"},"extension":{},"message":"[runtime-status] [23472] Outgoing network have been stubbed. [{\"name\":\"http\",\"status\":\"mocked\"},{\"name\":\"http\",\"status\":\"mocked\"},{\"name\":\"https\",\"status\":\"mocked\"},{\"name\":\"https\",\"status\":\"mocked\"},{\"name\":\"net\",\"status\":\"mocked\"}]"}}
[debug] [2025-11-19T14:48:58.921Z] [runtime-status] [24032] Outgoing network have been stubbed. [{"name":"http","status":"mocked"},{"name":"http","status":"mocked"},{"name":"https","status":"mocked"},{"name":"https","status":"mocked"},{"name":"net","status":"mocked"}] {"metadata":{"emulator":{"name":"functions"},"function":{"name":"us-central1-v2"},"extension":{},"message":"[runtime-status] [24032] Outgoing network have been stubbed. [{\"name\":\"http\",\"status\":\"mocked\"},{\"name\":\"http\",\"status\":\"mocked\"},{\"name\":\"https\",\"status\":\"mocked\"},{\"name\":\"https\",\"status\":\"mocked\"},{\"name\":\"net\",\"status\":\"mocked\"}]"}}
[debug] [2025-11-19T14:48:58.956Z] [runtime-status] [24032] Resolved module firebase-functions {"declared":true,"installed":true,"version":"7.0.0","resolution":"C:\\Users\\mgonzalezv.INDRA\\Documents\\private-workspace\\guia-tv\\functions\\node_modules\\firebase-functions\\lib\\v2\\index.js"} {"metadata":{"emulator":{"name":"functions"},"function":{"name":"us-central1-v2"},"extension":{},"message":"[runtime-status] [24032] Resolved module firebase-functions {\"declared\":true,\"installed\":true,\"version\":\"7.0.0\",\"resolution\":\"C:\\\\Users\\\\mgonzalezv.INDRA\\\\Documents\\\\private-workspace\\\\guia-tv\\\\functions\\\\node_modules\\\\firebase-functions\\\\lib\\\\v2\\\\index.js\"}"}}
[debug] [2025-11-19T14:48:58.968Z] [runtime-status] [23472] Resolved module firebase-functions {"declared":true,"installed":true,"version":"7.0.0","resolution":"C:\\Users\\mgonzalezv.INDRA\\Documents\\private-workspace\\guia-tv\\functions\\node_modules\\firebase-functions\\lib\\v2\\index.js"} {"metadata":{"emulator":{"name":"functions"},"function":{"name":"us-central1-v2"},"extension":{},"message":"[runtime-status] [23472] Resolved module firebase-functions {\"declared\":true,\"installed\":true,\"version\":\"7.0.0\",\"resolution\":\"C:\\\\Users\\\\mgonzalezv.INDRA\\\\Documents\\\\private-workspace\\\\guia-tv\\\\functions\\\\node_modules\\\\firebase-functions\\\\lib\\\\v2\\\\index.js\"}"}}
[error] !!  functions: Failed to handle request for function us-central1-v2 {"metadata":{"emulator":{"name":"functions"},"message":"Failed to handle request for function us-central1-v2"}}
[error] !!  functions: Failed to start functions in C:\Users\mgonzalezv.INDRA\Documents\private-workspace\guia-tv\functions: FirebaseError: Failed to load function. {"metadata":{"emulator":{"name":"functions"},"message":"Failed to start functions in C:\\Users\\mgonzalezv.INDRA\\Documents\\private-workspace\\guia-tv\\functions: FirebaseError: Failed to load function."}}
[debug] [2025-11-19T14:49:03.665Z] [work-queue] {"queuedWork":[],"queueLength":0,"runningWork":["/guia-tv-8fe3c/us-central1/v2-2025-11-19T14:48:34.117Z"],"workRunningCount":1}
[error] !!  functions: Failed to handle request for function us-central1-v2 {"metadata":{"emulator":{"name":"functions"},"message":"Failed to handle request for function us-central1-v2"}}
[error] !!  functions: Failed to start functions in C:\Users\mgonzalezv.INDRA\Documents\private-workspace\guia-tv\functions: FirebaseError: Failed to load function. {"metadata":{"emulator":{"name":"functions"},"message":"Failed to start functions in C:\\Users\\mgonzalezv.INDRA\\Documents\\private-workspace\\guia-tv\\functions: FirebaseError: Failed to load function."}}
[debug] [2025-11-19T14:49:04.305Z] [work-queue] {"queuedWork":[],"queueLength":0,"runningWork":[],"workRunningCount":0}
[warn] !  functions: functions.config() has been removed in firebase-functions v7. Migrate to environment parameters using the params module. Migration guide: https://firebase.google.com/docs/functions/config-env#migrate-config {"metadata":{"emulator":{"name":"functions"},"function":{"name":"us-central1-v2"},"extension":{},"message":"functions.config() has been removed in firebase-functions v7. Migrate to environment parameters using the params module. Migration guide: https://firebase.google.com/docs/functions/config-env#migrate-config"}}
[warn] !  Your function was killed because it raised an unhandled error. {"metadata":{"emulator":{"name":"functions"},"function":{"name":"us-central1-v2"},"extension":{},"message":"Your function was killed because it raised an unhandled error."}}
[warn] !  functions: functions.config() has been removed in firebase-functions v7. Migrate to environment parameters using the params module. Migration guide: https://firebase.google.com/docs/functions/config-env#migrate-config {"metadata":{"emulator":{"name":"functions"},"function":{"name":"us-central1-v2"},"extension":{},"message":"functions.config() has been removed in firebase-functions v7. Migrate to environment parameters using the params module. Migration guide: https://firebase.google.com/docs/functions/config-env#migrate-config"}}
[warn] !  Your function was killed because it raised an unhandled error. {"metadata":{"emulator":{"name":"functions"},"function":{"name":"us-central1-v2"},"extension":{},"message":"Your function was killed because it raised an unhandled error."}}
[debug] [2025-11-19T14:49:04.849Z] [worker-us-central1-v2-5322701b-15f8-47c9-a6db-cd3bbb9a3241]: exited {"metadata":{"emulator":{"name":"functions"},"function":{"name":"us-central1-v2"},"extension":{},"message":"[worker-us-central1-v2-5322701b-15f8-47c9-a6db-cd3bbb9a3241]: exited"}}
[debug] [2025-11-19T14:49:04.850Z] [worker-us-central1-v2-5322701b-15f8-47c9-a6db-cd3bbb9a3241]: FINISHED {"metadata":{"emulator":{"name":"functions"},"function":{"name":"us-central1-v2"},"extension":{},"message":"[worker-us-central1-v2-5322701b-15f8-47c9-a6db-cd3bbb9a3241]: FINISHED"}}
[debug] [2025-11-19T14:49:04.853Z] [worker-us-central1-v2-44941972-a32e-4abc-bed7-6d19186af7bc]: exited {"metadata":{"emulator":{"name":"functions"},"function":{"name":"us-central1-v2"},"extension":{},"message":"[worker-us-central1-v2-44941972-a32e-4abc-bed7-6d19186af7bc]: exited"}}
[debug] [2025-11-19T14:49:04.854Z] [worker-us-central1-v2-44941972-a32e-4abc-bed7-6d19186af7bc]: FINISHED {"metadata":{"emulator":{"name":"functions"},"function":{"name":"us-central1-v2"},"extension":{},"message":"[worker-us-central1-v2-44941972-a32e-4abc-bed7-6d19186af7bc]: FINISHED"}}
[debug] [2025-11-19T14:50:04.084Z] File C:\Users\mgonzalezv.INDRA\Documents\private-workspace\guia-tv\functions\src\v2\config\container.ts changed, reloading triggers {"metadata":{"emulator":{"name":"functions"},"message":"File C:\\Users\\mgonzalezv.INDRA\\Documents\\private-workspace\\guia-tv\\functions\\src\\v2\\config\\container.ts changed, reloading triggers"}}
[debug] [2025-11-19T14:50:05.089Z] Validating nodejs source
[debug] [2025-11-19T14:50:15.164Z] checkFunctionsSDKVersion was unable to fetch information from NPM Error: spawnSync C:\WINDOWS\system32\cmd.exe ETIMEDOUT
    at Object.spawnSync (node:internal/child_process:1120:20)
    at Object.spawnSync (node:child_process:868:24)
    at Function.spawnSync [as sync] (C:\Users\mgonzalezv.INDRA\AppData\Roaming\npm\node_modules\firebase-tools\node_modules\cross-spawn\index.js:26:23)
    at Object.getLatestSDKVersion (C:\Users\mgonzalezv.INDRA\AppData\Roaming\npm\node_modules\firebase-tools\lib\deploy\functions\runtimes\node\versioning.js:54:25)
    at Object.checkFunctionsSDKVersion (C:\Users\mgonzalezv.INDRA\AppData\Roaming\npm\node_modules\firebase-tools\lib\deploy\functions\runtimes\node\versioning.js:74:32)
    at Delegate.validate (C:\Users\mgonzalezv.INDRA\AppData\Roaming\npm\node_modules\firebase-tools\lib\deploy\functions\runtimes\node\index.js:89:20)
    at FunctionsEmulator.discoverTriggers (C:\Users\mgonzalezv.INDRA\AppData\Roaming\npm\node_modules\firebase-tools\lib\emulator\functionsEmulator.js:320:35)
    at async FunctionsEmulator.loadTriggers (C:\Users\mgonzalezv.INDRA\AppData\Roaming\npm\node_modules\firebase-tools\lib\emulator\functionsEmulator.js:362:34)
[debug] [2025-11-19T14:50:15.168Z] > [functions] package.json contents: {
  "name": "functions",
  "version": "1.0.0",
  "description": "Cloud Functions for Firebase",
  "scripts": {
    "build": "tsc && tsc-alias",
    "build:watch": "tsc --watch",
    "emulators:start": "npm run build && firebase emulators:start --debug --only functions,firestore,storage,pubsub,ui",
    "emulators:start:no-build": "firebase emulators:start --only functions,firestore,storage,pubsub,ui",
    "dev:emulators": "npm run emulators:start",
    "lint": "eslint src/**/*.ts",
    "lint:fix": "eslint src/**/*.ts --fix",
    "clean": "node -e \"require('fs').rmSync('lib', { recursive: true, force: true })\"",
    "test": "jest"
  },
  "engines": {
    "node": "22"
  },
  "main": "lib/index.js",
  "dependencies": {
    "async-retry": "^1.3.3",
    "axios": "^1.3.4",
    "cheerio": "^1.0.0-rc.12",
    "compression": "^1.7.4",
    "cors": "^2.8.5",
    "date-fns": "^2.29.3",
    "esm": "^3.2.25",
    "express": "^4.18.2",
    "express-rate-limit": "^7.1.5",
    "firebase-admin": "^11.10.0",
    "firebase-functions": "^7.0.0",
    "gunzip": "^1.2.2",
    "gunzip-file": "^0.1.1",
    "p-retry": "^5.1.2",
    "redis": "^5.8.3",
    "retry": "^0.13.1",
    "swagger-jsdoc": "^6.2.8",
    "swagger-ui-express": "^5.0.1",
    "xml2js": "^0.4.23"
  },
  "devDependencies": {
    "@types/compression": "^1.8.1",
    "@types/cors": "^2.8.13",
    "@types/date-fns": "^2.6.0",
    "@types/express": "^4.17.17",
    "@types/node": "^18.15.5",
    "@types/node-fetch": "^2.6.3",
    "@types/swagger-jsdoc": "^6.0.4",
    "@types/swagger-ui-express": "^4.1.8",
    "@types/xml2js": "^0.4.11",
    "concurrently": "^8.2.2",
    "dotenv": "^16.3.1",
    "firebase-functions-test": "^3.0.0",
    "nodemon": "^3.0.2",
    "ts-node": "^10.9.1",
    "tsc-alias": "^1.7.0",
    "tsconfig-paths": "^4.2.0",
    "typescript": "^4.9.5"
  },
  "private": true
}
[debug] [2025-11-19T14:50:15.169Z] Building nodejs source
[debug] [2025-11-19T14:50:15.170Z] Failed to find version of module node: reached end of search path C:\Users\mgonzalezv.INDRA\Documents\private-workspace\guia-tv\functions\node_modules
[info] +  functions: Using node@22 from host. 
[info] i  functions: Loaded environment variables from .env. 
[debug] [2025-11-19T14:50:15.180Z] Could not find functions.yaml. Must use http discovery
[debug] [2025-11-19T14:50:15.213Z] Found firebase-functions binary at 'C:\Users\mgonzalezv.INDRA\Documents\private-workspace\guia-tv\functions\node_modules\.bin\firebase-functions'
[info] Serving at port 8100

[debug] [2025-11-19T14:50:23.401Z] Got response from /__/functions.yaml {"endpoints":{"v1":{"availableMemoryMb":2048,"timeoutSeconds":540,"minInstances":null,"maxInstances":null,"ingressSettings":null,"concurrency":null,"serviceAccountEmail":null,"vpc":null,"platform":"gcfv2","labels":{},"httpsTrigger":{},"entryPoint":"v1"},"v2":{"availableMemoryMb":512,"timeoutSeconds":60,"minInstances":0,"maxInstances":10,"ingressSettings":null,"concurrency":null,"serviceAccountEmail":null,"vpc":null,"platform":"gcfv2","labels":{},"httpsTrigger":{},"entryPoint":"v2"},"ssr":{"availableMemoryMb":1024,"timeoutSeconds":540,"minInstances":null,"maxInstances":null,"ingressSettings":null,"concurrency":null,"serviceAccountEmail":null,"vpc":null,"platform":"gcfv2","labels":{},"httpsTrigger":{},"entryPoint":"ssr"},"actualizarProgramacion":{"availableMemoryMb":2048,"timeoutSeconds":540,"minInstances":null,"maxInstances":null,"ingressSettings":null,"concurrency":null,"serviceAccountEmail":null,"vpc":null,"platform":"gcfv2","labels":{},"scheduleTrigger":{"schedule":"0 0 */5 * *","retryConfig":{},"timeZone":"Europe/Madrid"},"entryPoint":"actualizarProgramacion"},"syncEPGDataScheduled":{"availableMemoryMb":1024,"timeoutSeconds":540,"minInstances":null,"maxInstances":null,"ingressSettings":null,"concurrency":null,"serviceAccountEmail":null,"vpc":null,"platform":"gcfv2","labels":{},"scheduleTrigger":{"schedule":"0 */6 * * *","retryConfig":{},"timeZone":"Europe/Madrid"},"entryPoint":"syncEPGDataScheduled"},"precomputeSchedulesScheduled":{"availableMemoryMb":512,"timeoutSeconds":300,"minInstances":null,"maxInstances":null,"ingressSettings":null,"concurrency":null,"serviceAccountEmail":null,"vpc":null,"platform":"gcfv2","labels":{},"scheduleTrigger":{"schedule":"15 */6 * * *","retryConfig":{},"timeZone":"Europe/Madrid"},"entryPoint":"precomputeSchedulesScheduled"},"cleanOldProgramsScheduled":{"availableMemoryMb":256,"timeoutSeconds":300,"minInstances":null,"maxInstances":null,"ingressSettings":null,"concurrency":null,"serviceAccountEmail":null,"vpc":null,"platform":"gcfv2","labels":{},"scheduleTrigger":{"schedule":"0 3 * * *","retryConfig":{},"timeZone":"Europe/Madrid"},"entryPoint":"cleanOldProgramsScheduled"}},"specVersion":"v1alpha1","requiredAPIs":[{"api":"cloudscheduler.googleapis.com","reason":"Needed for scheduled functions."}],"extensions":{}}
[info] +  functions: Loaded functions definitions from source: v1, v2, ssr, actualizarProgramacion, syncEPGDataScheduled, precomputeSchedulesScheduled, cleanOldProgramsScheduled. {"metadata":{"emulator":{"name":"functions"},"message":"Loaded functions definitions from source: v1, v2, ssr, actualizarProgramacion, syncEPGDataScheduled, precomputeSchedulesScheduled, cleanOldProgramsScheduled."}}
[debug] [2025-11-19T14:51:19.231Z] Received signal SIGINT (Ctrl-C) 1
[info]  
[info] i  emulators: Received SIGINT (Ctrl-C) for the first time. Starting a clean shutdown. 
[info] i  emulators: Please wait for a clean shutdown or send the SIGINT (Ctrl-C) signal again to stop right now. 
[info] i  emulators: Shutting down emulators. {"metadata":{"emulator":{"name":"hub"},"message":"Shutting down emulators."}}
[info] i  ui: Stopping Emulator UI {"metadata":{"emulator":{"name":"ui"},"message":"Stopping Emulator UI"}}
[info] i  functions: Stopping Functions Emulator {"metadata":{"emulator":{"name":"functions"},"message":"Stopping Functions Emulator"}}
[info] i  firestore: Stopping Firestore Emulator {"metadata":{"emulator":{"name":"firestore"},"message":"Stopping Firestore Emulator"}}
[warn] !  Firestore Emulator has exited upon receiving signal: SIGKILL 
[info] i  pubsub: Stopping Pub/Sub Emulator {"metadata":{"emulator":{"name":"pubsub"},"message":"Stopping Pub/Sub Emulator"}}
[warn] !  Pub/Sub Emulator has exited upon receiving signal: SIGKILL 
[info] i  storage: Stopping Storage Emulator {"metadata":{"emulator":{"name":"storage"},"message":"Stopping Storage Emulator"}}
[debug] [2025-11-19T14:51:19.327Z] Stopping rules runtime. {"metadata":{"emulator":{"name":"storage"},"message":"Stopping rules runtime."}}
[info] i  eventarc: Stopping Eventarc Emulator {"metadata":{"emulator":{"name":"eventarc"},"message":"Stopping Eventarc Emulator"}}
[info] i  tasks: Stopping Cloud Tasks Emulator {"metadata":{"emulator":{"name":"tasks"},"message":"Stopping Cloud Tasks Emulator"}}
[info] i  hub: Stopping emulator hub {"metadata":{"emulator":{"name":"hub"},"message":"Stopping emulator hub"}}
[debug] [2025-11-19T14:51:19.363Z] Emulator locator file path: C:\Users\MGONZA~1.IND\AppData\Local\Temp\hub-guia-tv-8fe3c.json
[info] i  logging: Stopping Logging Emulator {"metadata":{"emulator":{"name":"logging"},"message":"Stopping Logging Emulator"}}
[debug] [2025-11-19T14:51:19.401Z] Could not find VSCode notification endpoint: FetchError: request to http://localhost:40001/vscode/notify failed, reason: . If you are not running the Firebase Data Connect VSCode extension, this is expected and not an issue.
[debug] [2025-11-19T14:52:54.203Z] ----------------------------------------------------------------------
[debug] [2025-11-19T14:52:54.220Z] Command:       C:\Program Files\nodejs\node.exe C:\Users\mgonzalezv.INDRA\AppData\Roaming\npm\node_modules\firebase-tools\lib\bin\firebase.js emulators:start --debug --only functions,firestore,storage,pubsub,ui
[debug] [2025-11-19T14:52:54.220Z] CLI Version:   14.20.0
[debug] [2025-11-19T14:52:54.220Z] Platform:      win32
[debug] [2025-11-19T14:52:54.220Z] Node Version:  v22.13.1
[debug] [2025-11-19T14:52:54.221Z] Time:          Wed Nov 19 2025 15:52:54 GMT+0100 (hora estándar de Europa central)
[debug] [2025-11-19T14:52:54.221Z] ----------------------------------------------------------------------
[debug] 
[debug] [2025-11-19T14:52:54.465Z] > command requires scopes: ["email","openid","https://www.googleapis.com/auth/cloudplatformprojects.readonly","https://www.googleapis.com/auth/firebase","https://www.googleapis.com/auth/cloud-platform"]
[debug] [2025-11-19T14:52:54.466Z] > authorizing via signed-in user (oficina@tecnoriasl.com)
[debug] [2025-11-19T14:52:54.986Z] openjdk version "17.0.15" 2025-04-15 LTS
OpenJDK Runtime Environment Microsoft-11369865 (build 17.0.15+6-LTS)
OpenJDK 64-Bit Server VM Microsoft-11369865 (build 17.0.15+6-LTS, mixed mode, sharing)

[debug] [2025-11-19T14:52:55.013Z] Parsed Java major version: 17
[warn] !!  emulators: firebase-tools will drop support for Java version < 21 soon in firebase-tools@15. Please install a JDK at version 21 or above to get a compatible runtime. 
[info] i  emulators: Starting emulators: functions, firestore, pubsub, storage {"metadata":{"emulator":{"name":"hub"},"message":"Starting emulators: functions, firestore, pubsub, storage"}}
[warn] !  ui: Not starting the ui emulator, make sure you have run firebase init. {"metadata":{"emulator":{"name":"ui"},"message":"Not starting the \u001b[1mui\u001b[22m emulator, make sure you have run \u001b[1mfirebase init\u001b[22m."}}
[debug] [2025-11-19T14:52:55.044Z] [logging] Logging Emulator only supports listening on one address (127.0.0.1). Not listening on ::1
[debug] [2025-11-19T14:52:55.045Z] assigned listening specs for emulators {"user":{"firestore":[{"address":"0.0.0.0","family":"IPv4","port":8080}],"firestore.websocket":[{"address":"0.0.0.0","family":"IPv4","port":9150}],"pubsub":[{"address":"0.0.0.0","family":"IPv4","port":8085}],"storage":[{"address":"0.0.0.0","family":"IPv4","port":9199}],"hub":[{"address":"127.0.0.1","family":"IPv4","port":4400},{"address":"::1","family":"IPv6","port":4400}],"ui":[{"address":"127.0.0.1","family":"IPv4","port":4000},{"address":"::1","family":"IPv6","port":4000}],"logging":[{"address":"127.0.0.1","family":"IPv4","port":4500}]},"metadata":{"message":"assigned listening specs for emulators"}}
[debug] [2025-11-19T14:52:55.056Z] Emulator locator file path: C:\Users\MGONZA~1.IND\AppData\Local\Temp\hub-guia-tv-8fe3c.json
[debug] [2025-11-19T14:52:55.057Z] [hub] writing locator at C:\Users\MGONZA~1.IND\AppData\Local\Temp\hub-guia-tv-8fe3c.json
[debug] [2025-11-19T14:52:55.109Z] [eventarc] Eventarc Emulator only supports listening on one address (127.0.0.1). Not listening on ::1
[debug] [2025-11-19T14:52:55.110Z] [tasks] Cloud Tasks Emulator only supports listening on one address (127.0.0.1). Not listening on ::1
[debug] [2025-11-19T14:52:55.110Z] late-assigned ports for functions and eventarc emulators {"user":{"firestore":[{"address":"0.0.0.0","family":"IPv4","port":8080}],"firestore.websocket":[{"address":"0.0.0.0","family":"IPv4","port":9150}],"pubsub":[{"address":"0.0.0.0","family":"IPv4","port":8085}],"storage":[{"address":"0.0.0.0","family":"IPv4","port":9199}],"hub":[{"address":"127.0.0.1","family":"IPv4","port":4400},{"address":"::1","family":"IPv6","port":4400}],"ui":[{"address":"127.0.0.1","family":"IPv4","port":4000},{"address":"::1","family":"IPv6","port":4000}],"logging":[{"address":"127.0.0.1","family":"IPv4","port":4500}],"functions":[{"address":"0.0.0.0","family":"IPv4","port":5001}],"eventarc":[{"address":"127.0.0.1","family":"IPv4","port":9299}],"tasks":[{"address":"127.0.0.1","family":"IPv4","port":9499}]},"metadata":{"message":"late-assigned ports for functions and eventarc emulators"}}
[warn] !  functions: The following emulators are not running, calls to these services from the Functions emulator will affect production: apphosting, auth, database, hosting, dataconnect {"metadata":{"emulator":{"name":"functions"},"message":"The following emulators are not running, calls to these services from the Functions emulator will affect production: \u001b[1mapphosting, auth, database, hosting, dataconnect\u001b[22m"}}
[debug] [2025-11-19T14:52:55.137Z] defaultcredentials: writing to file C:\Users\mgonzalezv.INDRA\AppData\Roaming\firebase\oficina_tecnoriasl_com_application_default_credentials.json
[debug] [2025-11-19T14:52:55.147Z] Setting GAC to C:\Users\mgonzalezv.INDRA\AppData\Roaming\firebase\oficina_tecnoriasl_com_application_default_credentials.json {"metadata":{"emulator":{"name":"functions"},"message":"Setting GAC to C:\\Users\\mgonzalezv.INDRA\\AppData\\Roaming\\firebase\\oficina_tecnoriasl_com_application_default_credentials.json"}}
[debug] [2025-11-19T14:52:55.157Z] Checked if tokens are valid: false, expires at: 1763564697564
[debug] [2025-11-19T14:52:55.157Z] Checked if tokens are valid: false, expires at: 1763564697564
[debug] [2025-11-19T14:52:55.158Z] > refreshing access token with scopes: []
[debug] [2025-11-19T14:52:55.159Z] >>> [apiv2][query] POST https://www.googleapis.com/oauth2/v3/token [none]
[debug] [2025-11-19T14:52:55.159Z] >>> [apiv2][body] POST https://www.googleapis.com/oauth2/v3/token [omitted]
[debug] [2025-11-19T14:52:55.333Z] <<< [apiv2][status] POST https://www.googleapis.com/oauth2/v3/token 200
[debug] [2025-11-19T14:52:55.334Z] <<< [apiv2][body] POST https://www.googleapis.com/oauth2/v3/token [omitted]
[debug] [2025-11-19T14:52:55.442Z] >>> [apiv2][query] GET https://firebase.googleapis.com/v1beta1/projects/guia-tv-8fe3c/adminSdkConfig [none]
[debug] [2025-11-19T14:52:56.156Z] <<< [apiv2][status] GET https://firebase.googleapis.com/v1beta1/projects/guia-tv-8fe3c/adminSdkConfig 200
[debug] [2025-11-19T14:52:56.157Z] <<< [apiv2][body] GET https://firebase.googleapis.com/v1beta1/projects/guia-tv-8fe3c/adminSdkConfig {"projectId":"guia-tv-8fe3c","storageBucket":"guia-tv-8fe3c.appspot.com","locationId":"europe-west"}
[warn] !  firestore: Cloud Firestore Emulator does not support multiple databases yet. {"metadata":{"emulator":{"name":"firestore"},"message":"Cloud Firestore Emulator does not support multiple databases yet."}}
[warn] !  firestore: Did not find a Cloud Firestore rules file specified in a firebase.json config file. {"metadata":{"emulator":{"name":"firestore"},"message":"Did not find a Cloud Firestore rules file specified in a firebase.json config file."}}
[warn] !  firestore: The emulator will default to allowing all reads and writes. Learn more about this option: https://firebase.google.com/docs/emulator-suite/install_and_configure#security_rules_configuration. {"metadata":{"emulator":{"name":"firestore"},"message":"The emulator will default to allowing all reads and writes. Learn more about this option: https://firebase.google.com/docs/emulator-suite/install_and_configure#security_rules_configuration."}}
[debug] [2025-11-19T14:52:56.235Z] Ignoring unsupported arg: auto_download {"metadata":{"emulator":{"name":"firestore"},"message":"Ignoring unsupported arg: auto_download"}}
[debug] [2025-11-19T14:52:56.235Z] Ignoring unsupported arg: single_project_mode_error {"metadata":{"emulator":{"name":"firestore"},"message":"Ignoring unsupported arg: single_project_mode_error"}}
[debug] [2025-11-19T14:52:56.236Z] Starting Firestore Emulator with command {"binary":"java","args":["-Dgoogle.cloud_firestore.debug_log_level=FINE","-Duser.language=en","-jar","C:\\Users\\mgonzalezv.INDRA\\.cache\\firebase\\emulators\\cloud-firestore-emulator-v1.19.8.jar","--host","0.0.0.0","--port",8080,"--websocket_port",9150,"--project_id","guia-tv-8fe3c","--single_project_mode",true,"--functions_emulator","127.0.0.1:5001"],"optionalArgs":["port","webchannel_port","host","rules","websocket_port","functions_emulator","seed_from_export","project_id","single_project_mode"],"joinArgs":false,"shell":false,"port":8080} {"metadata":{"emulator":{"name":"firestore"},"message":"Starting Firestore Emulator with command {\"binary\":\"java\",\"args\":[\"-Dgoogle.cloud_firestore.debug_log_level=FINE\",\"-Duser.language=en\",\"-jar\",\"C:\\\\Users\\\\mgonzalezv.INDRA\\\\.cache\\\\firebase\\\\emulators\\\\cloud-firestore-emulator-v1.19.8.jar\",\"--host\",\"0.0.0.0\",\"--port\",8080,\"--websocket_port\",9150,\"--project_id\",\"guia-tv-8fe3c\",\"--single_project_mode\",true,\"--functions_emulator\",\"127.0.0.1:5001\"],\"optionalArgs\":[\"port\",\"webchannel_port\",\"host\",\"rules\",\"websocket_port\",\"functions_emulator\",\"seed_from_export\",\"project_id\",\"single_project_mode\"],\"joinArgs\":false,\"shell\":false,\"port\":8080}"}}
[info] i  firestore: Firestore Emulator logging to firestore-debug.log {"metadata":{"emulator":{"name":"firestore"},"message":"Firestore Emulator logging to \u001b[1mfirestore-debug.log\u001b[22m"}}
[debug] [2025-11-19T14:53:01.030Z] Nov 19, 2025 3:53:00 PM com.google.cloud.datastore.emulator.firestore.websocket.WebSocketServer start
INFO: Started WebSocket server on ws://0.0.0.0:9150
 {"metadata":{"emulator":{"name":"firestore"},"message":"Nov 19, 2025 3:53:00 PM com.google.cloud.datastore.emulator.firestore.websocket.WebSocketServer start\r\nINFO: Started WebSocket server on ws://0.0.0.0:9150\r\n"}}
[debug] [2025-11-19T14:53:02.674Z] API endpoint: http://0.0.0.0:8080 {"metadata":{"emulator":{"name":"firestore"},"message":"API endpoint: http://0.0.0.0:8080"}}
[debug] [2025-11-19T14:53:02.675Z] 
If you are using a library that supports the FIRESTORE_EMULATOR_HOST environment variable, run:

   export FIRESTORE_EMULATOR_HOST=0.0.0.0:8080

If you are running a Firestore in Datastore Mode project, run:

   export DATASTORE_EMULATOR_HOST=0.0.0.0:8080

Note: Support for Datastore Mode is in preview. If you encounter any bugs please file at https://github.com/firebase/firebase-tools/issues.
Dev App Server is now running.

 {"metadata":{"emulator":{"name":"firestore"},"message":"\nIf you are using a library that supports the FIRESTORE_EMULATOR_HOST environment variable, run:\r\n\n   export FIRESTORE_EMULATOR_HOST=0.0.0.0:8080\n\nIf you are running a Firestore in Datastore Mode project, run:\r\n\n   export DATASTORE_EMULATOR_HOST=0.0.0.0:8080\n\nNote: Support for Datastore Mode is in preview. If you encounter any bugs please file at https://github.com/firebase/firebase-tools/issues.\r\nDev App Server is now running.\n\r\n"}}
[info] +  firestore: Firestore Emulator UI websocket is running on 9150. {"metadata":{"emulator":{"name":"firestore"},"message":"Firestore Emulator UI websocket is running on 9150."}}
[debug] [2025-11-19T14:53:02.690Z] Ignoring unsupported arg: projectId {"metadata":{"emulator":{"name":"pubsub"},"message":"Ignoring unsupported arg: projectId"}}
[debug] [2025-11-19T14:53:02.691Z] Ignoring unsupported arg: auto_download {"metadata":{"emulator":{"name":"pubsub"},"message":"Ignoring unsupported arg: auto_download"}}
[debug] [2025-11-19T14:53:02.691Z] Starting Pub/Sub Emulator with command {"binary":"C:\\Users\\mgonzalezv.INDRA\\.cache\\firebase\\emulators\\pubsub-emulator-0.8.14\\pubsub-emulator\\bin\\cloud-pubsub-emulator","args":["--host=0.0.0.0","--port=8085"],"optionalArgs":["port","host"],"joinArgs":true,"shell":true,"port":8085} {"metadata":{"emulator":{"name":"pubsub"},"message":"Starting Pub/Sub Emulator with command {\"binary\":\"C:\\\\Users\\\\mgonzalezv.INDRA\\\\.cache\\\\firebase\\\\emulators\\\\pubsub-emulator-0.8.14\\\\pubsub-emulator\\\\bin\\\\cloud-pubsub-emulator\",\"args\":[\"--host=0.0.0.0\",\"--port=8085\"],\"optionalArgs\":[\"port\",\"host\"],\"joinArgs\":true,\"shell\":true,\"port\":8085}"}}
[info] i  pubsub: Pub/Sub Emulator logging to pubsub-debug.log {"metadata":{"emulator":{"name":"pubsub"},"message":"Pub/Sub Emulator logging to \u001b[1mpubsub-debug.log\u001b[22m"}}
[debug] [2025-11-19T14:53:03.339Z] 
C:\Users\mgonzalezv.INDRA\Documents\private-workspace\guia-tv\functions>if "Windows_NT" == "Windows_NT" setlocal
 {"metadata":{"emulator":{"name":"pubsub"},"message":"\r\nC:\\Users\\mgonzalezv.INDRA\\Documents\\private-workspace\\guia-tv\\functions>if \"Windows_NT\" == \"Windows_NT\" setlocal\r\n"}}
[debug] [2025-11-19T14:53:03.345Z] 
C:\Users\mgonzalezv.INDRA\Documents\private-workspace\guia-tv\functions>set DIRNAME=C:\Users\mgonzalezv.INDRA\.cache\firebase\emulators\pubsub-emulator-0.8.14\pubsub-emulator\bin\ 
 {"metadata":{"emulator":{"name":"pubsub"},"message":"\r\nC:\\Users\\mgonzalezv.INDRA\\Documents\\private-workspace\\guia-tv\\functions>set DIRNAME=C:\\Users\\mgonzalezv.INDRA\\.cache\\firebase\\emulators\\pubsub-emulator-0.8.14\\pubsub-emulator\\bin\\ \r\n"}}
[debug] [2025-11-19T14:53:03.349Z] 
C:\Users\mgonzalezv.INDRA\Documents\private-workspace\guia-tv\functions>if "C:\Users\mgonzalezv.INDRA\.cache\firebase\emulators\pubsub-emulator-0.8.14\pubsub-emulator\bin\" == ""  {"metadata":{"emulator":{"name":"pubsub"},"message":"\r\nC:\\Users\\mgonzalezv.INDRA\\Documents\\private-workspace\\guia-tv\\functions>if \"C:\\Users\\mgonzalezv.INDRA\\.cache\\firebase\\emulators\\pubsub-emulator-0.8.14\\pubsub-emulator\\bin\\\" == \"\" "}}
[debug] [2025-11-19T14:53:03.351Z] set DIRNAME=. 
 {"metadata":{"emulator":{"name":"pubsub"},"message":"set DIRNAME=. \r\n"}}
[debug] [2025-11-19T14:53:03.354Z] 
C:\Users\mgonzalezv.INDRA\Documents\private-workspace\guia-tv\functions>set APP_BASE_NAME=cloud-pubsub-emulator 
 {"metadata":{"emulator":{"name":"pubsub"},"message":"\r\nC:\\Users\\mgonzalezv.INDRA\\Documents\\private-workspace\\guia-tv\\functions>set APP_BASE_NAME=cloud-pubsub-emulator \r\n"}}
[debug] [2025-11-19T14:53:03.357Z] 
C:\Users\mgonzalezv.INDRA\Documents\private-workspace\guia-tv\functions>set APP_HOME=C:\Users\mgonzalezv.INDRA\.cache\firebase\emulators\pubsub-emulator-0.8.14\pubsub-emulator\bin\.. 
 {"metadata":{"emulator":{"name":"pubsub"},"message":"\r\nC:\\Users\\mgonzalezv.INDRA\\Documents\\private-workspace\\guia-tv\\functions>set APP_HOME=C:\\Users\\mgonzalezv.INDRA\\.cache\\firebase\\emulators\\pubsub-emulator-0.8.14\\pubsub-emulator\\bin\\.. \r\n"}}
[debug] [2025-11-19T14:53:03.366Z] 
C:\Users\mgonzalezv.INDRA\Documents\private-workspace\guia-tv\functions>set DEFAULT_JVM_OPTS= 
 {"metadata":{"emulator":{"name":"pubsub"},"message":"\r\nC:\\Users\\mgonzalezv.INDRA\\Documents\\private-workspace\\guia-tv\\functions>set DEFAULT_JVM_OPTS= \r\n"}}
[debug] [2025-11-19T14:53:03.375Z] 
C:\Users\mgonzalezv.INDRA\Documents\private-workspace\guia-tv\functions>if defined JAVA_HOME goto findJavaFromJavaHome 
 {"metadata":{"emulator":{"name":"pubsub"},"message":"\r\nC:\\Users\\mgonzalezv.INDRA\\Documents\\private-workspace\\guia-tv\\functions>if defined JAVA_HOME goto findJavaFromJavaHome \r\n"}}
[debug] [2025-11-19T14:53:03.380Z] 
C:\Users\mgonzalezv.INDRA\Documents\private-workspace\guia-tv\functions>set JAVA_HOME=C:\Program Files\Microsoft\jdk-17.0.15.6-hotspot 
 {"metadata":{"emulator":{"name":"pubsub"},"message":"\r\nC:\\Users\\mgonzalezv.INDRA\\Documents\\private-workspace\\guia-tv\\functions>set JAVA_HOME=C:\\Program Files\\Microsoft\\jdk-17.0.15.6-hotspot \r\n"}}
[debug] [2025-11-19T14:53:03.383Z] 
C:\Users\mgonzalezv.INDRA\Documents\private-workspace\guia-tv\functions>set JAVA_EXE=C:\Program Files\Microsoft\jdk-17.0.15.6-hotspot/bin/java.exe 
 {"metadata":{"emulator":{"name":"pubsub"},"message":"\r\nC:\\Users\\mgonzalezv.INDRA\\Documents\\private-workspace\\guia-tv\\functions>set JAVA_EXE=C:\\Program Files\\Microsoft\\jdk-17.0.15.6-hotspot/bin/java.exe \r\n"}}
[debug] [2025-11-19T14:53:03.391Z] 
C:\Users\mgonzalezv.INDRA\Documents\private-workspace\guia-tv\functions>if exist "C:\Program Files\Microsoft\jdk-17.0.15.6-hotspot/bin/java.exe" goto init 
 {"metadata":{"emulator":{"name":"pubsub"},"message":"\r\nC:\\Users\\mgonzalezv.INDRA\\Documents\\private-workspace\\guia-tv\\functions>if exist \"C:\\Program Files\\Microsoft\\jdk-17.0.15.6-hotspot/bin/java.exe\" goto init \r\n"}}
[debug] [2025-11-19T14:53:03.407Z] 
C:\Users\mgonzalezv.INDRA\Documents\private-workspace\guia-tv\functions>if not "Windows_NT" == "Windows_NT" goto win9xME_args 
 {"metadata":{"emulator":{"name":"pubsub"},"message":"\r\nC:\\Users\\mgonzalezv.INDRA\\Documents\\private-workspace\\guia-tv\\functions>if not \"Windows_NT\" == \"Windows_NT\" goto win9xME_args \r\n"}}
[debug] [2025-11-19T14:53:03.421Z] 
C:\Users\mgonzalezv.INDRA\Documents\private-workspace\guia-tv\functions>set CMD_LINE_ARGS= 
 {"metadata":{"emulator":{"name":"pubsub"},"message":"\r\nC:\\Users\\mgonzalezv.INDRA\\Documents\\private-workspace\\guia-tv\\functions>set CMD_LINE_ARGS= \r\n"}}
[debug] [2025-11-19T14:53:03.427Z] 
C:\Users\mgonzalezv.INDRA\Documents\private-workspace\guia-tv\functions>set _SKIP=2 
 {"metadata":{"emulator":{"name":"pubsub"},"message":"\r\nC:\\Users\\mgonzalezv.INDRA\\Documents\\private-workspace\\guia-tv\\functions>set _SKIP=2 \r\n"}}
[debug] [2025-11-19T14:53:03.451Z] 
C:\Users\mgonzalezv.INDRA\Documents\private-workspace\guia-tv\functions>if "x--host" == "x" goto execute 
 {"metadata":{"emulator":{"name":"pubsub"},"message":"\r\nC:\\Users\\mgonzalezv.INDRA\\Documents\\private-workspace\\guia-tv\\functions>if \"x--host\" == \"x\" goto execute \r\n"}}
[debug] [2025-11-19T14:53:03.454Z] 
C:\Users\mgonzalezv.INDRA\Documents\private-workspace\guia-tv\functions>set CMD_LINE_ARGS=--host=0.0.0.0 --port=8085 
 {"metadata":{"emulator":{"name":"pubsub"},"message":"\r\nC:\\Users\\mgonzalezv.INDRA\\Documents\\private-workspace\\guia-tv\\functions>set CMD_LINE_ARGS=--host=0.0.0.0 --port=8085 \r\n"}}
[debug] [2025-11-19T14:53:03.472Z] 
C:\Users\mgonzalezv.INDRA\Documents\private-workspace\guia-tv\functions>set CLASSPATH=C:\Users\mgonzalezv.INDRA\.cache\firebase\emulators\pubsub-emulator-0.8.14\pubsub-emulator\bin\..\lib\cloud-pubsub-emulator-0.8.14-all.jar 
 {"metadata":{"emulator":{"name":"pubsub"},"message":"\r\nC:\\Users\\mgonzalezv.INDRA\\Documents\\private-workspace\\guia-tv\\functions>set CLASSPATH=C:\\Users\\mgonzalezv.INDRA\\.cache\\firebase\\emulators\\pubsub-emulator-0.8.14\\pubsub-emulator\\bin\\..\\lib\\cloud-pubsub-emulator-0.8.14-all.jar \r\n"}}
[debug] [2025-11-19T14:53:03.479Z] 
C:\Users\mgonzalezv.INDRA\Documents\private-workspace\guia-tv\functions>"C:\Program Files\Microsoft\jdk-17.0.15.6-hotspot/bin/java.exe"     -jar "C:\Users\mgonzalezv.INDRA\.cache\firebase\emulators\pubsub-emulator-0.8.14\pubsub-emulator\bin\..\lib\cloud-pubsub-emulator-0.8.14-all.jar" --host=0.0.0.0 --port=8085 
 {"metadata":{"emulator":{"name":"pubsub"},"message":"\r\nC:\\Users\\mgonzalezv.INDRA\\Documents\\private-workspace\\guia-tv\\functions>\"C:\\Program Files\\Microsoft\\jdk-17.0.15.6-hotspot/bin/java.exe\"     -jar \"C:\\Users\\mgonzalezv.INDRA\\.cache\\firebase\\emulators\\pubsub-emulator-0.8.14\\pubsub-emulator\\bin\\..\\lib\\cloud-pubsub-emulator-0.8.14-all.jar\" --host=0.0.0.0 --port=8085 \r\n"}}
[debug] [2025-11-19T14:53:08.561Z] Ignoring unsupported arg: port {"metadata":{"emulator":{"name":"storage"},"message":"Ignoring unsupported arg: port"}}
[debug] [2025-11-19T14:53:09.918Z] Temp file directory for storage emulator: C:\Users\MGONZA~1.IND\AppData\Local\Temp/firebase/storage/blobs {"metadata":{"emulator":{"name":"storage"},"message":"Temp file directory for storage emulator: C:\\Users\\MGONZA~1.IND\\AppData\\Local\\Temp/firebase/storage/blobs"}}
[info] i  functions: Watching "C:\Users\mgonzalezv.INDRA\Documents\private-workspace\guia-tv\functions" for Cloud Functions... {"metadata":{"emulator":{"name":"functions"},"message":"Watching \"C:\\Users\\mgonzalezv.INDRA\\Documents\\private-workspace\\guia-tv\\functions\" for Cloud Functions..."}}
[debug] [2025-11-19T14:53:09.962Z] Validating nodejs source
[debug] [2025-11-19T14:53:20.047Z] checkFunctionsSDKVersion was unable to fetch information from NPM Error: spawnSync C:\WINDOWS\system32\cmd.exe ETIMEDOUT
    at Object.spawnSync (node:internal/child_process:1120:20)
    at Object.spawnSync (node:child_process:868:24)
    at Function.spawnSync [as sync] (C:\Users\mgonzalezv.INDRA\AppData\Roaming\npm\node_modules\firebase-tools\node_modules\cross-spawn\index.js:26:23)
    at Object.getLatestSDKVersion (C:\Users\mgonzalezv.INDRA\AppData\Roaming\npm\node_modules\firebase-tools\lib\deploy\functions\runtimes\node\versioning.js:54:25)
    at Object.checkFunctionsSDKVersion (C:\Users\mgonzalezv.INDRA\AppData\Roaming\npm\node_modules\firebase-tools\lib\deploy\functions\runtimes\node\versioning.js:74:32)
    at Delegate.validate (C:\Users\mgonzalezv.INDRA\AppData\Roaming\npm\node_modules\firebase-tools\lib\deploy\functions\runtimes\node\index.js:89:20)
    at FunctionsEmulator.discoverTriggers (C:\Users\mgonzalezv.INDRA\AppData\Roaming\npm\node_modules\firebase-tools\lib\emulator\functionsEmulator.js:320:35)
    at async FunctionsEmulator.loadTriggers (C:\Users\mgonzalezv.INDRA\AppData\Roaming\npm\node_modules\firebase-tools\lib\emulator\functionsEmulator.js:362:34)
    at async FunctionsEmulator.connect (C:\Users\mgonzalezv.INDRA\AppData\Roaming\npm\node_modules\firebase-tools\lib\emulator\functionsEmulator.js:282:13)
    at async Object.startAll (C:\Users\mgonzalezv.INDRA\AppData\Roaming\npm\node_modules\firebase-tools\lib\emulator\controller.js:678:13)
[debug] [2025-11-19T14:53:20.052Z] > [functions] package.json contents: {
  "name": "functions",
  "version": "1.0.0",
  "description": "Cloud Functions for Firebase",
  "scripts": {
    "build": "tsc && tsc-alias",
    "build:watch": "tsc --watch",
    "emulators:start": "npm run build && firebase emulators:start --debug --only functions,firestore,storage,pubsub,ui",
    "emulators:start:no-build": "firebase emulators:start --only functions,firestore,storage,pubsub,ui",
    "dev:emulators": "npm run emulators:start",
    "lint": "eslint src/**/*.ts",
    "lint:fix": "eslint src/**/*.ts --fix",
    "clean": "node -e \"require('fs').rmSync('lib', { recursive: true, force: true })\"",
    "test": "jest"
  },
  "engines": {
    "node": "22"
  },
  "main": "lib/index.js",
  "dependencies": {
    "async-retry": "^1.3.3",
    "axios": "^1.3.4",
    "cheerio": "^1.0.0-rc.12",
    "compression": "^1.7.4",
    "cors": "^2.8.5",
    "date-fns": "^2.29.3",
    "esm": "^3.2.25",
    "express": "^4.18.2",
    "express-rate-limit": "^7.1.5",
    "firebase-admin": "^11.10.0",
    "firebase-functions": "^7.0.0",
    "gunzip": "^1.2.2",
    "gunzip-file": "^0.1.1",
    "p-retry": "^5.1.2",
    "redis": "^5.8.3",
    "retry": "^0.13.1",
    "swagger-jsdoc": "^6.2.8",
    "swagger-ui-express": "^5.0.1",
    "xml2js": "^0.4.23"
  },
  "devDependencies": {
    "@types/compression": "^1.8.1",
    "@types/cors": "^2.8.13",
    "@types/date-fns": "^2.6.0",
    "@types/express": "^4.17.17",
    "@types/node": "^18.15.5",
    "@types/node-fetch": "^2.6.3",
    "@types/swagger-jsdoc": "^6.0.4",
    "@types/swagger-ui-express": "^4.1.8",
    "@types/xml2js": "^0.4.11",
    "concurrently": "^8.2.2",
    "dotenv": "^16.3.1",
    "firebase-functions-test": "^3.0.0",
    "nodemon": "^3.0.2",
    "ts-node": "^10.9.1",
    "tsc-alias": "^1.7.0",
    "tsconfig-paths": "^4.2.0",
    "typescript": "^4.9.5"
  },
  "private": true
}
[debug] [2025-11-19T14:53:20.053Z] Building nodejs source
[debug] [2025-11-19T14:53:20.054Z] Failed to find version of module node: reached end of search path C:\Users\mgonzalezv.INDRA\Documents\private-workspace\guia-tv\functions\node_modules
[info] +  functions: Using node@22 from host. 
[info] i  functions: Loaded environment variables from .env. 
[debug] [2025-11-19T14:53:20.067Z] Could not find functions.yaml. Must use http discovery
[debug] [2025-11-19T14:53:20.093Z] Found firebase-functions binary at 'C:\Users\mgonzalezv.INDRA\Documents\private-workspace\guia-tv\functions\node_modules\.bin\firebase-functions'
[info] Serving at port 8949

[debug] [2025-11-19T14:53:29.751Z] Got response from /__/functions.yaml {"endpoints":{"v1":{"availableMemoryMb":2048,"timeoutSeconds":540,"minInstances":null,"maxInstances":null,"ingressSettings":null,"concurrency":null,"serviceAccountEmail":null,"vpc":null,"platform":"gcfv2","labels":{},"httpsTrigger":{},"entryPoint":"v1"},"v2":{"availableMemoryMb":512,"timeoutSeconds":60,"minInstances":0,"maxInstances":10,"ingressSettings":null,"concurrency":null,"serviceAccountEmail":null,"vpc":null,"platform":"gcfv2","labels":{},"httpsTrigger":{},"entryPoint":"v2"},"ssr":{"availableMemoryMb":1024,"timeoutSeconds":540,"minInstances":null,"maxInstances":null,"ingressSettings":null,"concurrency":null,"serviceAccountEmail":null,"vpc":null,"platform":"gcfv2","labels":{},"httpsTrigger":{},"entryPoint":"ssr"},"actualizarProgramacion":{"availableMemoryMb":2048,"timeoutSeconds":540,"minInstances":null,"maxInstances":null,"ingressSettings":null,"concurrency":null,"serviceAccountEmail":null,"vpc":null,"platform":"gcfv2","labels":{},"scheduleTrigger":{"schedule":"0 0 */5 * *","retryConfig":{},"timeZone":"Europe/Madrid"},"entryPoint":"actualizarProgramacion"},"syncEPGDataScheduled":{"availableMemoryMb":1024,"timeoutSeconds":540,"minInstances":null,"maxInstances":null,"ingressSettings":null,"concurrency":null,"serviceAccountEmail":null,"vpc":null,"platform":"gcfv2","labels":{},"scheduleTrigger":{"schedule":"0 */6 * * *","retryConfig":{},"timeZone":"Europe/Madrid"},"entryPoint":"syncEPGDataScheduled"},"precomputeSchedulesScheduled":{"availableMemoryMb":512,"timeoutSeconds":300,"minInstances":null,"maxInstances":null,"ingressSettings":null,"concurrency":null,"serviceAccountEmail":null,"vpc":null,"platform":"gcfv2","labels":{},"scheduleTrigger":{"schedule":"15 */6 * * *","retryConfig":{},"timeZone":"Europe/Madrid"},"entryPoint":"precomputeSchedulesScheduled"},"cleanOldProgramsScheduled":{"availableMemoryMb":256,"timeoutSeconds":300,"minInstances":null,"maxInstances":null,"ingressSettings":null,"concurrency":null,"serviceAccountEmail":null,"vpc":null,"platform":"gcfv2","labels":{},"scheduleTrigger":{"schedule":"0 3 * * *","retryConfig":{},"timeZone":"Europe/Madrid"},"entryPoint":"cleanOldProgramsScheduled"}},"specVersion":"v1alpha1","requiredAPIs":[{"api":"cloudscheduler.googleapis.com","reason":"Needed for scheduled functions."}],"extensions":{}}
[info] +  functions: Loaded functions definitions from source: v1, v2, ssr, actualizarProgramacion, syncEPGDataScheduled, precomputeSchedulesScheduled, cleanOldProgramsScheduled. {"metadata":{"emulator":{"name":"functions"},"message":"Loaded functions definitions from source: v1, v2, ssr, actualizarProgramacion, syncEPGDataScheduled, precomputeSchedulesScheduled, cleanOldProgramsScheduled."}}
[info] +  functions[us-central1-v1]: http function initialized (http://127.0.0.1:5001/guia-tv-8fe3c/us-central1/v1). {"metadata":{"emulator":{"name":"functions"},"message":"\u001b[1mhttp\u001b[22m function initialized (http://127.0.0.1:5001/guia-tv-8fe3c/us-central1/v1)."}}
[info] +  functions[us-central1-v2]: http function initialized (http://127.0.0.1:5001/guia-tv-8fe3c/us-central1/v2). {"metadata":{"emulator":{"name":"functions"},"message":"\u001b[1mhttp\u001b[22m function initialized (http://127.0.0.1:5001/guia-tv-8fe3c/us-central1/v2)."}}
[info] +  functions[us-central1-ssr]: http function initialized (http://127.0.0.1:5001/guia-tv-8fe3c/us-central1/ssr). {"metadata":{"emulator":{"name":"functions"},"message":"\u001b[1mhttp\u001b[22m function initialized (http://127.0.0.1:5001/guia-tv-8fe3c/us-central1/ssr)."}}
[debug] [2025-11-19T14:53:33.801Z] addPubsubTrigger {"eventTrigger":{"eventType":"pubsub","resource":""}}
[debug] [2025-11-19T14:53:33.802Z] [pubsub] addTrigger(firebase-schedule-actualizarProgramacion, us-central1-actualizarProgramacion-0, http)
[debug] [2025-11-19T14:53:33.803Z] [pubsub] Creating topic: firebase-schedule-actualizarProgramacion
[debug] [2025-11-19T14:53:34.039Z] [pubsub] Creating sub for topic: firebase-schedule-actualizarProgramacion
[info] +  functions[us-central1-actualizarProgramacion]: pubsub function initialized. {"metadata":{"emulator":{"name":"functions"},"message":"\u001b[1mpubsub\u001b[22m function initialized."}}
[debug] [2025-11-19T14:53:34.074Z] addPubsubTrigger {"eventTrigger":{"eventType":"pubsub","resource":""}}
[debug] [2025-11-19T14:53:34.075Z] [pubsub] addTrigger(firebase-schedule-syncEPGDataScheduled, us-central1-syncEPGDataScheduled-0, http)
[debug] [2025-11-19T14:53:34.075Z] [pubsub] Creating topic: firebase-schedule-syncEPGDataScheduled
[debug] [2025-11-19T14:53:34.121Z] [pubsub] Creating sub for topic: firebase-schedule-syncEPGDataScheduled
[info] +  functions[us-central1-syncEPGDataScheduled]: pubsub function initialized. {"metadata":{"emulator":{"name":"functions"},"message":"\u001b[1mpubsub\u001b[22m function initialized."}}
[debug] [2025-11-19T14:53:34.129Z] addPubsubTrigger {"eventTrigger":{"eventType":"pubsub","resource":""}}
[debug] [2025-11-19T14:53:34.129Z] [pubsub] addTrigger(firebase-schedule-precomputeSchedulesScheduled, us-central1-precomputeSchedulesScheduled-0, http)
[debug] [2025-11-19T14:53:34.130Z] [pubsub] Creating topic: firebase-schedule-precomputeSchedulesScheduled
[debug] [2025-11-19T14:53:34.141Z] [pubsub] Creating sub for topic: firebase-schedule-precomputeSchedulesScheduled
[info] +  functions[us-central1-precomputeSchedulesScheduled]: pubsub function initialized. {"metadata":{"emulator":{"name":"functions"},"message":"\u001b[1mpubsub\u001b[22m function initialized."}}
[debug] [2025-11-19T14:53:34.153Z] addPubsubTrigger {"eventTrigger":{"eventType":"pubsub","resource":""}}
[debug] [2025-11-19T14:53:34.154Z] [pubsub] addTrigger(firebase-schedule-cleanOldProgramsScheduled, us-central1-cleanOldProgramsScheduled-0, http)
[debug] [2025-11-19T14:53:34.154Z] [pubsub] Creating topic: firebase-schedule-cleanOldProgramsScheduled
[debug] [2025-11-19T14:53:34.160Z] [pubsub] Creating sub for topic: firebase-schedule-cleanOldProgramsScheduled
[info] +  functions[us-central1-cleanOldProgramsScheduled]: pubsub function initialized. {"metadata":{"emulator":{"name":"functions"},"message":"\u001b[1mpubsub\u001b[22m function initialized."}}
[debug] [2025-11-19T14:53:34.193Z] Could not find VSCode notification endpoint: FetchError: request to http://localhost:40001/vscode/notify failed, reason: . If you are not running the Firebase Data Connect VSCode extension, this is expected and not an issue.
[info] 
┌─────────────────────────────────────────────────────────────┐
│ ✔  All emulators ready! It is now safe to connect your app. │
│ i  View Emulator UI at http://127.0.0.1:4000/               │
└─────────────────────────────────────────────────────────────┘

┌───────────┬──────────────┬─────────────────────────────────┐
│ Emulator  │ Host:Port    │ View in Emulator UI             │
├───────────┼──────────────┼─────────────────────────────────┤
│ Functions │ 0.0.0.0:5001 │ http://127.0.0.1:4000/functions │
├───────────┼──────────────┼─────────────────────────────────┤
│ Firestore │ 0.0.0.0:8080 │ http://127.0.0.1:4000/firestore │
├───────────┼──────────────┼─────────────────────────────────┤
│ Pub/Sub   │ 0.0.0.0:8085 │ n/a                             │
├───────────┼──────────────┼─────────────────────────────────┤
│ Storage   │ 0.0.0.0:9199 │ http://127.0.0.1:4000/storage   │
└───────────┴──────────────┴─────────────────────────────────┘
  Emulator Hub host: 127.0.0.1 port: 4400
  Other reserved ports: 4500, 9150

Issues? Report them at https://github.com/firebase/firebase-tools/issues and attach the *-debug.log files.
 
[warn] !  emulators: firebase-tools will drop support for Java version < 21 soon in firebase-tools@15. Please install a JDK at version 21 or above to get a compatible runtime. 
[debug] [2025-11-19T15:31:24.456Z] [work-queue] {"queuedWork":["/guia-tv-8fe3c/us-central1/v2-2025-11-19T15:31:24.455Z"],"queueLength":1,"runningWork":[],"workRunningCount":0}
[debug] [2025-11-19T15:31:24.457Z] [work-queue] {"queuedWork":[],"queueLength":0,"runningWork":["/guia-tv-8fe3c/us-central1/v2-2025-11-19T15:31:24.455Z"],"workRunningCount":1}
[debug] [2025-11-19T15:31:24.458Z] Accepted request GET /guia-tv-8fe3c/us-central1/v2 --> us-central1-v2
[debug] [2025-11-19T15:31:24.474Z] [functions] Runtime ready! Sending request! {"metadata":{"emulator":{"name":"functions"},"message":"[functions] Runtime ready! Sending request!"}}
[debug] [2025-11-19T15:31:24.474Z] [functions] Got req.url=/guia-tv-8fe3c/us-central1/v2, mapping to path=/ {"metadata":{"emulator":{"name":"functions"},"message":"[functions] Got req.url=/guia-tv-8fe3c/us-central1/v2, mapping to path=/"}}
[info] i  functions: Loaded environment variables from .env. 
[debug] [2025-11-19T15:31:24.597Z] [worker-pool] addWorker(us-central1-v2) {"metadata":{"emulator":{"name":"functions"},"message":"[worker-pool] addWorker(us-central1-v2)"}}
[debug] [2025-11-19T15:31:24.599Z] [worker-pool] Adding worker with key us-central1-v2, total=1 {"metadata":{"emulator":{"name":"functions"},"message":"[worker-pool] Adding worker with key us-central1-v2, total=1"}}
[debug] [2025-11-19T15:31:28.439Z] [work-queue] {"queuedWork":["/guia-tv-8fe3c/us-central1/v2-2025-11-19T15:31:28.439Z"],"queueLength":1,"runningWork":["/guia-tv-8fe3c/us-central1/v2-2025-11-19T15:31:24.455Z"],"workRunningCount":1}
[debug] [2025-11-19T15:31:28.440Z] [work-queue] {"queuedWork":[],"queueLength":0,"runningWork":["/guia-tv-8fe3c/us-central1/v2-2025-11-19T15:31:24.455Z","/guia-tv-8fe3c/us-central1/v2-2025-11-19T15:31:28.439Z"],"workRunningCount":2}
[debug] [2025-11-19T15:31:28.441Z] Accepted request GET /guia-tv-8fe3c/us-central1/v2 --> us-central1-v2
[debug] [2025-11-19T15:31:28.444Z] [functions] Runtime ready! Sending request! {"metadata":{"emulator":{"name":"functions"},"message":"[functions] Runtime ready! Sending request!"}}
[debug] [2025-11-19T15:31:28.445Z] [functions] Got req.url=/guia-tv-8fe3c/us-central1/v2, mapping to path=/ {"metadata":{"emulator":{"name":"functions"},"message":"[functions] Got req.url=/guia-tv-8fe3c/us-central1/v2, mapping to path=/"}}
[info] i  functions: Loaded environment variables from .env. 
[debug] [2025-11-19T15:31:28.543Z] [worker-pool] addWorker(us-central1-v2) {"metadata":{"emulator":{"name":"functions"},"message":"[worker-pool] addWorker(us-central1-v2)"}}
[debug] [2025-11-19T15:31:28.544Z] [worker-pool] Adding worker with key us-central1-v2, total=2 {"metadata":{"emulator":{"name":"functions"},"message":"[worker-pool] Adding worker with key us-central1-v2, total=2"}}
[info] >  (node:28080) [DEP0040] DeprecationWarning: The `punycode` module is deprecated. Please use a userland alternative instead. {"user":"(node:28080) [DEP0040] DeprecationWarning: The `punycode` module is deprecated. Please use a userland alternative instead.","metadata":{"emulator":{"name":"functions"},"function":{"name":"us-central1-v2"},"extension":{},"message":"\u001b[90m> \u001b[39m (node:28080) [DEP0040] DeprecationWarning: The `punycode` module is deprecated. Please use a userland alternative instead."}}
[info] >  (Use `node --trace-deprecation ...` to show where the warning was created) {"user":"(Use `node --trace-deprecation ...` to show where the warning was created)","metadata":{"emulator":{"name":"functions"},"function":{"name":"us-central1-v2"},"extension":{},"message":"\u001b[90m> \u001b[39m (Use `node --trace-deprecation ...` to show where the warning was created)"}}
[info] >  (node:1712) [DEP0040] DeprecationWarning: The `punycode` module is deprecated. Please use a userland alternative instead. {"user":"(node:1712) [DEP0040] DeprecationWarning: The `punycode` module is deprecated. Please use a userland alternative instead.","metadata":{"emulator":{"name":"functions"},"function":{"name":"us-central1-v2"},"extension":{},"message":"\u001b[90m> \u001b[39m (node:1712) [DEP0040] DeprecationWarning: The `punycode` module is deprecated. Please use a userland alternative instead."}}
[info] >  (Use `node --trace-deprecation ...` to show where the warning was created) {"user":"(Use `node --trace-deprecation ...` to show where the warning was created)","metadata":{"emulator":{"name":"functions"},"function":{"name":"us-central1-v2"},"extension":{},"message":"\u001b[90m> \u001b[39m (Use `node --trace-deprecation ...` to show where the warning was created)"}}
[debug] [2025-11-19T15:31:51.095Z] [runtime-status] [1712] Resolved module firebase-admin {"declared":true,"installed":true,"version":"11.11.1","resolution":"C:\\Users\\mgonzalezv.INDRA\\Documents\\private-workspace\\guia-tv\\functions\\node_modules\\firebase-admin\\lib\\index.js"} {"metadata":{"emulator":{"name":"functions"},"function":{"name":"us-central1-v2"},"extension":{},"message":"[runtime-status] [1712] Resolved module firebase-admin {\"declared\":true,\"installed\":true,\"version\":\"11.11.1\",\"resolution\":\"C:\\\\Users\\\\mgonzalezv.INDRA\\\\Documents\\\\private-workspace\\\\guia-tv\\\\functions\\\\node_modules\\\\firebase-admin\\\\lib\\\\index.js\"}"}}
[debug] [2025-11-19T15:31:51.096Z] [runtime-status] [28080] Resolved module firebase-admin {"declared":true,"installed":true,"version":"11.11.1","resolution":"C:\\Users\\mgonzalezv.INDRA\\Documents\\private-workspace\\guia-tv\\functions\\node_modules\\firebase-admin\\lib\\index.js"} {"metadata":{"emulator":{"name":"functions"},"function":{"name":"us-central1-v2"},"extension":{},"message":"[runtime-status] [28080] Resolved module firebase-admin {\"declared\":true,\"installed\":true,\"version\":\"11.11.1\",\"resolution\":\"C:\\\\Users\\\\mgonzalezv.INDRA\\\\Documents\\\\private-workspace\\\\guia-tv\\\\functions\\\\node_modules\\\\firebase-admin\\\\lib\\\\index.js\"}"}}
[debug] [2025-11-19T15:31:51.144Z] [runtime-status] [28080] Resolved module firebase-functions {"declared":true,"installed":true,"version":"7.0.0","resolution":"C:\\Users\\mgonzalezv.INDRA\\Documents\\private-workspace\\guia-tv\\functions\\node_modules\\firebase-functions\\lib\\v2\\index.js"} {"metadata":{"emulator":{"name":"functions"},"function":{"name":"us-central1-v2"},"extension":{},"message":"[runtime-status] [28080] Resolved module firebase-functions {\"declared\":true,\"installed\":true,\"version\":\"7.0.0\",\"resolution\":\"C:\\\\Users\\\\mgonzalezv.INDRA\\\\Documents\\\\private-workspace\\\\guia-tv\\\\functions\\\\node_modules\\\\firebase-functions\\\\lib\\\\v2\\\\index.js\"}"}}
[debug] [2025-11-19T15:31:51.145Z] [runtime-status] [1712] Resolved module firebase-functions {"declared":true,"installed":true,"version":"7.0.0","resolution":"C:\\Users\\mgonzalezv.INDRA\\Documents\\private-workspace\\guia-tv\\functions\\node_modules\\firebase-functions\\lib\\v2\\index.js"} {"metadata":{"emulator":{"name":"functions"},"function":{"name":"us-central1-v2"},"extension":{},"message":"[runtime-status] [1712] Resolved module firebase-functions {\"declared\":true,\"installed\":true,\"version\":\"7.0.0\",\"resolution\":\"C:\\\\Users\\\\mgonzalezv.INDRA\\\\Documents\\\\private-workspace\\\\guia-tv\\\\functions\\\\node_modules\\\\firebase-functions\\\\lib\\\\v2\\\\index.js\"}"}}
[debug] [2025-11-19T15:31:51.147Z] [runtime-status] [1712] Outgoing network have been stubbed. [{"name":"http","status":"mocked"},{"name":"http","status":"mocked"},{"name":"https","status":"mocked"},{"name":"https","status":"mocked"},{"name":"net","status":"mocked"}] {"metadata":{"emulator":{"name":"functions"},"function":{"name":"us-central1-v2"},"extension":{},"message":"[runtime-status] [1712] Outgoing network have been stubbed. [{\"name\":\"http\",\"status\":\"mocked\"},{\"name\":\"http\",\"status\":\"mocked\"},{\"name\":\"https\",\"status\":\"mocked\"},{\"name\":\"https\",\"status\":\"mocked\"},{\"name\":\"net\",\"status\":\"mocked\"}]"}}
[debug] [2025-11-19T15:31:51.151Z] [runtime-status] [28080] Outgoing network have been stubbed. [{"name":"http","status":"mocked"},{"name":"http","status":"mocked"},{"name":"https","status":"mocked"},{"name":"https","status":"mocked"},{"name":"net","status":"mocked"}] {"metadata":{"emulator":{"name":"functions"},"function":{"name":"us-central1-v2"},"extension":{},"message":"[runtime-status] [28080] Outgoing network have been stubbed. [{\"name\":\"http\",\"status\":\"mocked\"},{\"name\":\"http\",\"status\":\"mocked\"},{\"name\":\"https\",\"status\":\"mocked\"},{\"name\":\"https\",\"status\":\"mocked\"},{\"name\":\"net\",\"status\":\"mocked\"}]"}}
[debug] [2025-11-19T15:31:51.171Z] [runtime-status] [1712] Resolved module firebase-functions {"declared":true,"installed":true,"version":"7.0.0","resolution":"C:\\Users\\mgonzalezv.INDRA\\Documents\\private-workspace\\guia-tv\\functions\\node_modules\\firebase-functions\\lib\\v2\\index.js"} {"metadata":{"emulator":{"name":"functions"},"function":{"name":"us-central1-v2"},"extension":{},"message":"[runtime-status] [1712] Resolved module firebase-functions {\"declared\":true,\"installed\":true,\"version\":\"7.0.0\",\"resolution\":\"C:\\\\Users\\\\mgonzalezv.INDRA\\\\Documents\\\\private-workspace\\\\guia-tv\\\\functions\\\\node_modules\\\\firebase-functions\\\\lib\\\\v2\\\\index.js\"}"}}
[debug] [2025-11-19T15:31:51.172Z] [runtime-status] [28080] Resolved module firebase-functions {"declared":true,"installed":true,"version":"7.0.0","resolution":"C:\\Users\\mgonzalezv.INDRA\\Documents\\private-workspace\\guia-tv\\functions\\node_modules\\firebase-functions\\lib\\v2\\index.js"} {"metadata":{"emulator":{"name":"functions"},"function":{"name":"us-central1-v2"},"extension":{},"message":"[runtime-status] [28080] Resolved module firebase-functions {\"declared\":true,\"installed\":true,\"version\":\"7.0.0\",\"resolution\":\"C:\\\\Users\\\\mgonzalezv.INDRA\\\\Documents\\\\private-workspace\\\\guia-tv\\\\functions\\\\node_modules\\\\firebase-functions\\\\lib\\\\v2\\\\index.js\"}"}}
[error] !!  functions: Failed to handle request for function us-central1-v2 {"metadata":{"emulator":{"name":"functions"},"message":"Failed to handle request for function us-central1-v2"}}
[error] !!  functions: Failed to start functions in C:\Users\mgonzalezv.INDRA\Documents\private-workspace\guia-tv\functions: FirebaseError: Failed to load function. {"metadata":{"emulator":{"name":"functions"},"message":"Failed to start functions in C:\\Users\\mgonzalezv.INDRA\\Documents\\private-workspace\\guia-tv\\functions: FirebaseError: Failed to load function."}}
[debug] [2025-11-19T15:31:54.636Z] [work-queue] {"queuedWork":[],"queueLength":0,"runningWork":["/guia-tv-8fe3c/us-central1/v2-2025-11-19T15:31:28.439Z"],"workRunningCount":1}
[error] !!  functions: Failed to handle request for function us-central1-v2 {"metadata":{"emulator":{"name":"functions"},"message":"Failed to handle request for function us-central1-v2"}}
[error] !!  functions: Failed to start functions in C:\Users\mgonzalezv.INDRA\Documents\private-workspace\guia-tv\functions: FirebaseError: Failed to load function. {"metadata":{"emulator":{"name":"functions"},"message":"Failed to start functions in C:\\Users\\mgonzalezv.INDRA\\Documents\\private-workspace\\guia-tv\\functions: FirebaseError: Failed to load function."}}
[debug] [2025-11-19T15:31:58.641Z] [work-queue] {"queuedWork":[],"queueLength":0,"runningWork":[],"workRunningCount":0}
[warn] !  functions: functions.config() has been removed in firebase-functions v7. Migrate to environment parameters using the params module. Migration guide: https://firebase.google.com/docs/functions/config-env#migrate-config {"metadata":{"emulator":{"name":"functions"},"function":{"name":"us-central1-v2"},"extension":{},"message":"functions.config() has been removed in firebase-functions v7. Migrate to environment parameters using the params module. Migration guide: https://firebase.google.com/docs/functions/config-env#migrate-config"}}
[warn] !  Your function was killed because it raised an unhandled error. {"metadata":{"emulator":{"name":"functions"},"function":{"name":"us-central1-v2"},"extension":{},"message":"Your function was killed because it raised an unhandled error."}}
[warn] !  functions: functions.config() has been removed in firebase-functions v7. Migrate to environment parameters using the params module. Migration guide: https://firebase.google.com/docs/functions/config-env#migrate-config {"metadata":{"emulator":{"name":"functions"},"function":{"name":"us-central1-v2"},"extension":{},"message":"functions.config() has been removed in firebase-functions v7. Migrate to environment parameters using the params module. Migration guide: https://firebase.google.com/docs/functions/config-env#migrate-config"}}
[warn] !  Your function was killed because it raised an unhandled error. {"metadata":{"emulator":{"name":"functions"},"function":{"name":"us-central1-v2"},"extension":{},"message":"Your function was killed because it raised an unhandled error."}}
[debug] [2025-11-19T15:32:01.220Z] [worker-us-central1-v2-f0a57efc-6c0a-43f0-b70c-47e59b978403]: exited {"metadata":{"emulator":{"name":"functions"},"function":{"name":"us-central1-v2"},"extension":{},"message":"[worker-us-central1-v2-f0a57efc-6c0a-43f0-b70c-47e59b978403]: exited"}}
[debug] [2025-11-19T15:32:01.222Z] [worker-us-central1-v2-f0a57efc-6c0a-43f0-b70c-47e59b978403]: FINISHED {"metadata":{"emulator":{"name":"functions"},"function":{"name":"us-central1-v2"},"extension":{},"message":"[worker-us-central1-v2-f0a57efc-6c0a-43f0-b70c-47e59b978403]: FINISHED"}}
[debug] [2025-11-19T15:32:01.224Z] [worker-us-central1-v2-4f6cba5f-59d2-41c1-aceb-f39b81d3ab77]: exited {"metadata":{"emulator":{"name":"functions"},"function":{"name":"us-central1-v2"},"extension":{},"message":"[worker-us-central1-v2-4f6cba5f-59d2-41c1-aceb-f39b81d3ab77]: exited"}}
[debug] [2025-11-19T15:32:01.224Z] [worker-us-central1-v2-4f6cba5f-59d2-41c1-aceb-f39b81d3ab77]: FINISHED {"metadata":{"emulator":{"name":"functions"},"function":{"name":"us-central1-v2"},"extension":{},"message":"[worker-us-central1-v2-4f6cba5f-59d2-41c1-aceb-f39b81d3ab77]: FINISHED"}}
[debug] [2025-11-19T15:32:53.415Z] File C:\Users\mgonzalezv.INDRA\Documents\private-workspace\guia-tv\functions\src\v2\config\app.config.ts changed, reloading triggers {"metadata":{"emulator":{"name":"functions"},"message":"File C:\\Users\\mgonzalezv.INDRA\\Documents\\private-workspace\\guia-tv\\functions\\src\\v2\\config\\app.config.ts changed, reloading triggers"}}
[debug] [2025-11-19T15:32:54.440Z] Validating nodejs source
[debug] [2025-11-19T15:33:04.655Z] checkFunctionsSDKVersion was unable to fetch information from NPM Error: spawnSync C:\WINDOWS\system32\cmd.exe ETIMEDOUT
    at Object.spawnSync (node:internal/child_process:1120:20)
    at Object.spawnSync (node:child_process:868:24)
    at Function.spawnSync [as sync] (C:\Users\mgonzalezv.INDRA\AppData\Roaming\npm\node_modules\firebase-tools\node_modules\cross-spawn\index.js:26:23)
    at Object.getLatestSDKVersion (C:\Users\mgonzalezv.INDRA\AppData\Roaming\npm\node_modules\firebase-tools\lib\deploy\functions\runtimes\node\versioning.js:54:25)
    at Object.checkFunctionsSDKVersion (C:\Users\mgonzalezv.INDRA\AppData\Roaming\npm\node_modules\firebase-tools\lib\deploy\functions\runtimes\node\versioning.js:74:32)
    at Delegate.validate (C:\Users\mgonzalezv.INDRA\AppData\Roaming\npm\node_modules\firebase-tools\lib\deploy\functions\runtimes\node\index.js:89:20)
    at FunctionsEmulator.discoverTriggers (C:\Users\mgonzalezv.INDRA\AppData\Roaming\npm\node_modules\firebase-tools\lib\emulator\functionsEmulator.js:320:35)
    at async FunctionsEmulator.loadTriggers (C:\Users\mgonzalezv.INDRA\AppData\Roaming\npm\node_modules\firebase-tools\lib\emulator\functionsEmulator.js:362:34)
[debug] [2025-11-19T15:33:04.658Z] > [functions] package.json contents: {
  "name": "functions",
  "version": "1.0.0",
  "description": "Cloud Functions for Firebase",
  "scripts": {
    "build": "tsc && tsc-alias",
    "build:watch": "tsc --watch",
    "emulators:start": "npm run build && firebase emulators:start --debug --only functions,firestore,storage,pubsub,ui",
    "emulators:start:no-build": "firebase emulators:start --only functions,firestore,storage,pubsub,ui",
    "dev:emulators": "npm run emulators:start",
    "lint": "eslint src/**/*.ts",
    "lint:fix": "eslint src/**/*.ts --fix",
    "clean": "node -e \"require('fs').rmSync('lib', { recursive: true, force: true })\"",
    "test": "jest"
  },
  "engines": {
    "node": "22"
  },
  "main": "lib/index.js",
  "dependencies": {
    "async-retry": "^1.3.3",
    "axios": "^1.3.4",
    "cheerio": "^1.0.0-rc.12",
    "compression": "^1.7.4",
    "cors": "^2.8.5",
    "date-fns": "^2.29.3",
    "esm": "^3.2.25",
    "express": "^4.18.2",
    "express-rate-limit": "^7.1.5",
    "firebase-admin": "^11.10.0",
    "firebase-functions": "^7.0.0",
    "gunzip": "^1.2.2",
    "gunzip-file": "^0.1.1",
    "p-retry": "^5.1.2",
    "redis": "^5.8.3",
    "retry": "^0.13.1",
    "swagger-jsdoc": "^6.2.8",
    "swagger-ui-express": "^5.0.1",
    "xml2js": "^0.4.23"
  },
  "devDependencies": {
    "@types/compression": "^1.8.1",
    "@types/cors": "^2.8.13",
    "@types/date-fns": "^2.6.0",
    "@types/express": "^4.17.17",
    "@types/node": "^18.15.5",
    "@types/node-fetch": "^2.6.3",
    "@types/swagger-jsdoc": "^6.0.4",
    "@types/swagger-ui-express": "^4.1.8",
    "@types/xml2js": "^0.4.11",
    "concurrently": "^8.2.2",
    "dotenv": "^16.3.1",
    "firebase-functions-test": "^3.0.0",
    "nodemon": "^3.0.2",
    "ts-node": "^10.9.1",
    "tsc-alias": "^1.7.0",
    "tsconfig-paths": "^4.2.0",
    "typescript": "^4.9.5"
  },
  "private": true
}
[debug] [2025-11-19T15:33:04.659Z] Building nodejs source
[debug] [2025-11-19T15:33:04.660Z] Failed to find version of module node: reached end of search path C:\Users\mgonzalezv.INDRA\Documents\private-workspace\guia-tv\functions\node_modules
[info] +  functions: Using node@22 from host. 
[info] i  functions: Loaded environment variables from .env. 
[debug] [2025-11-19T15:33:04.669Z] Could not find functions.yaml. Must use http discovery
[debug] [2025-11-19T15:33:04.712Z] Found firebase-functions binary at 'C:\Users\mgonzalezv.INDRA\Documents\private-workspace\guia-tv\functions\node_modules\.bin\firebase-functions'
[debug] [2025-11-19T15:33:04.809Z] File C:\Users\mgonzalezv.INDRA\Documents\private-workspace\guia-tv\functions\src\v2\config\firebase.config.ts changed, reloading triggers {"metadata":{"emulator":{"name":"functions"},"message":"File C:\\Users\\mgonzalezv.INDRA\\Documents\\private-workspace\\guia-tv\\functions\\src\\v2\\config\\firebase.config.ts changed, reloading triggers"}}
[debug] [2025-11-19T15:33:05.820Z] Validating nodejs source
[debug] [2025-11-19T15:33:15.897Z] checkFunctionsSDKVersion was unable to fetch information from NPM Error: spawnSync C:\WINDOWS\system32\cmd.exe ETIMEDOUT
    at Object.spawnSync (node:internal/child_process:1120:20)
    at Object.spawnSync (node:child_process:868:24)
    at Function.spawnSync [as sync] (C:\Users\mgonzalezv.INDRA\AppData\Roaming\npm\node_modules\firebase-tools\node_modules\cross-spawn\index.js:26:23)
    at Object.getLatestSDKVersion (C:\Users\mgonzalezv.INDRA\AppData\Roaming\npm\node_modules\firebase-tools\lib\deploy\functions\runtimes\node\versioning.js:54:25)
    at Object.checkFunctionsSDKVersion (C:\Users\mgonzalezv.INDRA\AppData\Roaming\npm\node_modules\firebase-tools\lib\deploy\functions\runtimes\node\versioning.js:74:32)
    at Delegate.validate (C:\Users\mgonzalezv.INDRA\AppData\Roaming\npm\node_modules\firebase-tools\lib\deploy\functions\runtimes\node\index.js:89:20)
    at FunctionsEmulator.discoverTriggers (C:\Users\mgonzalezv.INDRA\AppData\Roaming\npm\node_modules\firebase-tools\lib\emulator\functionsEmulator.js:320:35)
    at async FunctionsEmulator.loadTriggers (C:\Users\mgonzalezv.INDRA\AppData\Roaming\npm\node_modules\firebase-tools\lib\emulator\functionsEmulator.js:362:34)
[debug] [2025-11-19T15:33:15.910Z] > [functions] package.json contents: {
  "name": "functions",
  "version": "1.0.0",
  "description": "Cloud Functions for Firebase",
  "scripts": {
    "build": "tsc && tsc-alias",
    "build:watch": "tsc --watch",
    "emulators:start": "npm run build && firebase emulators:start --debug --only functions,firestore,storage,pubsub,ui",
    "emulators:start:no-build": "firebase emulators:start --only functions,firestore,storage,pubsub,ui",
    "dev:emulators": "npm run emulators:start",
    "lint": "eslint src/**/*.ts",
    "lint:fix": "eslint src/**/*.ts --fix",
    "clean": "node -e \"require('fs').rmSync('lib', { recursive: true, force: true })\"",
    "test": "jest"
  },
  "engines": {
    "node": "22"
  },
  "main": "lib/index.js",
  "dependencies": {
    "async-retry": "^1.3.3",
    "axios": "^1.3.4",
    "cheerio": "^1.0.0-rc.12",
    "compression": "^1.7.4",
    "cors": "^2.8.5",
    "date-fns": "^2.29.3",
    "esm": "^3.2.25",
    "express": "^4.18.2",
    "express-rate-limit": "^7.1.5",
    "firebase-admin": "^11.10.0",
    "firebase-functions": "^7.0.0",
    "gunzip": "^1.2.2",
    "gunzip-file": "^0.1.1",
    "p-retry": "^5.1.2",
    "redis": "^5.8.3",
    "retry": "^0.13.1",
    "swagger-jsdoc": "^6.2.8",
    "swagger-ui-express": "^5.0.1",
    "xml2js": "^0.4.23"
  },
  "devDependencies": {
    "@types/compression": "^1.8.1",
    "@types/cors": "^2.8.13",
    "@types/date-fns": "^2.6.0",
    "@types/express": "^4.17.17",
    "@types/node": "^18.15.5",
    "@types/node-fetch": "^2.6.3",
    "@types/swagger-jsdoc": "^6.0.4",
    "@types/swagger-ui-express": "^4.1.8",
    "@types/xml2js": "^0.4.11",
    "concurrently": "^8.2.2",
    "dotenv": "^16.3.1",
    "firebase-functions-test": "^3.0.0",
    "nodemon": "^3.0.2",
    "ts-node": "^10.9.1",
    "tsc-alias": "^1.7.0",
    "tsconfig-paths": "^4.2.0",
    "typescript": "^4.9.5"
  },
  "private": true
}
[debug] [2025-11-19T15:33:15.914Z] Building nodejs source
[debug] [2025-11-19T15:33:15.917Z] Failed to find version of module node: reached end of search path C:\Users\mgonzalezv.INDRA\Documents\private-workspace\guia-tv\functions\node_modules
[info] +  functions: Using node@22 from host. 
[info] i  functions: Loaded environment variables from .env. 
[debug] [2025-11-19T15:33:15.940Z] Could not find functions.yaml. Must use http discovery
[debug] [2025-11-19T15:33:15.985Z] Found firebase-functions binary at 'C:\Users\mgonzalezv.INDRA\Documents\private-workspace\guia-tv\functions\node_modules\.bin\firebase-functions'
[info] Serving at port 8862

[info] Serving at port 8534

[debug] [2025-11-19T15:33:23.174Z] Got response from /__/functions.yaml {"endpoints":{"v1":{"availableMemoryMb":2048,"timeoutSeconds":540,"minInstances":null,"maxInstances":null,"ingressSettings":null,"concurrency":null,"serviceAccountEmail":null,"vpc":null,"platform":"gcfv2","labels":{},"httpsTrigger":{},"entryPoint":"v1"},"v2":{"availableMemoryMb":512,"timeoutSeconds":60,"minInstances":0,"maxInstances":10,"ingressSettings":null,"concurrency":null,"serviceAccountEmail":null,"vpc":null,"platform":"gcfv2","labels":{},"httpsTrigger":{},"entryPoint":"v2"},"ssr":{"availableMemoryMb":1024,"timeoutSeconds":540,"minInstances":null,"maxInstances":null,"ingressSettings":null,"concurrency":null,"serviceAccountEmail":null,"vpc":null,"platform":"gcfv2","labels":{},"httpsTrigger":{},"entryPoint":"ssr"},"actualizarProgramacion":{"availableMemoryMb":2048,"timeoutSeconds":540,"minInstances":null,"maxInstances":null,"ingressSettings":null,"concurrency":null,"serviceAccountEmail":null,"vpc":null,"platform":"gcfv2","labels":{},"scheduleTrigger":{"schedule":"0 0 */5 * *","retryConfig":{},"timeZone":"Europe/Madrid"},"entryPoint":"actualizarProgramacion"},"syncEPGDataScheduled":{"availableMemoryMb":1024,"timeoutSeconds":540,"minInstances":null,"maxInstances":null,"ingressSettings":null,"concurrency":null,"serviceAccountEmail":null,"vpc":null,"platform":"gcfv2","labels":{},"scheduleTrigger":{"schedule":"0 */6 * * *","retryConfig":{},"timeZone":"Europe/Madrid"},"entryPoint":"syncEPGDataScheduled"},"precomputeSchedulesScheduled":{"availableMemoryMb":512,"timeoutSeconds":300,"minInstances":null,"maxInstances":null,"ingressSettings":null,"concurrency":null,"serviceAccountEmail":null,"vpc":null,"platform":"gcfv2","labels":{},"scheduleTrigger":{"schedule":"15 */6 * * *","retryConfig":{},"timeZone":"Europe/Madrid"},"entryPoint":"precomputeSchedulesScheduled"},"cleanOldProgramsScheduled":{"availableMemoryMb":256,"timeoutSeconds":300,"minInstances":null,"maxInstances":null,"ingressSettings":null,"concurrency":null,"serviceAccountEmail":null,"vpc":null,"platform":"gcfv2","labels":{},"scheduleTrigger":{"schedule":"0 3 * * *","retryConfig":{},"timeZone":"Europe/Madrid"},"entryPoint":"cleanOldProgramsScheduled"}},"specVersion":"v1alpha1","requiredAPIs":[{"api":"cloudscheduler.googleapis.com","reason":"Needed for scheduled functions."}],"extensions":{}}
[error] !!  functions: Failed to load function definition from source: FirebaseError: User code failed to load. Cannot determine backend specification. Timeout after 10000. See https://firebase.google.com/docs/functions/tips#avoid_deployment_timeouts_during_initialization' {"metadata":{"emulator":{"name":"functions"},"message":"Failed to load function definition from source: FirebaseError: User code failed to load. Cannot determine backend specification. Timeout after 10000. See https://firebase.google.com/docs/functions/tips#avoid_deployment_timeouts_during_initialization'"}}
[info] +  functions: Loaded functions definitions from source: v1, v2, ssr, actualizarProgramacion, syncEPGDataScheduled, precomputeSchedulesScheduled, cleanOldProgramsScheduled. {"metadata":{"emulator":{"name":"functions"},"message":"Loaded functions definitions from source: v1, v2, ssr, actualizarProgramacion, syncEPGDataScheduled, precomputeSchedulesScheduled, cleanOldProgramsScheduled."}}
[debug] [2025-11-19T16:09:16.471Z] Received signal SIGINT (Ctrl-C) 1
[info]  
[info] i  emulators: Received SIGINT (Ctrl-C) for the first time. Starting a clean shutdown. 
[info] i  emulators: Please wait for a clean shutdown or send the SIGINT (Ctrl-C) signal again to stop right now. 
[info] i  emulators: Shutting down emulators. {"metadata":{"emulator":{"name":"hub"},"message":"Shutting down emulators."}}
[info] i  ui: Stopping Emulator UI {"metadata":{"emulator":{"name":"ui"},"message":"Stopping Emulator UI"}}
[info] i  functions: Stopping Functions Emulator {"metadata":{"emulator":{"name":"functions"},"message":"Stopping Functions Emulator"}}
[info] i  firestore: Stopping Firestore Emulator {"metadata":{"emulator":{"name":"firestore"},"message":"Stopping Firestore Emulator"}}
[warn] !  Firestore Emulator has exited upon receiving signal: SIGKILL 
[info] i  pubsub: Stopping Pub/Sub Emulator {"metadata":{"emulator":{"name":"pubsub"},"message":"Stopping Pub/Sub Emulator"}}
[warn] !  Pub/Sub Emulator has exited upon receiving signal: SIGKILL 
[info] i  storage: Stopping Storage Emulator {"metadata":{"emulator":{"name":"storage"},"message":"Stopping Storage Emulator"}}
[debug] [2025-11-19T16:09:16.588Z] Stopping rules runtime. {"metadata":{"emulator":{"name":"storage"},"message":"Stopping rules runtime."}}
[info] i  eventarc: Stopping Eventarc Emulator {"metadata":{"emulator":{"name":"eventarc"},"message":"Stopping Eventarc Emulator"}}
[info] i  tasks: Stopping Cloud Tasks Emulator {"metadata":{"emulator":{"name":"tasks"},"message":"Stopping Cloud Tasks Emulator"}}
[info] i  hub: Stopping emulator hub {"metadata":{"emulator":{"name":"hub"},"message":"Stopping emulator hub"}}
[debug] [2025-11-19T16:09:16.611Z] Emulator locator file path: C:\Users\MGONZA~1.IND\AppData\Local\Temp\hub-guia-tv-8fe3c.json
[info] i  logging: Stopping Logging Emulator {"metadata":{"emulator":{"name":"logging"},"message":"Stopping Logging Emulator"}}
[debug] [2025-11-19T16:09:16.648Z] Could not find VSCode notification endpoint: FetchError: request to http://localhost:40001/vscode/notify failed, reason: . If you are not running the Firebase Data Connect VSCode extension, this is expected and not an issue.
[debug] [2025-11-19T16:10:53.661Z] ----------------------------------------------------------------------
[debug] [2025-11-19T16:10:53.677Z] Command:       C:\Program Files\nodejs\node.exe C:\Users\mgonzalezv.INDRA\AppData\Roaming\npm\node_modules\firebase-tools\lib\bin\firebase.js emulators:start --debug --only functions,firestore,storage,pubsub,ui
[debug] [2025-11-19T16:10:53.677Z] CLI Version:   14.20.0
[debug] [2025-11-19T16:10:53.678Z] Platform:      win32
[debug] [2025-11-19T16:10:53.678Z] Node Version:  v22.13.1
[debug] [2025-11-19T16:10:53.678Z] Time:          Wed Nov 19 2025 17:10:53 GMT+0100 (hora estándar de Europa central)
[debug] [2025-11-19T16:10:53.678Z] ----------------------------------------------------------------------
[debug] 
[debug] [2025-11-19T16:10:54.062Z] > command requires scopes: ["email","openid","https://www.googleapis.com/auth/cloudplatformprojects.readonly","https://www.googleapis.com/auth/firebase","https://www.googleapis.com/auth/cloud-platform"]
[debug] [2025-11-19T16:10:54.063Z] > authorizing via signed-in user (oficina@tecnoriasl.com)
[debug] [2025-11-19T16:10:54.921Z] openjdk version "17.0.15" 2025-04-15 LTS
OpenJDK Runtime Environment Microsoft-11369865 (build 17.0.15+6-LTS)
OpenJDK 64-Bit Server VM Microsoft-11369865 (build 17.0.15+6-LTS, mixed mode, sharing)

[debug] [2025-11-19T16:10:54.949Z] Parsed Java major version: 17
[warn] !!  emulators: firebase-tools will drop support for Java version < 21 soon in firebase-tools@15. Please install a JDK at version 21 or above to get a compatible runtime. 
[info] i  emulators: Starting emulators: functions, firestore, pubsub, storage {"metadata":{"emulator":{"name":"hub"},"message":"Starting emulators: functions, firestore, pubsub, storage"}}
[warn] !  ui: Not starting the ui emulator, make sure you have run firebase init. {"metadata":{"emulator":{"name":"ui"},"message":"Not starting the \u001b[1mui\u001b[22m emulator, make sure you have run \u001b[1mfirebase init\u001b[22m."}}
[warn] !  pubsub: Port 8085 is not open on 0.0.0.0, could not start Pub/Sub Emulator. {"metadata":{"emulator":{"name":"pubsub"},"message":"Port 8085 is not open on 0.0.0.0, could not start Pub/Sub Emulator."}}
[warn] !  pubsub: To select a different host/port, specify that host/port in a firebase.json config file:
      {
        // ...
        "emulators": {
          "pubsub": {
            "host": "HOST",
            "port": "PORT"
          }
        }
      } {"metadata":{"emulator":{"name":"pubsub"},"message":"To select a different host/port, specify that host/port in a firebase.json config file:\n      {\n        // ...\n        \"emulators\": {\n          \"pubsub\": {\n            \"host\": \"\u001b[33mHOST\u001b[39m\",\n            \"port\": \"\u001b[33mPORT\u001b[39m\"\n          }\n        }\n      }"}}
[debug] [2025-11-19T16:10:55.024Z] [logging] Logging Emulator only supports listening on one address (127.0.0.1). Not listening on ::1
[debug] [2025-11-19T16:10:55.036Z] Could not find VSCode notification endpoint: FetchError: request to http://localhost:40001/vscode/notify failed, reason: . If you are not running the Firebase Data Connect VSCode extension, this is expected and not an issue.
[info] i  emulators: Shutting down emulators. {"metadata":{"emulator":{"name":"hub"},"message":"Shutting down emulators."}}
[debug] [2025-11-19T16:10:55.057Z] Could not find VSCode notification endpoint: FetchError: request to http://localhost:40001/vscode/notify failed, reason: . If you are not running the Firebase Data Connect VSCode extension, this is expected and not an issue.
[error] 
[error] Error: Could not start Pub/Sub Emulator, port taken.
[debug] [2025-11-19T16:13:08.245Z] ----------------------------------------------------------------------
[debug] [2025-11-19T16:13:08.258Z] Command:       C:\Program Files\nodejs\node.exe C:\Users\mgonzalezv.INDRA\AppData\Roaming\npm\node_modules\firebase-tools\lib\bin\firebase.js emulators:start --debug --only functions,firestore,storage,pubsub,ui
[debug] [2025-11-19T16:13:08.259Z] CLI Version:   14.20.0
[debug] [2025-11-19T16:13:08.259Z] Platform:      win32
[debug] [2025-11-19T16:13:08.259Z] Node Version:  v22.13.1
[debug] [2025-11-19T16:13:08.259Z] Time:          Wed Nov 19 2025 17:13:08 GMT+0100 (hora estándar de Europa central)
[debug] [2025-11-19T16:13:08.259Z] ----------------------------------------------------------------------
[debug] 
[debug] [2025-11-19T16:13:08.480Z] > command requires scopes: ["email","openid","https://www.googleapis.com/auth/cloudplatformprojects.readonly","https://www.googleapis.com/auth/firebase","https://www.googleapis.com/auth/cloud-platform"]
[debug] [2025-11-19T16:13:08.481Z] > authorizing via signed-in user (oficina@tecnoriasl.com)
[debug] [2025-11-19T16:13:08.999Z] openjdk version "17.0.15" 2025-04-15 LTS
OpenJDK Runtime Environment Microsoft-11369865 (build 17.0.15+6-LTS)

[debug] [2025-11-19T16:13:08.999Z] OpenJDK 64-Bit Server VM Microsoft-11369865 (build 17.0.15+6-LTS, mixed mode, sharing)

[debug] [2025-11-19T16:13:09.029Z] Parsed Java major version: 17
[warn] !!  emulators: firebase-tools will drop support for Java version < 21 soon in firebase-tools@15. Please install a JDK at version 21 or above to get a compatible runtime. 
[info] i  emulators: Starting emulators: functions, firestore, pubsub, storage {"metadata":{"emulator":{"name":"hub"},"message":"Starting emulators: functions, firestore, pubsub, storage"}}
[warn] !  ui: Not starting the ui emulator, make sure you have run firebase init. {"metadata":{"emulator":{"name":"ui"},"message":"Not starting the \u001b[1mui\u001b[22m emulator, make sure you have run \u001b[1mfirebase init\u001b[22m."}}
[debug] [2025-11-19T16:13:09.063Z] [logging] Logging Emulator only supports listening on one address (127.0.0.1). Not listening on ::1
[debug] [2025-11-19T16:13:09.063Z] assigned listening specs for emulators {"user":{"firestore":[{"address":"0.0.0.0","family":"IPv4","port":8080}],"firestore.websocket":[{"address":"0.0.0.0","family":"IPv4","port":9150}],"pubsub":[{"address":"0.0.0.0","family":"IPv4","port":8085}],"storage":[{"address":"0.0.0.0","family":"IPv4","port":9199}],"hub":[{"address":"127.0.0.1","family":"IPv4","port":4400},{"address":"::1","family":"IPv6","port":4400}],"ui":[{"address":"127.0.0.1","family":"IPv4","port":4000},{"address":"::1","family":"IPv6","port":4000}],"logging":[{"address":"127.0.0.1","family":"IPv4","port":4500}]},"metadata":{"message":"assigned listening specs for emulators"}}
[debug] [2025-11-19T16:13:09.070Z] Emulator locator file path: C:\Users\MGONZA~1.IND\AppData\Local\Temp\hub-guia-tv-8fe3c.json
[debug] [2025-11-19T16:13:09.071Z] [hub] writing locator at C:\Users\MGONZA~1.IND\AppData\Local\Temp\hub-guia-tv-8fe3c.json
[debug] [2025-11-19T16:13:09.107Z] [eventarc] Eventarc Emulator only supports listening on one address (127.0.0.1). Not listening on ::1
[debug] [2025-11-19T16:13:09.107Z] [tasks] Cloud Tasks Emulator only supports listening on one address (127.0.0.1). Not listening on ::1
[debug] [2025-11-19T16:13:09.108Z] late-assigned ports for functions and eventarc emulators {"user":{"firestore":[{"address":"0.0.0.0","family":"IPv4","port":8080}],"firestore.websocket":[{"address":"0.0.0.0","family":"IPv4","port":9150}],"pubsub":[{"address":"0.0.0.0","family":"IPv4","port":8085}],"storage":[{"address":"0.0.0.0","family":"IPv4","port":9199}],"hub":[{"address":"127.0.0.1","family":"IPv4","port":4400},{"address":"::1","family":"IPv6","port":4400}],"ui":[{"address":"127.0.0.1","family":"IPv4","port":4000},{"address":"::1","family":"IPv6","port":4000}],"logging":[{"address":"127.0.0.1","family":"IPv4","port":4500}],"functions":[{"address":"0.0.0.0","family":"IPv4","port":5001}],"eventarc":[{"address":"127.0.0.1","family":"IPv4","port":9299}],"tasks":[{"address":"127.0.0.1","family":"IPv4","port":9499}]},"metadata":{"message":"late-assigned ports for functions and eventarc emulators"}}
[warn] !  functions: The following emulators are not running, calls to these services from the Functions emulator will affect production: apphosting, auth, database, hosting, dataconnect {"metadata":{"emulator":{"name":"functions"},"message":"The following emulators are not running, calls to these services from the Functions emulator will affect production: \u001b[1mapphosting, auth, database, hosting, dataconnect\u001b[22m"}}
[debug] [2025-11-19T16:13:09.126Z] defaultcredentials: writing to file C:\Users\mgonzalezv.INDRA\AppData\Roaming\firebase\oficina_tecnoriasl_com_application_default_credentials.json
[debug] [2025-11-19T16:13:09.138Z] Setting GAC to C:\Users\mgonzalezv.INDRA\AppData\Roaming\firebase\oficina_tecnoriasl_com_application_default_credentials.json {"metadata":{"emulator":{"name":"functions"},"message":"Setting GAC to C:\\Users\\mgonzalezv.INDRA\\AppData\\Roaming\\firebase\\oficina_tecnoriasl_com_application_default_credentials.json"}}
[debug] [2025-11-19T16:13:09.142Z] Checked if tokens are valid: false, expires at: 1763567574335
[debug] [2025-11-19T16:13:09.142Z] Checked if tokens are valid: false, expires at: 1763567574335
[debug] [2025-11-19T16:13:09.143Z] > refreshing access token with scopes: []
[debug] [2025-11-19T16:13:09.144Z] >>> [apiv2][query] POST https://www.googleapis.com/oauth2/v3/token [none]
[debug] [2025-11-19T16:13:09.145Z] >>> [apiv2][body] POST https://www.googleapis.com/oauth2/v3/token [omitted]
[debug] [2025-11-19T16:13:09.296Z] <<< [apiv2][status] POST https://www.googleapis.com/oauth2/v3/token 200
[debug] [2025-11-19T16:13:09.297Z] <<< [apiv2][body] POST https://www.googleapis.com/oauth2/v3/token [omitted]
[debug] [2025-11-19T16:13:09.376Z] >>> [apiv2][query] GET https://firebase.googleapis.com/v1beta1/projects/guia-tv-8fe3c/adminSdkConfig [none]
[debug] [2025-11-19T16:13:10.143Z] <<< [apiv2][status] GET https://firebase.googleapis.com/v1beta1/projects/guia-tv-8fe3c/adminSdkConfig 200
[debug] [2025-11-19T16:13:10.144Z] <<< [apiv2][body] GET https://firebase.googleapis.com/v1beta1/projects/guia-tv-8fe3c/adminSdkConfig {"projectId":"guia-tv-8fe3c","storageBucket":"guia-tv-8fe3c.appspot.com","locationId":"europe-west"}
[warn] !  firestore: Cloud Firestore Emulator does not support multiple databases yet. {"metadata":{"emulator":{"name":"firestore"},"message":"Cloud Firestore Emulator does not support multiple databases yet."}}
[warn] !  firestore: Did not find a Cloud Firestore rules file specified in a firebase.json config file. {"metadata":{"emulator":{"name":"firestore"},"message":"Did not find a Cloud Firestore rules file specified in a firebase.json config file."}}
[warn] !  firestore: The emulator will default to allowing all reads and writes. Learn more about this option: https://firebase.google.com/docs/emulator-suite/install_and_configure#security_rules_configuration. {"metadata":{"emulator":{"name":"firestore"},"message":"The emulator will default to allowing all reads and writes. Learn more about this option: https://firebase.google.com/docs/emulator-suite/install_and_configure#security_rules_configuration."}}
[debug] [2025-11-19T16:13:10.222Z] Ignoring unsupported arg: auto_download {"metadata":{"emulator":{"name":"firestore"},"message":"Ignoring unsupported arg: auto_download"}}
[debug] [2025-11-19T16:13:10.223Z] Ignoring unsupported arg: single_project_mode_error {"metadata":{"emulator":{"name":"firestore"},"message":"Ignoring unsupported arg: single_project_mode_error"}}
[debug] [2025-11-19T16:13:10.223Z] Starting Firestore Emulator with command {"binary":"java","args":["-Dgoogle.cloud_firestore.debug_log_level=FINE","-Duser.language=en","-jar","C:\\Users\\mgonzalezv.INDRA\\.cache\\firebase\\emulators\\cloud-firestore-emulator-v1.19.8.jar","--host","0.0.0.0","--port",8080,"--websocket_port",9150,"--project_id","guia-tv-8fe3c","--single_project_mode",true,"--functions_emulator","127.0.0.1:5001"],"optionalArgs":["port","webchannel_port","host","rules","websocket_port","functions_emulator","seed_from_export","project_id","single_project_mode"],"joinArgs":false,"shell":false,"port":8080} {"metadata":{"emulator":{"name":"firestore"},"message":"Starting Firestore Emulator with command {\"binary\":\"java\",\"args\":[\"-Dgoogle.cloud_firestore.debug_log_level=FINE\",\"-Duser.language=en\",\"-jar\",\"C:\\\\Users\\\\mgonzalezv.INDRA\\\\.cache\\\\firebase\\\\emulators\\\\cloud-firestore-emulator-v1.19.8.jar\",\"--host\",\"0.0.0.0\",\"--port\",8080,\"--websocket_port\",9150,\"--project_id\",\"guia-tv-8fe3c\",\"--single_project_mode\",true,\"--functions_emulator\",\"127.0.0.1:5001\"],\"optionalArgs\":[\"port\",\"webchannel_port\",\"host\",\"rules\",\"websocket_port\",\"functions_emulator\",\"seed_from_export\",\"project_id\",\"single_project_mode\"],\"joinArgs\":false,\"shell\":false,\"port\":8080}"}}
[info] i  firestore: Firestore Emulator logging to firestore-debug.log {"metadata":{"emulator":{"name":"firestore"},"message":"Firestore Emulator logging to \u001b[1mfirestore-debug.log\u001b[22m"}}
[debug] [2025-11-19T16:13:15.242Z] Nov 19, 2025 5:13:15 PM com.google.cloud.datastore.emulator.firestore.websocket.WebSocketServer start
INFO: Started WebSocket server on ws://0.0.0.0:9150
 {"metadata":{"emulator":{"name":"firestore"},"message":"Nov 19, 2025 5:13:15 PM com.google.cloud.datastore.emulator.firestore.websocket.WebSocketServer start\r\nINFO: Started WebSocket server on ws://0.0.0.0:9150\r\n"}}
[debug] [2025-11-19T16:13:16.731Z] API endpoint: http://0.0.0.0:8080
If you are using a library that supports the FIRESTORE_EMULATOR_HOST environment variable, run:

   export FIRESTORE_EMULATOR_HOST= {"metadata":{"emulator":{"name":"firestore"},"message":"API endpoint: http://0.0.0.0:8080\nIf you are using a library that supports the FIRESTORE_EMULATOR_HOST environment variable, run:\r\n\n   export FIRESTORE_EMULATOR_HOST="}}
[debug] [2025-11-19T16:13:16.732Z] 0.0.0.0:8080

If you are running a Firestore in Datastore Mode project, run:

   export DATASTORE_EMULATOR_HOST=0.0.0.0:8080

Note: Support for Datastore Mode is in preview. If you encounter any bugs please file at https://github.com/firebase/firebase-tools/issues.
Dev App Server is now running.

 {"metadata":{"emulator":{"name":"firestore"},"message":"0.0.0.0:8080\n\nIf you are running a Firestore in Datastore Mode project, run:\r\n\n   export DATASTORE_EMULATOR_HOST=0.0.0.0:8080\n\nNote: Support for Datastore Mode is in preview. If you encounter any bugs please file at https://github.com/firebase/firebase-tools/issues.\r\nDev App Server is now running.\n\r\n"}}
[info] +  firestore: Firestore Emulator UI websocket is running on 9150. {"metadata":{"emulator":{"name":"firestore"},"message":"Firestore Emulator UI websocket is running on 9150."}}
[debug] [2025-11-19T16:13:16.873Z] Ignoring unsupported arg: projectId {"metadata":{"emulator":{"name":"pubsub"},"message":"Ignoring unsupported arg: projectId"}}
[debug] [2025-11-19T16:13:16.873Z] Ignoring unsupported arg: auto_download {"metadata":{"emulator":{"name":"pubsub"},"message":"Ignoring unsupported arg: auto_download"}}
[debug] [2025-11-19T16:13:16.873Z] Starting Pub/Sub Emulator with command {"binary":"C:\\Users\\mgonzalezv.INDRA\\.cache\\firebase\\emulators\\pubsub-emulator-0.8.14\\pubsub-emulator\\bin\\cloud-pubsub-emulator","args":["--host=0.0.0.0","--port=8085"],"optionalArgs":["port","host"],"joinArgs":true,"shell":true,"port":8085} {"metadata":{"emulator":{"name":"pubsub"},"message":"Starting Pub/Sub Emulator with command {\"binary\":\"C:\\\\Users\\\\mgonzalezv.INDRA\\\\.cache\\\\firebase\\\\emulators\\\\pubsub-emulator-0.8.14\\\\pubsub-emulator\\\\bin\\\\cloud-pubsub-emulator\",\"args\":[\"--host=0.0.0.0\",\"--port=8085\"],\"optionalArgs\":[\"port\",\"host\"],\"joinArgs\":true,\"shell\":true,\"port\":8085}"}}
[info] i  pubsub: Pub/Sub Emulator logging to pubsub-debug.log {"metadata":{"emulator":{"name":"pubsub"},"message":"Pub/Sub Emulator logging to \u001b[1mpubsub-debug.log\u001b[22m"}}
[debug] [2025-11-19T16:13:17.462Z] 
C:\Users\mgonzalezv.INDRA\Documents\private-workspace\guia-tv\functions>if "Windows_NT" == "Windows_NT" setlocal
 {"metadata":{"emulator":{"name":"pubsub"},"message":"\r\nC:\\Users\\mgonzalezv.INDRA\\Documents\\private-workspace\\guia-tv\\functions>if \"Windows_NT\" == \"Windows_NT\" setlocal\r\n"}}
[debug] [2025-11-19T16:13:17.467Z] 
C:\Users\mgonzalezv.INDRA\Documents\private-workspace\guia-tv\functions>set DIRNAME=C:\Users\mgonzalezv.INDRA\.cache\firebase\emulators\pubsub-emulator-0.8.14\pubsub-emulator\bin\ 
 {"metadata":{"emulator":{"name":"pubsub"},"message":"\r\nC:\\Users\\mgonzalezv.INDRA\\Documents\\private-workspace\\guia-tv\\functions>set DIRNAME=C:\\Users\\mgonzalezv.INDRA\\.cache\\firebase\\emulators\\pubsub-emulator-0.8.14\\pubsub-emulator\\bin\\ \r\n"}}
[debug] [2025-11-19T16:13:17.470Z] 
 {"metadata":{"emulator":{"name":"pubsub"},"message":"\r\n"}}
[debug] [2025-11-19T16:13:17.472Z] C:\Users\mgonzalezv.INDRA\Documents\private-workspace\guia-tv\functions>if "C:\Users\mgonzalezv.INDRA\.cache\firebase\emulators\pubsub-emulator-0.8.14\pubsub-emulator\bin\" == "" set DIRNAME=. 
 {"metadata":{"emulator":{"name":"pubsub"},"message":"C:\\Users\\mgonzalezv.INDRA\\Documents\\private-workspace\\guia-tv\\functions>if \"C:\\Users\\mgonzalezv.INDRA\\.cache\\firebase\\emulators\\pubsub-emulator-0.8.14\\pubsub-emulator\\bin\\\" == \"\" set DIRNAME=. \r\n"}}
[debug] [2025-11-19T16:13:17.475Z] 
C:\Users\mgonzalezv.INDRA\Documents\private-workspace\guia-tv\functions>set APP_BASE_NAME=cloud-pubsub-emulator 
 {"metadata":{"emulator":{"name":"pubsub"},"message":"\r\nC:\\Users\\mgonzalezv.INDRA\\Documents\\private-workspace\\guia-tv\\functions>set APP_BASE_NAME=cloud-pubsub-emulator \r\n"}}
[debug] [2025-11-19T16:13:17.479Z] 
C:\Users\mgonzalezv.INDRA\Documents\private-workspace\guia-tv\functions>set APP_HOME=C:\Users\mgonzalezv.INDRA\.cache\firebase\emulators\pubsub-emulator-0.8.14\pubsub-emulator\bin\.. 
 {"metadata":{"emulator":{"name":"pubsub"},"message":"\r\nC:\\Users\\mgonzalezv.INDRA\\Documents\\private-workspace\\guia-tv\\functions>set APP_HOME=C:\\Users\\mgonzalezv.INDRA\\.cache\\firebase\\emulators\\pubsub-emulator-0.8.14\\pubsub-emulator\\bin\\.. \r\n"}}
[debug] [2025-11-19T16:13:17.488Z] 
C:\Users\mgonzalezv.INDRA\Documents\private-workspace\guia-tv\functions>set DEFAULT_JVM_OPTS= 
 {"metadata":{"emulator":{"name":"pubsub"},"message":"\r\nC:\\Users\\mgonzalezv.INDRA\\Documents\\private-workspace\\guia-tv\\functions>set DEFAULT_JVM_OPTS= \r\n"}}
[debug] [2025-11-19T16:13:17.496Z] 
C:\Users\mgonzalezv.INDRA\Documents\private-workspace\guia-tv\functions>if defined JAVA_HOME goto findJavaFromJavaHome 
 {"metadata":{"emulator":{"name":"pubsub"},"message":"\r\nC:\\Users\\mgonzalezv.INDRA\\Documents\\private-workspace\\guia-tv\\functions>if defined JAVA_HOME goto findJavaFromJavaHome \r\n"}}
[debug] [2025-11-19T16:13:17.502Z] 
C:\Users\mgonzalezv.INDRA\Documents\private-workspace\guia-tv\functions>set JAVA_HOME=C:\Program Files\Microsoft\jdk-17.0.15.6-hotspot 
 {"metadata":{"emulator":{"name":"pubsub"},"message":"\r\nC:\\Users\\mgonzalezv.INDRA\\Documents\\private-workspace\\guia-tv\\functions>set JAVA_HOME=C:\\Program Files\\Microsoft\\jdk-17.0.15.6-hotspot \r\n"}}
[debug] [2025-11-19T16:13:17.506Z] 
C:\Users\mgonzalezv.INDRA\Documents\private-workspace\guia-tv\functions>set JAVA_EXE=C:\Program Files\Microsoft\jdk-17.0.15.6-hotspot/bin/java.exe 
 {"metadata":{"emulator":{"name":"pubsub"},"message":"\r\nC:\\Users\\mgonzalezv.INDRA\\Documents\\private-workspace\\guia-tv\\functions>set JAVA_EXE=C:\\Program Files\\Microsoft\\jdk-17.0.15.6-hotspot/bin/java.exe \r\n"}}
[debug] [2025-11-19T16:13:17.510Z] 
C:\Users\mgonzalezv.INDRA\Documents\private-workspace\guia-tv\functions>if exist "C:\Program Files\Microsoft\jdk-17.0.15.6-hotspot/bin/java.exe" goto init 
 {"metadata":{"emulator":{"name":"pubsub"},"message":"\r\nC:\\Users\\mgonzalezv.INDRA\\Documents\\private-workspace\\guia-tv\\functions>if exist \"C:\\Program Files\\Microsoft\\jdk-17.0.15.6-hotspot/bin/java.exe\" goto init \r\n"}}
[debug] [2025-11-19T16:13:17.522Z] 
C:\Users\mgonzalezv.INDRA\Documents\private-workspace\guia-tv\functions>if not "Windows_NT" == "Windows_NT" goto win9xME_args 
 {"metadata":{"emulator":{"name":"pubsub"},"message":"\r\nC:\\Users\\mgonzalezv.INDRA\\Documents\\private-workspace\\guia-tv\\functions>if not \"Windows_NT\" == \"Windows_NT\" goto win9xME_args \r\n"}}
[debug] [2025-11-19T16:13:17.531Z] 
C:\Users\mgonzalezv.INDRA\Documents\private-workspace\guia-tv\functions>set CMD_LINE_ARGS= 
 {"metadata":{"emulator":{"name":"pubsub"},"message":"\r\nC:\\Users\\mgonzalezv.INDRA\\Documents\\private-workspace\\guia-tv\\functions>set CMD_LINE_ARGS= \r\n"}}
[debug] [2025-11-19T16:13:17.534Z] 
C:\Users\mgonzalezv.INDRA\Documents\private-workspace\guia-tv\functions>set _SKIP=2 
 {"metadata":{"emulator":{"name":"pubsub"},"message":"\r\nC:\\Users\\mgonzalezv.INDRA\\Documents\\private-workspace\\guia-tv\\functions>set _SKIP=2 \r\n"}}
[debug] [2025-11-19T16:13:17.542Z] 
C:\Users\mgonzalezv.INDRA\Documents\private-workspace\guia-tv\functions>if "x--host" == "x" goto execute 
 {"metadata":{"emulator":{"name":"pubsub"},"message":"\r\nC:\\Users\\mgonzalezv.INDRA\\Documents\\private-workspace\\guia-tv\\functions>if \"x--host\" == \"x\" goto execute \r\n"}}
[debug] [2025-11-19T16:13:17.547Z] 
C:\Users\mgonzalezv.INDRA\Documents\private-workspace\guia-tv\functions>set CMD_LINE_ARGS=--host=0.0.0.0 --port=8085 
 {"metadata":{"emulator":{"name":"pubsub"},"message":"\r\nC:\\Users\\mgonzalezv.INDRA\\Documents\\private-workspace\\guia-tv\\functions>set CMD_LINE_ARGS=--host=0.0.0.0 --port=8085 \r\n"}}
[debug] [2025-11-19T16:13:17.563Z] 
C:\Users\mgonzalezv.INDRA\Documents\private-workspace\guia-tv\functions>set CLASSPATH=C:\Users\mgonzalezv.INDRA\.cache\firebase\emulators\pubsub-emulator-0.8.14\pubsub-emulator\bin\..\lib\cloud-pubsub-emulator-0.8.14-all.jar 
 {"metadata":{"emulator":{"name":"pubsub"},"message":"\r\nC:\\Users\\mgonzalezv.INDRA\\Documents\\private-workspace\\guia-tv\\functions>set CLASSPATH=C:\\Users\\mgonzalezv.INDRA\\.cache\\firebase\\emulators\\pubsub-emulator-0.8.14\\pubsub-emulator\\bin\\..\\lib\\cloud-pubsub-emulator-0.8.14-all.jar \r\n"}}
[debug] [2025-11-19T16:13:17.572Z] 
C:\Users\mgonzalezv.INDRA\Documents\private-workspace\guia-tv\functions>"C:\Program Files\Microsoft\jdk-17.0.15.6-hotspot/bin/java.exe"     -jar "C:\Users\mgonzalezv.INDRA\.cache\firebase\emulators\pubsub-emulator-0.8.14\pubsub-emulator\bin\..\lib\cloud-pubsub-emulator-0.8.14-all.jar" --host=0.0.0.0 --port=8085 
 {"metadata":{"emulator":{"name":"pubsub"},"message":"\r\nC:\\Users\\mgonzalezv.INDRA\\Documents\\private-workspace\\guia-tv\\functions>\"C:\\Program Files\\Microsoft\\jdk-17.0.15.6-hotspot/bin/java.exe\"     -jar \"C:\\Users\\mgonzalezv.INDRA\\.cache\\firebase\\emulators\\pubsub-emulator-0.8.14\\pubsub-emulator\\bin\\..\\lib\\cloud-pubsub-emulator-0.8.14-all.jar\" --host=0.0.0.0 --port=8085 \r\n"}}
[debug] [2025-11-19T16:13:23.604Z] Ignoring unsupported arg: port {"metadata":{"emulator":{"name":"storage"},"message":"Ignoring unsupported arg: port"}}
[debug] [2025-11-19T16:13:25.062Z] Temp file directory for storage emulator: C:\Users\MGONZA~1.IND\AppData\Local\Temp/firebase/storage/blobs {"metadata":{"emulator":{"name":"storage"},"message":"Temp file directory for storage emulator: C:\\Users\\MGONZA~1.IND\\AppData\\Local\\Temp/firebase/storage/blobs"}}
[info] i  functions: Watching "C:\Users\mgonzalezv.INDRA\Documents\private-workspace\guia-tv\functions" for Cloud Functions... {"metadata":{"emulator":{"name":"functions"},"message":"Watching \"C:\\Users\\mgonzalezv.INDRA\\Documents\\private-workspace\\guia-tv\\functions\" for Cloud Functions..."}}
[debug] [2025-11-19T16:13:25.129Z] Validating nodejs source
[debug] [2025-11-19T16:13:35.220Z] checkFunctionsSDKVersion was unable to fetch information from NPM Error: spawnSync C:\WINDOWS\system32\cmd.exe ETIMEDOUT
    at Object.spawnSync (node:internal/child_process:1120:20)
    at Object.spawnSync (node:child_process:868:24)
    at Function.spawnSync [as sync] (C:\Users\mgonzalezv.INDRA\AppData\Roaming\npm\node_modules\firebase-tools\node_modules\cross-spawn\index.js:26:23)
    at Object.getLatestSDKVersion (C:\Users\mgonzalezv.INDRA\AppData\Roaming\npm\node_modules\firebase-tools\lib\deploy\functions\runtimes\node\versioning.js:54:25)
    at Object.checkFunctionsSDKVersion (C:\Users\mgonzalezv.INDRA\AppData\Roaming\npm\node_modules\firebase-tools\lib\deploy\functions\runtimes\node\versioning.js:74:32)
    at Delegate.validate (C:\Users\mgonzalezv.INDRA\AppData\Roaming\npm\node_modules\firebase-tools\lib\deploy\functions\runtimes\node\index.js:89:20)
    at FunctionsEmulator.discoverTriggers (C:\Users\mgonzalezv.INDRA\AppData\Roaming\npm\node_modules\firebase-tools\lib\emulator\functionsEmulator.js:320:35)
    at async FunctionsEmulator.loadTriggers (C:\Users\mgonzalezv.INDRA\AppData\Roaming\npm\node_modules\firebase-tools\lib\emulator\functionsEmulator.js:362:34)
    at async FunctionsEmulator.connect (C:\Users\mgonzalezv.INDRA\AppData\Roaming\npm\node_modules\firebase-tools\lib\emulator\functionsEmulator.js:282:13)
    at async Object.startAll (C:\Users\mgonzalezv.INDRA\AppData\Roaming\npm\node_modules\firebase-tools\lib\emulator\controller.js:678:13)
[debug] [2025-11-19T16:13:35.225Z] > [functions] package.json contents: {
  "name": "functions",
  "version": "1.0.0",
  "description": "Cloud Functions for Firebase",
  "scripts": {
    "build": "tsc && tsc-alias",
    "build:watch": "tsc --watch",
    "emulators:start": "npm run build && firebase emulators:start --debug --only functions,firestore,storage,pubsub,ui",
    "emulators:start:no-build": "firebase emulators:start --only functions,firestore,storage,pubsub,ui",
    "dev:emulators": "npm run emulators:start",
    "lint": "eslint src/**/*.ts",
    "lint:fix": "eslint src/**/*.ts --fix",
    "clean": "node -e \"require('fs').rmSync('lib', { recursive: true, force: true })\"",
    "test": "jest"
  },
  "engines": {
    "node": "22"
  },
  "main": "lib/index.js",
  "dependencies": {
    "async-retry": "^1.3.3",
    "axios": "^1.3.4",
    "cheerio": "^1.0.0-rc.12",
    "compression": "^1.7.4",
    "cors": "^2.8.5",
    "date-fns": "^2.29.3",
    "esm": "^3.2.25",
    "express": "^4.18.2",
    "express-rate-limit": "^7.1.5",
    "firebase-admin": "^11.10.0",
    "firebase-functions": "^7.0.0",
    "gunzip": "^1.2.2",
    "gunzip-file": "^0.1.1",
    "p-retry": "^5.1.2",
    "redis": "^5.8.3",
    "retry": "^0.13.1",
    "swagger-jsdoc": "^6.2.8",
    "swagger-ui-express": "^5.0.1",
    "xml2js": "^0.4.23"
  },
  "devDependencies": {
    "@types/compression": "^1.8.1",
    "@types/cors": "^2.8.13",
    "@types/date-fns": "^2.6.0",
    "@types/express": "^4.17.17",
    "@types/node": "^18.15.5",
    "@types/node-fetch": "^2.6.3",
    "@types/swagger-jsdoc": "^6.0.4",
    "@types/swagger-ui-express": "^4.1.8",
    "@types/xml2js": "^0.4.11",
    "concurrently": "^8.2.2",
    "dotenv": "^16.3.1",
    "firebase-functions-test": "^3.0.0",
    "nodemon": "^3.0.2",
    "ts-node": "^10.9.1",
    "tsc-alias": "^1.7.0",
    "tsconfig-paths": "^4.2.0",
    "typescript": "^4.9.5"
  },
  "private": true
}
[debug] [2025-11-19T16:13:35.227Z] Building nodejs source
[debug] [2025-11-19T16:13:35.229Z] Failed to find version of module node: reached end of search path C:\Users\mgonzalezv.INDRA\Documents\private-workspace\guia-tv\functions\node_modules
[info] +  functions: Using node@22 from host. 
[info] i  functions: Loaded environment variables from .env. 
[debug] [2025-11-19T16:13:35.267Z] Could not find functions.yaml. Must use http discovery
[debug] [2025-11-19T16:13:35.330Z] Found firebase-functions binary at 'C:\Users\mgonzalezv.INDRA\Documents\private-workspace\guia-tv\functions\node_modules\.bin\firebase-functions'
[info] Serving at port 8725

[error] !!  functions: Failed to load function definition from source: FirebaseError: User code failed to load. Cannot determine backend specification. Timeout after 10000. See https://firebase.google.com/docs/functions/tips#avoid_deployment_timeouts_during_initialization' {"metadata":{"emulator":{"name":"functions"},"message":"Failed to load function definition from source: FirebaseError: User code failed to load. Cannot determine backend specification. Timeout after 10000. See https://firebase.google.com/docs/functions/tips#avoid_deployment_timeouts_during_initialization'"}}
[debug] [2025-11-19T16:13:51.412Z] Could not find VSCode notification endpoint: FetchError: request to http://localhost:40001/vscode/notify failed, reason: . If you are not running the Firebase Data Connect VSCode extension, this is expected and not an issue.
[info] 
┌─────────────────────────────────────────────────────────────┐
│ ✔  All emulators ready! It is now safe to connect your app. │
│ i  View Emulator UI at http://127.0.0.1:4000/               │
└─────────────────────────────────────────────────────────────┘

┌───────────┬──────────────┬─────────────────────────────────┐
│ Emulator  │ Host:Port    │ View in Emulator UI             │
├───────────┼──────────────┼─────────────────────────────────┤
│ Functions │ 0.0.0.0:5001 │ http://127.0.0.1:4000/functions │
├───────────┼──────────────┼─────────────────────────────────┤
│ Firestore │ 0.0.0.0:8080 │ http://127.0.0.1:4000/firestore │
├───────────┼──────────────┼─────────────────────────────────┤
│ Pub/Sub   │ 0.0.0.0:8085 │ n/a                             │
├───────────┼──────────────┼─────────────────────────────────┤
│ Storage   │ 0.0.0.0:9199 │ http://127.0.0.1:4000/storage   │
└───────────┴──────────────┴─────────────────────────────────┘
  Emulator Hub host: 127.0.0.1 port: 4400
  Other reserved ports: 4500, 9150

Issues? Report them at https://github.com/firebase/firebase-tools/issues and attach the *-debug.log files.
 
[warn] !  emulators: firebase-tools will drop support for Java version < 21 soon in firebase-tools@15. Please install a JDK at version 21 or above to get a compatible runtime. 
[debug] [2025-11-19T16:17:36.681Z] File C:\Users\mgonzalezv.INDRA\Documents\private-workspace\guia-tv\functions\src\v2\config\app.config.ts changed, reloading triggers {"metadata":{"emulator":{"name":"functions"},"message":"File C:\\Users\\mgonzalezv.INDRA\\Documents\\private-workspace\\guia-tv\\functions\\src\\v2\\config\\app.config.ts changed, reloading triggers"}}
[debug] [2025-11-19T16:17:37.699Z] Validating nodejs source
[debug] [2025-11-19T16:17:47.116Z] > [functions] package.json contents: {
  "name": "functions",
  "version": "1.0.0",
  "description": "Cloud Functions for Firebase",
  "scripts": {
    "build": "tsc && tsc-alias",
    "build:watch": "tsc --watch",
    "emulators:start": "npm run build && firebase emulators:start --debug --only functions,firestore,storage,pubsub,ui",
    "emulators:start:no-build": "firebase emulators:start --only functions,firestore,storage,pubsub,ui",
    "dev:emulators": "npm run emulators:start",
    "lint": "eslint src/**/*.ts",
    "lint:fix": "eslint src/**/*.ts --fix",
    "clean": "node -e \"require('fs').rmSync('lib', { recursive: true, force: true })\"",
    "test": "jest"
  },
  "engines": {
    "node": "22"
  },
  "main": "lib/index.js",
  "dependencies": {
    "async-retry": "^1.3.3",
    "axios": "^1.3.4",
    "cheerio": "^1.0.0-rc.12",
    "compression": "^1.7.4",
    "cors": "^2.8.5",
    "date-fns": "^2.29.3",
    "esm": "^3.2.25",
    "express": "^4.18.2",
    "express-rate-limit": "^7.1.5",
    "firebase-admin": "^11.10.0",
    "firebase-functions": "^7.0.0",
    "gunzip": "^1.2.2",
    "gunzip-file": "^0.1.1",
    "p-retry": "^5.1.2",
    "redis": "^5.8.3",
    "retry": "^0.13.1",
    "swagger-jsdoc": "^6.2.8",
    "swagger-ui-express": "^5.0.1",
    "xml2js": "^0.4.23"
  },
  "devDependencies": {
    "@types/compression": "^1.8.1",
    "@types/cors": "^2.8.13",
    "@types/date-fns": "^2.6.0",
    "@types/express": "^4.17.17",
    "@types/node": "^18.15.5",
    "@types/node-fetch": "^2.6.3",
    "@types/swagger-jsdoc": "^6.0.4",
    "@types/swagger-ui-express": "^4.1.8",
    "@types/xml2js": "^0.4.11",
    "concurrently": "^8.2.2",
    "dotenv": "^16.3.1",
    "firebase-functions-test": "^3.0.0",
    "nodemon": "^3.0.2",
    "ts-node": "^10.9.1",
    "tsc-alias": "^1.7.0",
    "tsconfig-paths": "^4.2.0",
    "typescript": "^4.9.5"
  },
  "private": true
}
[debug] [2025-11-19T16:17:47.117Z] Building nodejs source
[debug] [2025-11-19T16:17:47.117Z] Failed to find version of module node: reached end of search path C:\Users\mgonzalezv.INDRA\Documents\private-workspace\guia-tv\functions\node_modules
[info] +  functions: Using node@22 from host. 
[info] i  functions: Loaded environment variables from .env. 
[debug] [2025-11-19T16:17:47.129Z] Could not find functions.yaml. Must use http discovery
[debug] [2025-11-19T16:17:47.164Z] Found firebase-functions binary at 'C:\Users\mgonzalezv.INDRA\Documents\private-workspace\guia-tv\functions\node_modules\.bin\firebase-functions'
[debug] [2025-11-19T16:17:47.262Z] File C:\Users\mgonzalezv.INDRA\Documents\private-workspace\guia-tv\functions\src\v2\config\firebase.config.ts changed, reloading triggers {"metadata":{"emulator":{"name":"functions"},"message":"File C:\\Users\\mgonzalezv.INDRA\\Documents\\private-workspace\\guia-tv\\functions\\src\\v2\\config\\firebase.config.ts changed, reloading triggers"}}
[debug] [2025-11-19T16:17:48.270Z] Validating nodejs source
[debug] [2025-11-19T16:17:58.322Z] checkFunctionsSDKVersion was unable to fetch information from NPM Error: spawnSync C:\WINDOWS\system32\cmd.exe ETIMEDOUT
    at Object.spawnSync (node:internal/child_process:1120:20)
    at Object.spawnSync (node:child_process:868:24)
    at Function.spawnSync [as sync] (C:\Users\mgonzalezv.INDRA\AppData\Roaming\npm\node_modules\firebase-tools\node_modules\cross-spawn\index.js:26:23)
    at Object.getLatestSDKVersion (C:\Users\mgonzalezv.INDRA\AppData\Roaming\npm\node_modules\firebase-tools\lib\deploy\functions\runtimes\node\versioning.js:54:25)
    at Object.checkFunctionsSDKVersion (C:\Users\mgonzalezv.INDRA\AppData\Roaming\npm\node_modules\firebase-tools\lib\deploy\functions\runtimes\node\versioning.js:74:32)
    at Delegate.validate (C:\Users\mgonzalezv.INDRA\AppData\Roaming\npm\node_modules\firebase-tools\lib\deploy\functions\runtimes\node\index.js:89:20)
    at FunctionsEmulator.discoverTriggers (C:\Users\mgonzalezv.INDRA\AppData\Roaming\npm\node_modules\firebase-tools\lib\emulator\functionsEmulator.js:320:35)
    at async FunctionsEmulator.loadTriggers (C:\Users\mgonzalezv.INDRA\AppData\Roaming\npm\node_modules\firebase-tools\lib\emulator\functionsEmulator.js:362:34)
[debug] [2025-11-19T16:17:58.329Z] > [functions] package.json contents: {
  "name": "functions",
  "version": "1.0.0",
  "description": "Cloud Functions for Firebase",
  "scripts": {
    "build": "tsc && tsc-alias",
    "build:watch": "tsc --watch",
    "emulators:start": "npm run build && firebase emulators:start --debug --only functions,firestore,storage,pubsub,ui",
    "emulators:start:no-build": "firebase emulators:start --only functions,firestore,storage,pubsub,ui",
    "dev:emulators": "npm run emulators:start",
    "lint": "eslint src/**/*.ts",
    "lint:fix": "eslint src/**/*.ts --fix",
    "clean": "node -e \"require('fs').rmSync('lib', { recursive: true, force: true })\"",
    "test": "jest"
  },
  "engines": {
    "node": "22"
  },
  "main": "lib/index.js",
  "dependencies": {
    "async-retry": "^1.3.3",
    "axios": "^1.3.4",
    "cheerio": "^1.0.0-rc.12",
    "compression": "^1.7.4",
    "cors": "^2.8.5",
    "date-fns": "^2.29.3",
    "esm": "^3.2.25",
    "express": "^4.18.2",
    "express-rate-limit": "^7.1.5",
    "firebase-admin": "^11.10.0",
    "firebase-functions": "^7.0.0",
    "gunzip": "^1.2.2",
    "gunzip-file": "^0.1.1",
    "p-retry": "^5.1.2",
    "redis": "^5.8.3",
    "retry": "^0.13.1",
    "swagger-jsdoc": "^6.2.8",
    "swagger-ui-express": "^5.0.1",
    "xml2js": "^0.4.23"
  },
  "devDependencies": {
    "@types/compression": "^1.8.1",
    "@types/cors": "^2.8.13",
    "@types/date-fns": "^2.6.0",
    "@types/express": "^4.17.17",
    "@types/node": "^18.15.5",
    "@types/node-fetch": "^2.6.3",
    "@types/swagger-jsdoc": "^6.0.4",
    "@types/swagger-ui-express": "^4.1.8",
    "@types/xml2js": "^0.4.11",
    "concurrently": "^8.2.2",
    "dotenv": "^16.3.1",
    "firebase-functions-test": "^3.0.0",
    "nodemon": "^3.0.2",
    "ts-node": "^10.9.1",
    "tsc-alias": "^1.7.0",
    "tsconfig-paths": "^4.2.0",
    "typescript": "^4.9.5"
  },
  "private": true
}
[debug] [2025-11-19T16:17:58.331Z] Building nodejs source
[debug] [2025-11-19T16:17:58.332Z] Failed to find version of module node: reached end of search path C:\Users\mgonzalezv.INDRA\Documents\private-workspace\guia-tv\functions\node_modules
[info] +  functions: Using node@22 from host. 
[info] i  functions: Loaded environment variables from .env. 
[debug] [2025-11-19T16:17:58.348Z] Could not find functions.yaml. Must use http discovery
[debug] [2025-11-19T16:17:58.380Z] Found firebase-functions binary at 'C:\Users\mgonzalezv.INDRA\Documents\private-workspace\guia-tv\functions\node_modules\.bin\firebase-functions'
[info] Serving at port 8069

[info] Serving at port 8547

[debug] [2025-11-19T16:18:03.548Z] Got response from /__/functions.yaml {"endpoints":{"v1":{"availableMemoryMb":2048,"timeoutSeconds":540,"minInstances":null,"maxInstances":null,"ingressSettings":null,"concurrency":null,"serviceAccountEmail":null,"vpc":null,"platform":"gcfv2","labels":{},"httpsTrigger":{},"entryPoint":"v1"},"v2":{"availableMemoryMb":512,"timeoutSeconds":60,"minInstances":0,"maxInstances":10,"ingressSettings":null,"concurrency":null,"serviceAccountEmail":null,"vpc":null,"platform":"gcfv2","labels":{},"httpsTrigger":{},"entryPoint":"v2"},"ssr":{"availableMemoryMb":1024,"timeoutSeconds":540,"minInstances":null,"maxInstances":null,"ingressSettings":null,"concurrency":null,"serviceAccountEmail":null,"vpc":null,"platform":"gcfv2","labels":{},"httpsTrigger":{},"entryPoint":"ssr"},"actualizarProgramacion":{"availableMemoryMb":2048,"timeoutSeconds":540,"minInstances":null,"maxInstances":null,"ingressSettings":null,"concurrency":null,"serviceAccountEmail":null,"vpc":null,"platform":"gcfv2","labels":{},"scheduleTrigger":{"schedule":"0 0 */5 * *","retryConfig":{},"timeZone":"Europe/Madrid"},"entryPoint":"actualizarProgramacion"},"syncEPGDataScheduled":{"availableMemoryMb":1024,"timeoutSeconds":540,"minInstances":null,"maxInstances":null,"ingressSettings":null,"concurrency":null,"serviceAccountEmail":null,"vpc":null,"platform":"gcfv2","labels":{},"scheduleTrigger":{"schedule":"0 */6 * * *","retryConfig":{},"timeZone":"Europe/Madrid"},"entryPoint":"syncEPGDataScheduled"},"precomputeSchedulesScheduled":{"availableMemoryMb":512,"timeoutSeconds":300,"minInstances":null,"maxInstances":null,"ingressSettings":null,"concurrency":null,"serviceAccountEmail":null,"vpc":null,"platform":"gcfv2","labels":{},"scheduleTrigger":{"schedule":"15 */6 * * *","retryConfig":{},"timeZone":"Europe/Madrid"},"entryPoint":"precomputeSchedulesScheduled"},"cleanOldProgramsScheduled":{"availableMemoryMb":256,"timeoutSeconds":300,"minInstances":null,"maxInstances":null,"ingressSettings":null,"concurrency":null,"serviceAccountEmail":null,"vpc":null,"platform":"gcfv2","labels":{},"scheduleTrigger":{"schedule":"0 3 * * *","retryConfig":{},"timeZone":"Europe/Madrid"},"entryPoint":"cleanOldProgramsScheduled"}},"specVersion":"v1alpha1","requiredAPIs":[{"api":"cloudscheduler.googleapis.com","reason":"Needed for scheduled functions."}],"extensions":{}}
[error] !!  functions: Failed to load function definition from source: FirebaseError: User code failed to load. Cannot determine backend specification. Timeout after 10000. See https://firebase.google.com/docs/functions/tips#avoid_deployment_timeouts_during_initialization' {"metadata":{"emulator":{"name":"functions"},"message":"Failed to load function definition from source: FirebaseError: User code failed to load. Cannot determine backend specification. Timeout after 10000. See https://firebase.google.com/docs/functions/tips#avoid_deployment_timeouts_during_initialization'"}}
[info] +  functions: Loaded functions definitions from source: v1, v2, ssr, actualizarProgramacion, syncEPGDataScheduled, precomputeSchedulesScheduled, cleanOldProgramsScheduled. {"metadata":{"emulator":{"name":"functions"},"message":"Loaded functions definitions from source: v1, v2, ssr, actualizarProgramacion, syncEPGDataScheduled, precomputeSchedulesScheduled, cleanOldProgramsScheduled."}}
[info] +  functions[us-central1-v1]: http function initialized (http://127.0.0.1:5001/guia-tv-8fe3c/us-central1/v1). {"metadata":{"emulator":{"name":"functions"},"message":"\u001b[1mhttp\u001b[22m function initialized (http://127.0.0.1:5001/guia-tv-8fe3c/us-central1/v1)."}}
[info] +  functions[us-central1-v2]: http function initialized (http://127.0.0.1:5001/guia-tv-8fe3c/us-central1/v2). {"metadata":{"emulator":{"name":"functions"},"message":"\u001b[1mhttp\u001b[22m function initialized (http://127.0.0.1:5001/guia-tv-8fe3c/us-central1/v2)."}}
[info] +  functions[us-central1-ssr]: http function initialized (http://127.0.0.1:5001/guia-tv-8fe3c/us-central1/ssr). {"metadata":{"emulator":{"name":"functions"},"message":"\u001b[1mhttp\u001b[22m function initialized (http://127.0.0.1:5001/guia-tv-8fe3c/us-central1/ssr)."}}
[debug] [2025-11-19T16:18:07.609Z] addPubsubTrigger {"eventTrigger":{"eventType":"pubsub","resource":""}}
[debug] [2025-11-19T16:18:07.609Z] [pubsub] addTrigger(firebase-schedule-actualizarProgramacion, us-central1-actualizarProgramacion-0, http)
[debug] [2025-11-19T16:18:07.611Z] [pubsub] Creating topic: firebase-schedule-actualizarProgramacion
[debug] [2025-11-19T16:18:08.054Z] [pubsub] Creating sub for topic: firebase-schedule-actualizarProgramacion
[info] +  functions[us-central1-actualizarProgramacion]: pubsub function initialized. {"metadata":{"emulator":{"name":"functions"},"message":"\u001b[1mpubsub\u001b[22m function initialized."}}
[debug] [2025-11-19T16:18:08.104Z] addPubsubTrigger {"eventTrigger":{"eventType":"pubsub","resource":""}}
[debug] [2025-11-19T16:18:08.104Z] [pubsub] addTrigger(firebase-schedule-syncEPGDataScheduled, us-central1-syncEPGDataScheduled-0, http)
[debug] [2025-11-19T16:18:08.105Z] [pubsub] Creating topic: firebase-schedule-syncEPGDataScheduled
[debug] [2025-11-19T16:18:08.141Z] [pubsub] Creating sub for topic: firebase-schedule-syncEPGDataScheduled
[info] +  functions[us-central1-syncEPGDataScheduled]: pubsub function initialized. {"metadata":{"emulator":{"name":"functions"},"message":"\u001b[1mpubsub\u001b[22m function initialized."}}
[debug] [2025-11-19T16:18:08.151Z] addPubsubTrigger {"eventTrigger":{"eventType":"pubsub","resource":""}}
[debug] [2025-11-19T16:18:08.151Z] [pubsub] addTrigger(firebase-schedule-precomputeSchedulesScheduled, us-central1-precomputeSchedulesScheduled-0, http)
[debug] [2025-11-19T16:18:08.151Z] [pubsub] Creating topic: firebase-schedule-precomputeSchedulesScheduled
[debug] [2025-11-19T16:18:08.164Z] [pubsub] Creating sub for topic: firebase-schedule-precomputeSchedulesScheduled
[info] +  functions[us-central1-precomputeSchedulesScheduled]: pubsub function initialized. {"metadata":{"emulator":{"name":"functions"},"message":"\u001b[1mpubsub\u001b[22m function initialized."}}
[debug] [2025-11-19T16:18:08.177Z] addPubsubTrigger {"eventTrigger":{"eventType":"pubsub","resource":""}}
[debug] [2025-11-19T16:18:08.177Z] [pubsub] addTrigger(firebase-schedule-cleanOldProgramsScheduled, us-central1-cleanOldProgramsScheduled-0, http)
[debug] [2025-11-19T16:18:08.177Z] [pubsub] Creating topic: firebase-schedule-cleanOldProgramsScheduled
[debug] [2025-11-19T16:18:08.188Z] [pubsub] Creating sub for topic: firebase-schedule-cleanOldProgramsScheduled
[info] +  functions[us-central1-cleanOldProgramsScheduled]: pubsub function initialized. {"metadata":{"emulator":{"name":"functions"},"message":"\u001b[1mpubsub\u001b[22m function initialized."}}
[debug] [2025-11-19T16:18:53.738Z] Received signal SIGINT (Ctrl-C) 1
[info]  
[info] i  emulators: Received SIGINT (Ctrl-C) for the first time. Starting a clean shutdown. 
[info] i  emulators: Please wait for a clean shutdown or send the SIGINT (Ctrl-C) signal again to stop right now. 
[info] i  emulators: Shutting down emulators. {"metadata":{"emulator":{"name":"hub"},"message":"Shutting down emulators."}}
[info] i  ui: Stopping Emulator UI {"metadata":{"emulator":{"name":"ui"},"message":"Stopping Emulator UI"}}
[info] i  functions: Stopping Functions Emulator {"metadata":{"emulator":{"name":"functions"},"message":"Stopping Functions Emulator"}}
[info] i  firestore: Stopping Firestore Emulator {"metadata":{"emulator":{"name":"firestore"},"message":"Stopping Firestore Emulator"}}
[warn] !  Firestore Emulator has exited upon receiving signal: SIGKILL 
[info] i  pubsub: Stopping Pub/Sub Emulator {"metadata":{"emulator":{"name":"pubsub"},"message":"Stopping Pub/Sub Emulator"}}
[warn] !  Pub/Sub Emulator has exited upon receiving signal: SIGKILL 
[info] i  storage: Stopping Storage Emulator {"metadata":{"emulator":{"name":"storage"},"message":"Stopping Storage Emulator"}}
[debug] [2025-11-19T16:18:53.814Z] Stopping rules runtime. {"metadata":{"emulator":{"name":"storage"},"message":"Stopping rules runtime."}}
[info] i  eventarc: Stopping Eventarc Emulator {"metadata":{"emulator":{"name":"eventarc"},"message":"Stopping Eventarc Emulator"}}
[info] i  tasks: Stopping Cloud Tasks Emulator {"metadata":{"emulator":{"name":"tasks"},"message":"Stopping Cloud Tasks Emulator"}}
[info] i  hub: Stopping emulator hub {"metadata":{"emulator":{"name":"hub"},"message":"Stopping emulator hub"}}
[debug] [2025-11-19T16:18:53.830Z] Emulator locator file path: C:\Users\MGONZA~1.IND\AppData\Local\Temp\hub-guia-tv-8fe3c.json
[info] i  logging: Stopping Logging Emulator {"metadata":{"emulator":{"name":"logging"},"message":"Stopping Logging Emulator"}}
[debug] [2025-11-19T16:18:53.865Z] Could not find VSCode notification endpoint: FetchError: request to http://localhost:40001/vscode/notify failed, reason: . If you are not running the Firebase Data Connect VSCode extension, this is expected and not an issue.
[debug] [2025-11-19T16:20:08.986Z] ----------------------------------------------------------------------
[debug] [2025-11-19T16:20:08.998Z] Command:       C:\Program Files\nodejs\node.exe C:\Users\mgonzalezv.INDRA\AppData\Roaming\npm\node_modules\firebase-tools\lib\bin\firebase.js emulators:start --debug --only functions,firestore,storage,pubsub,ui
[debug] [2025-11-19T16:20:08.998Z] CLI Version:   14.20.0
[debug] [2025-11-19T16:20:08.998Z] Platform:      win32
[debug] [2025-11-19T16:20:08.998Z] Node Version:  v22.13.1
[debug] [2025-11-19T16:20:08.999Z] Time:          Wed Nov 19 2025 17:20:08 GMT+0100 (hora estándar de Europa central)
[debug] [2025-11-19T16:20:08.999Z] ----------------------------------------------------------------------
[debug] 
[debug] [2025-11-19T16:20:09.216Z] > command requires scopes: ["email","openid","https://www.googleapis.com/auth/cloudplatformprojects.readonly","https://www.googleapis.com/auth/firebase","https://www.googleapis.com/auth/cloud-platform"]
[debug] [2025-11-19T16:20:09.217Z] > authorizing via signed-in user (oficina@tecnoriasl.com)
[debug] [2025-11-19T16:20:09.684Z] openjdk version "17.0.15" 2025-04-15 LTS
OpenJDK Runtime Environment Microsoft-11369865 (build 17.0.15+6-LTS)

[debug] [2025-11-19T16:20:09.685Z] OpenJDK 64-Bit Server VM Microsoft-11369865 (build 17.0.15+6-LTS, mixed mode, sharing)

[debug] [2025-11-19T16:20:09.718Z] Parsed Java major version: 17
[warn] !!  emulators: firebase-tools will drop support for Java version < 21 soon in firebase-tools@15. Please install a JDK at version 21 or above to get a compatible runtime. 
[info] i  emulators: Starting emulators: functions, firestore, pubsub, storage {"metadata":{"emulator":{"name":"hub"},"message":"Starting emulators: functions, firestore, pubsub, storage"}}
[warn] !  ui: Not starting the ui emulator, make sure you have run firebase init. {"metadata":{"emulator":{"name":"ui"},"message":"Not starting the \u001b[1mui\u001b[22m emulator, make sure you have run \u001b[1mfirebase init\u001b[22m."}}
[debug] [2025-11-19T16:20:09.744Z] [logging] Logging Emulator only supports listening on one address (127.0.0.1). Not listening on ::1
[debug] [2025-11-19T16:20:09.745Z] assigned listening specs for emulators {"user":{"firestore":[{"address":"0.0.0.0","family":"IPv4","port":8080}],"firestore.websocket":[{"address":"0.0.0.0","family":"IPv4","port":9150}],"pubsub":[{"address":"0.0.0.0","family":"IPv4","port":8085}],"storage":[{"address":"0.0.0.0","family":"IPv4","port":9199}],"hub":[{"address":"127.0.0.1","family":"IPv4","port":4400},{"address":"::1","family":"IPv6","port":4400}],"ui":[{"address":"127.0.0.1","family":"IPv4","port":4000},{"address":"::1","family":"IPv6","port":4000}],"logging":[{"address":"127.0.0.1","family":"IPv4","port":4500}]},"metadata":{"message":"assigned listening specs for emulators"}}
[debug] [2025-11-19T16:20:09.751Z] Emulator locator file path: C:\Users\MGONZA~1.IND\AppData\Local\Temp\hub-guia-tv-8fe3c.json
[debug] [2025-11-19T16:20:09.752Z] [hub] writing locator at C:\Users\MGONZA~1.IND\AppData\Local\Temp\hub-guia-tv-8fe3c.json
[debug] [2025-11-19T16:20:09.794Z] [eventarc] Eventarc Emulator only supports listening on one address (127.0.0.1). Not listening on ::1
[debug] [2025-11-19T16:20:09.795Z] [tasks] Cloud Tasks Emulator only supports listening on one address (127.0.0.1). Not listening on ::1
[debug] [2025-11-19T16:20:09.795Z] late-assigned ports for functions and eventarc emulators {"user":{"firestore":[{"address":"0.0.0.0","family":"IPv4","port":8080}],"firestore.websocket":[{"address":"0.0.0.0","family":"IPv4","port":9150}],"pubsub":[{"address":"0.0.0.0","family":"IPv4","port":8085}],"storage":[{"address":"0.0.0.0","family":"IPv4","port":9199}],"hub":[{"address":"127.0.0.1","family":"IPv4","port":4400},{"address":"::1","family":"IPv6","port":4400}],"ui":[{"address":"127.0.0.1","family":"IPv4","port":4000},{"address":"::1","family":"IPv6","port":4000}],"logging":[{"address":"127.0.0.1","family":"IPv4","port":4500}],"functions":[{"address":"0.0.0.0","family":"IPv4","port":5001}],"eventarc":[{"address":"127.0.0.1","family":"IPv4","port":9299}],"tasks":[{"address":"127.0.0.1","family":"IPv4","port":9499}]},"metadata":{"message":"late-assigned ports for functions and eventarc emulators"}}
[warn] !  functions: The following emulators are not running, calls to these services from the Functions emulator will affect production: apphosting, auth, database, hosting, dataconnect {"metadata":{"emulator":{"name":"functions"},"message":"The following emulators are not running, calls to these services from the Functions emulator will affect production: \u001b[1mapphosting, auth, database, hosting, dataconnect\u001b[22m"}}
[debug] [2025-11-19T16:20:09.814Z] defaultcredentials: writing to file C:\Users\mgonzalezv.INDRA\AppData\Roaming\firebase\oficina_tecnoriasl_com_application_default_credentials.json
[debug] [2025-11-19T16:20:09.825Z] Setting GAC to C:\Users\mgonzalezv.INDRA\AppData\Roaming\firebase\oficina_tecnoriasl_com_application_default_credentials.json {"metadata":{"emulator":{"name":"functions"},"message":"Setting GAC to C:\\Users\\mgonzalezv.INDRA\\AppData\\Roaming\\firebase\\oficina_tecnoriasl_com_application_default_credentials.json"}}
[debug] [2025-11-19T16:20:09.829Z] Checked if tokens are valid: true, expires at: 1763572388297
[debug] [2025-11-19T16:20:09.829Z] Checked if tokens are valid: true, expires at: 1763572388297
[debug] [2025-11-19T16:20:09.830Z] >>> [apiv2][query] GET https://firebase.googleapis.com/v1beta1/projects/guia-tv-8fe3c/adminSdkConfig [none]
[debug] [2025-11-19T16:20:10.537Z] <<< [apiv2][status] GET https://firebase.googleapis.com/v1beta1/projects/guia-tv-8fe3c/adminSdkConfig 200
[debug] [2025-11-19T16:20:10.537Z] <<< [apiv2][body] GET https://firebase.googleapis.com/v1beta1/projects/guia-tv-8fe3c/adminSdkConfig {"projectId":"guia-tv-8fe3c","storageBucket":"guia-tv-8fe3c.appspot.com","locationId":"europe-west"}
[warn] !  firestore: Cloud Firestore Emulator does not support multiple databases yet. {"metadata":{"emulator":{"name":"firestore"},"message":"Cloud Firestore Emulator does not support multiple databases yet."}}
[warn] !  firestore: Did not find a Cloud Firestore rules file specified in a firebase.json config file. {"metadata":{"emulator":{"name":"firestore"},"message":"Did not find a Cloud Firestore rules file specified in a firebase.json config file."}}
[warn] !  firestore: The emulator will default to allowing all reads and writes. Learn more about this option: https://firebase.google.com/docs/emulator-suite/install_and_configure#security_rules_configuration. {"metadata":{"emulator":{"name":"firestore"},"message":"The emulator will default to allowing all reads and writes. Learn more about this option: https://firebase.google.com/docs/emulator-suite/install_and_configure#security_rules_configuration."}}
[debug] [2025-11-19T16:20:10.606Z] Ignoring unsupported arg: auto_download {"metadata":{"emulator":{"name":"firestore"},"message":"Ignoring unsupported arg: auto_download"}}
[debug] [2025-11-19T16:20:10.606Z] Ignoring unsupported arg: single_project_mode_error {"metadata":{"emulator":{"name":"firestore"},"message":"Ignoring unsupported arg: single_project_mode_error"}}
[debug] [2025-11-19T16:20:10.606Z] Starting Firestore Emulator with command {"binary":"java","args":["-Dgoogle.cloud_firestore.debug_log_level=FINE","-Duser.language=en","-jar","C:\\Users\\mgonzalezv.INDRA\\.cache\\firebase\\emulators\\cloud-firestore-emulator-v1.19.8.jar","--host","0.0.0.0","--port",8080,"--websocket_port",9150,"--project_id","guia-tv-8fe3c","--single_project_mode",true,"--functions_emulator","127.0.0.1:5001"],"optionalArgs":["port","webchannel_port","host","rules","websocket_port","functions_emulator","seed_from_export","project_id","single_project_mode"],"joinArgs":false,"shell":false,"port":8080} {"metadata":{"emulator":{"name":"firestore"},"message":"Starting Firestore Emulator with command {\"binary\":\"java\",\"args\":[\"-Dgoogle.cloud_firestore.debug_log_level=FINE\",\"-Duser.language=en\",\"-jar\",\"C:\\\\Users\\\\mgonzalezv.INDRA\\\\.cache\\\\firebase\\\\emulators\\\\cloud-firestore-emulator-v1.19.8.jar\",\"--host\",\"0.0.0.0\",\"--port\",8080,\"--websocket_port\",9150,\"--project_id\",\"guia-tv-8fe3c\",\"--single_project_mode\",true,\"--functions_emulator\",\"127.0.0.1:5001\"],\"optionalArgs\":[\"port\",\"webchannel_port\",\"host\",\"rules\",\"websocket_port\",\"functions_emulator\",\"seed_from_export\",\"project_id\",\"single_project_mode\"],\"joinArgs\":false,\"shell\":false,\"port\":8080}"}}
[info] i  firestore: Firestore Emulator logging to firestore-debug.log {"metadata":{"emulator":{"name":"firestore"},"message":"Firestore Emulator logging to \u001b[1mfirestore-debug.log\u001b[22m"}}
[debug] [2025-11-19T16:20:14.923Z] Nov 19, 2025 5:20:14 PM com.google.cloud.datastore.emulator.firestore.websocket.WebSocketServer start
INFO: Started WebSocket server on ws://0.0.0.0:9150
 {"metadata":{"emulator":{"name":"firestore"},"message":"Nov 19, 2025 5:20:14 PM com.google.cloud.datastore.emulator.firestore.websocket.WebSocketServer start\r\nINFO: Started WebSocket server on ws://0.0.0.0:9150\r\n"}}
[debug] [2025-11-19T16:20:16.436Z] API endpoint: http://0.0.0.0:8080
If you are using a library that supports the FIRESTORE_EMULATOR_HOST environment variable, run:

   export FIRESTORE_EMULATOR_HOST=0.0.0.0:8080 {"metadata":{"emulator":{"name":"firestore"},"message":"API endpoint: http://0.0.0.0:8080\nIf you are using a library that supports the FIRESTORE_EMULATOR_HOST environment variable, run:\r\n\n   export FIRESTORE_EMULATOR_HOST=0.0.0.0:8080"}}
[debug] [2025-11-19T16:20:16.437Z] 

If you are running a Firestore in Datastore Mode project, run:

   export DATASTORE_EMULATOR_HOST=0.0.0.0:8080

Note: Support for Datastore Mode is in preview. If you encounter any bugs please file at https://github.com/firebase/firebase-tools/issues.
Dev App Server is now running.

 {"metadata":{"emulator":{"name":"firestore"},"message":"\n\nIf you are running a Firestore in Datastore Mode project, run:\r\n\n   export DATASTORE_EMULATOR_HOST=0.0.0.0:8080\n\nNote: Support for Datastore Mode is in preview. If you encounter any bugs please file at https://github.com/firebase/firebase-tools/issues.\r\nDev App Server is now running.\n\r\n"}}
[info] +  firestore: Firestore Emulator UI websocket is running on 9150. {"metadata":{"emulator":{"name":"firestore"},"message":"Firestore Emulator UI websocket is running on 9150."}}
[debug] [2025-11-19T16:20:16.622Z] Ignoring unsupported arg: projectId {"metadata":{"emulator":{"name":"pubsub"},"message":"Ignoring unsupported arg: projectId"}}
[debug] [2025-11-19T16:20:16.622Z] Ignoring unsupported arg: auto_download {"metadata":{"emulator":{"name":"pubsub"},"message":"Ignoring unsupported arg: auto_download"}}
[debug] [2025-11-19T16:20:16.623Z] Starting Pub/Sub Emulator with command {"binary":"C:\\Users\\mgonzalezv.INDRA\\.cache\\firebase\\emulators\\pubsub-emulator-0.8.14\\pubsub-emulator\\bin\\cloud-pubsub-emulator","args":["--host=0.0.0.0","--port=8085"],"optionalArgs":["port","host"],"joinArgs":true,"shell":true,"port":8085} {"metadata":{"emulator":{"name":"pubsub"},"message":"Starting Pub/Sub Emulator with command {\"binary\":\"C:\\\\Users\\\\mgonzalezv.INDRA\\\\.cache\\\\firebase\\\\emulators\\\\pubsub-emulator-0.8.14\\\\pubsub-emulator\\\\bin\\\\cloud-pubsub-emulator\",\"args\":[\"--host=0.0.0.0\",\"--port=8085\"],\"optionalArgs\":[\"port\",\"host\"],\"joinArgs\":true,\"shell\":true,\"port\":8085}"}}
[info] i  pubsub: Pub/Sub Emulator logging to pubsub-debug.log {"metadata":{"emulator":{"name":"pubsub"},"message":"Pub/Sub Emulator logging to \u001b[1mpubsub-debug.log\u001b[22m"}}
[debug] [2025-11-19T16:20:17.204Z] 
C:\Users\mgonzalezv.INDRA\Documents\private-workspace\guia-tv\functions>if  {"metadata":{"emulator":{"name":"pubsub"},"message":"\r\nC:\\Users\\mgonzalezv.INDRA\\Documents\\private-workspace\\guia-tv\\functions>if "}}
[debug] [2025-11-19T16:20:17.206Z] "Windows_NT" == "Windows_NT" setlocal
 {"metadata":{"emulator":{"name":"pubsub"},"message":"\"Windows_NT\" == \"Windows_NT\" setlocal\r\n"}}
[debug] [2025-11-19T16:20:17.212Z] 
C:\Users\mgonzalezv.INDRA\Documents\private-workspace\guia-tv\functions>set DIRNAME=C:\Users\mgonzalezv.INDRA\.cache\firebase\emulators\pubsub-emulator-0.8.14\pubsub-emulator\bin\ 
 {"metadata":{"emulator":{"name":"pubsub"},"message":"\r\nC:\\Users\\mgonzalezv.INDRA\\Documents\\private-workspace\\guia-tv\\functions>set DIRNAME=C:\\Users\\mgonzalezv.INDRA\\.cache\\firebase\\emulators\\pubsub-emulator-0.8.14\\pubsub-emulator\\bin\\ \r\n"}}
[debug] [2025-11-19T16:20:17.215Z] 
C:\Users\mgonzalezv.INDRA\Documents\private-workspace\guia-tv\functions>if "C:\Users\mgonzalezv.INDRA\.cache\firebase\emulators\pubsub-emulator-0.8.14\pubsub-emulator\bin\" == "" set DIRNAME=. 
 {"metadata":{"emulator":{"name":"pubsub"},"message":"\r\nC:\\Users\\mgonzalezv.INDRA\\Documents\\private-workspace\\guia-tv\\functions>if \"C:\\Users\\mgonzalezv.INDRA\\.cache\\firebase\\emulators\\pubsub-emulator-0.8.14\\pubsub-emulator\\bin\\\" == \"\" set DIRNAME=. \r\n"}}
[debug] [2025-11-19T16:20:17.219Z] 
C:\Users\mgonzalezv.INDRA\Documents\private-workspace\guia-tv\functions>set APP_BASE_NAME=cloud-pubsub-emulator 
 {"metadata":{"emulator":{"name":"pubsub"},"message":"\r\nC:\\Users\\mgonzalezv.INDRA\\Documents\\private-workspace\\guia-tv\\functions>set APP_BASE_NAME=cloud-pubsub-emulator \r\n"}}
[debug] [2025-11-19T16:20:17.223Z] 
C:\Users\mgonzalezv.INDRA\Documents\private-workspace\guia-tv\functions>set APP_HOME=C:\Users\mgonzalezv.INDRA\.cache\firebase\emulators\pubsub-emulator-0.8.14\pubsub-emulator\bin\.. 
 {"metadata":{"emulator":{"name":"pubsub"},"message":"\r\nC:\\Users\\mgonzalezv.INDRA\\Documents\\private-workspace\\guia-tv\\functions>set APP_HOME=C:\\Users\\mgonzalezv.INDRA\\.cache\\firebase\\emulators\\pubsub-emulator-0.8.14\\pubsub-emulator\\bin\\.. \r\n"}}
[debug] [2025-11-19T16:20:17.230Z] 
C:\Users\mgonzalezv.INDRA\Documents\private-workspace\guia-tv\functions>set DEFAULT_JVM_OPTS=  {"metadata":{"emulator":{"name":"pubsub"},"message":"\r\nC:\\Users\\mgonzalezv.INDRA\\Documents\\private-workspace\\guia-tv\\functions>set DEFAULT_JVM_OPTS= "}}
[debug] [2025-11-19T16:20:17.231Z] 
 {"metadata":{"emulator":{"name":"pubsub"},"message":"\r\n"}}
[debug] [2025-11-19T16:20:17.239Z] 
C:\Users\mgonzalezv.INDRA\Documents\private-workspace\guia-tv\functions>if defined JAVA_HOME goto findJavaFromJavaHome 
 {"metadata":{"emulator":{"name":"pubsub"},"message":"\r\nC:\\Users\\mgonzalezv.INDRA\\Documents\\private-workspace\\guia-tv\\functions>if defined JAVA_HOME goto findJavaFromJavaHome \r\n"}}
[debug] [2025-11-19T16:20:17.244Z] 
C:\Users\mgonzalezv.INDRA\Documents\private-workspace\guia-tv\functions>set JAVA_HOME=C:\Program Files\Microsoft\jdk-17.0.15.6-hotspot 
 {"metadata":{"emulator":{"name":"pubsub"},"message":"\r\nC:\\Users\\mgonzalezv.INDRA\\Documents\\private-workspace\\guia-tv\\functions>set JAVA_HOME=C:\\Program Files\\Microsoft\\jdk-17.0.15.6-hotspot \r\n"}}
[debug] [2025-11-19T16:20:17.247Z] 
C:\Users\mgonzalezv.INDRA\Documents\private-workspace\guia-tv\functions>set {"metadata":{"emulator":{"name":"pubsub"},"message":"\r\nC:\\Users\\mgonzalezv.INDRA\\Documents\\private-workspace\\guia-tv\\functions>set"}}
[debug] [2025-11-19T16:20:17.247Z]  JAVA_EXE=C:\Program Files\Microsoft\jdk-17.0.15.6-hotspot/bin/java.exe 
 {"metadata":{"emulator":{"name":"pubsub"},"message":" JAVA_EXE=C:\\Program Files\\Microsoft\\jdk-17.0.15.6-hotspot/bin/java.exe \r\n"}}
[debug] [2025-11-19T16:20:17.251Z] 
C:\Users\mgonzalezv.INDRA\Documents\private-workspace\guia-tv\functions>if exist "C:\Program Files\Microsoft\jdk-17.0.15.6-hotspot/bin/java.exe" goto init 
 {"metadata":{"emulator":{"name":"pubsub"},"message":"\r\nC:\\Users\\mgonzalezv.INDRA\\Documents\\private-workspace\\guia-tv\\functions>if exist \"C:\\Program Files\\Microsoft\\jdk-17.0.15.6-hotspot/bin/java.exe\" goto init \r\n"}}
[debug] [2025-11-19T16:20:17.263Z] 
C:\Users\mgonzalezv.INDRA\Documents\private-workspace\guia-tv\functions>if not "Windows_NT" == "Windows_NT" goto win9xME_args 
 {"metadata":{"emulator":{"name":"pubsub"},"message":"\r\nC:\\Users\\mgonzalezv.INDRA\\Documents\\private-workspace\\guia-tv\\functions>if not \"Windows_NT\" == \"Windows_NT\" goto win9xME_args \r\n"}}
[debug] [2025-11-19T16:20:17.273Z] 
C:\Users\mgonzalezv.INDRA\Documents\private-workspace\guia-tv\functions>set CMD_LINE_ARGS= 
 {"metadata":{"emulator":{"name":"pubsub"},"message":"\r\nC:\\Users\\mgonzalezv.INDRA\\Documents\\private-workspace\\guia-tv\\functions>set CMD_LINE_ARGS= \r\n"}}
[debug] [2025-11-19T16:20:17.276Z] 
C:\Users\mgonzalezv.INDRA\Documents\private-workspace\guia-tv\functions>set _SKIP=2 
 {"metadata":{"emulator":{"name":"pubsub"},"message":"\r\nC:\\Users\\mgonzalezv.INDRA\\Documents\\private-workspace\\guia-tv\\functions>set _SKIP=2 \r\n"}}
[debug] [2025-11-19T16:20:17.283Z] 
C:\Users\mgonzalezv.INDRA\Documents\private-workspace\guia-tv\functions>if "x--host" == "x" goto execute  {"metadata":{"emulator":{"name":"pubsub"},"message":"\r\nC:\\Users\\mgonzalezv.INDRA\\Documents\\private-workspace\\guia-tv\\functions>if \"x--host\" == \"x\" goto execute "}}
[debug] [2025-11-19T16:20:17.284Z] 
 {"metadata":{"emulator":{"name":"pubsub"},"message":"\r\n"}}
[debug] [2025-11-19T16:20:17.290Z] 
C:\Users\mgonzalezv.INDRA\Documents\private-workspace\guia-tv\functions>set CMD_LINE_ARGS=--host=0.0.0.0 --port=8085 
 {"metadata":{"emulator":{"name":"pubsub"},"message":"\r\nC:\\Users\\mgonzalezv.INDRA\\Documents\\private-workspace\\guia-tv\\functions>set CMD_LINE_ARGS=--host=0.0.0.0 --port=8085 \r\n"}}
[debug] [2025-11-19T16:20:17.301Z] 
C:\Users\mgonzalezv.INDRA\Documents\private-workspace\guia-tv\functions>set CLASSPATH=C:\Users\mgonzalezv.INDRA\.cache\firebase\emulators\pubsub-emulator-0.8.14\pubsub-emulator\bin\..\lib\cloud-pubsub-emulator-0.8.14-all.jar 
 {"metadata":{"emulator":{"name":"pubsub"},"message":"\r\nC:\\Users\\mgonzalezv.INDRA\\Documents\\private-workspace\\guia-tv\\functions>set CLASSPATH=C:\\Users\\mgonzalezv.INDRA\\.cache\\firebase\\emulators\\pubsub-emulator-0.8.14\\pubsub-emulator\\bin\\..\\lib\\cloud-pubsub-emulator-0.8.14-all.jar \r\n"}}
[debug] [2025-11-19T16:20:17.310Z] 
C:\Users\mgonzalezv.INDRA\Documents\private-workspace\guia-tv\functions>"C:\Program Files\Microsoft\jdk-17.0.15.6-hotspot/bin/java.exe"     -jar "C:\Users\mgonzalezv.INDRA\.cache\firebase\emulators\pubsub-emulator-0.8.14\pubsub-emulator\bin\..\lib\cloud-pubsub-emulator-0.8.14-all.jar" --host=0.0.0.0 --port=8085 
 {"metadata":{"emulator":{"name":"pubsub"},"message":"\r\nC:\\Users\\mgonzalezv.INDRA\\Documents\\private-workspace\\guia-tv\\functions>\"C:\\Program Files\\Microsoft\\jdk-17.0.15.6-hotspot/bin/java.exe\"     -jar \"C:\\Users\\mgonzalezv.INDRA\\.cache\\firebase\\emulators\\pubsub-emulator-0.8.14\\pubsub-emulator\\bin\\..\\lib\\cloud-pubsub-emulator-0.8.14-all.jar\" --host=0.0.0.0 --port=8085 \r\n"}}
[debug] [2025-11-19T16:20:22.648Z] Ignoring unsupported arg: port {"metadata":{"emulator":{"name":"storage"},"message":"Ignoring unsupported arg: port"}}
[debug] [2025-11-19T16:20:23.982Z] Temp file directory for storage emulator: C:\Users\MGONZA~1.IND\AppData\Local\Temp/firebase/storage/blobs {"metadata":{"emulator":{"name":"storage"},"message":"Temp file directory for storage emulator: C:\\Users\\MGONZA~1.IND\\AppData\\Local\\Temp/firebase/storage/blobs"}}
[info] i  functions: Watching "C:\Users\mgonzalezv.INDRA\Documents\private-workspace\guia-tv\functions" for Cloud Functions... {"metadata":{"emulator":{"name":"functions"},"message":"Watching \"C:\\Users\\mgonzalezv.INDRA\\Documents\\private-workspace\\guia-tv\\functions\" for Cloud Functions..."}}
[debug] [2025-11-19T16:20:24.051Z] Validating nodejs source
[debug] [2025-11-19T16:20:34.158Z] checkFunctionsSDKVersion was unable to fetch information from NPM Error: spawnSync C:\WINDOWS\system32\cmd.exe ETIMEDOUT
    at Object.spawnSync (node:internal/child_process:1120:20)
    at Object.spawnSync (node:child_process:868:24)
    at Function.spawnSync [as sync] (C:\Users\mgonzalezv.INDRA\AppData\Roaming\npm\node_modules\firebase-tools\node_modules\cross-spawn\index.js:26:23)
    at Object.getLatestSDKVersion (C:\Users\mgonzalezv.INDRA\AppData\Roaming\npm\node_modules\firebase-tools\lib\deploy\functions\runtimes\node\versioning.js:54:25)
    at Object.checkFunctionsSDKVersion (C:\Users\mgonzalezv.INDRA\AppData\Roaming\npm\node_modules\firebase-tools\lib\deploy\functions\runtimes\node\versioning.js:74:32)
    at Delegate.validate (C:\Users\mgonzalezv.INDRA\AppData\Roaming\npm\node_modules\firebase-tools\lib\deploy\functions\runtimes\node\index.js:89:20)
    at FunctionsEmulator.discoverTriggers (C:\Users\mgonzalezv.INDRA\AppData\Roaming\npm\node_modules\firebase-tools\lib\emulator\functionsEmulator.js:320:35)
    at async FunctionsEmulator.loadTriggers (C:\Users\mgonzalezv.INDRA\AppData\Roaming\npm\node_modules\firebase-tools\lib\emulator\functionsEmulator.js:362:34)
    at async FunctionsEmulator.connect (C:\Users\mgonzalezv.INDRA\AppData\Roaming\npm\node_modules\firebase-tools\lib\emulator\functionsEmulator.js:282:13)
    at async Object.startAll (C:\Users\mgonzalezv.INDRA\AppData\Roaming\npm\node_modules\firebase-tools\lib\emulator\controller.js:678:13)
[debug] [2025-11-19T16:20:34.162Z] > [functions] package.json contents: {
  "name": "functions",
  "version": "1.0.0",
  "description": "Cloud Functions for Firebase",
  "scripts": {
    "build": "tsc && tsc-alias",
    "build:watch": "tsc --watch",
    "emulators:start": "npm run build && firebase emulators:start --debug --only functions,firestore,storage,pubsub,ui",
    "emulators:start:no-build": "firebase emulators:start --only functions,firestore,storage,pubsub,ui",
    "dev:emulators": "npm run emulators:start",
    "lint": "eslint src/**/*.ts",
    "lint:fix": "eslint src/**/*.ts --fix",
    "clean": "node -e \"require('fs').rmSync('lib', { recursive: true, force: true })\"",
    "test": "jest"
  },
  "engines": {
    "node": "22"
  },
  "main": "lib/index.js",
  "dependencies": {
    "async-retry": "^1.3.3",
    "axios": "^1.3.4",
    "cheerio": "^1.0.0-rc.12",
    "compression": "^1.7.4",
    "cors": "^2.8.5",
    "date-fns": "^2.29.3",
    "esm": "^3.2.25",
    "express": "^4.18.2",
    "express-rate-limit": "^7.1.5",
    "firebase-admin": "^11.10.0",
    "firebase-functions": "^7.0.0",
    "gunzip": "^1.2.2",
    "gunzip-file": "^0.1.1",
    "p-retry": "^5.1.2",
    "redis": "^5.8.3",
    "retry": "^0.13.1",
    "swagger-jsdoc": "^6.2.8",
    "swagger-ui-express": "^5.0.1",
    "xml2js": "^0.4.23"
  },
  "devDependencies": {
    "@types/compression": "^1.8.1",
    "@types/cors": "^2.8.13",
    "@types/date-fns": "^2.6.0",
    "@types/express": "^4.17.17",
    "@types/node": "^18.15.5",
    "@types/node-fetch": "^2.6.3",
    "@types/swagger-jsdoc": "^6.0.4",
    "@types/swagger-ui-express": "^4.1.8",
    "@types/xml2js": "^0.4.11",
    "concurrently": "^8.2.2",
    "dotenv": "^16.3.1",
    "firebase-functions-test": "^3.0.0",
    "nodemon": "^3.0.2",
    "ts-node": "^10.9.1",
    "tsc-alias": "^1.7.0",
    "tsconfig-paths": "^4.2.0",
    "typescript": "^4.9.5"
  },
  "private": true
}
[debug] [2025-11-19T16:20:34.164Z] Building nodejs source
[debug] [2025-11-19T16:20:34.165Z] Failed to find version of module node: reached end of search path C:\Users\mgonzalezv.INDRA\Documents\private-workspace\guia-tv\functions\node_modules
[info] +  functions: Using node@22 from host. 
[info] i  functions: Loaded environment variables from .env. 
[debug] [2025-11-19T16:20:34.180Z] Could not find functions.yaml. Must use http discovery
[debug] [2025-11-19T16:20:34.214Z] Found firebase-functions binary at 'C:\Users\mgonzalezv.INDRA\Documents\private-workspace\guia-tv\functions\node_modules\.bin\firebase-functions'
[info] Serving at port 8347

[error] !!  functions: Failed to load function definition from source: FirebaseError: User code failed to load. Cannot determine backend specification. Timeout after 10000. See https://firebase.google.com/docs/functions/tips#avoid_deployment_timeouts_during_initialization' {"metadata":{"emulator":{"name":"functions"},"message":"Failed to load function definition from source: FirebaseError: User code failed to load. Cannot determine backend specification. Timeout after 10000. See https://firebase.google.com/docs/functions/tips#avoid_deployment_timeouts_during_initialization'"}}
[debug] [2025-11-19T16:20:48.555Z] Could not find VSCode notification endpoint: FetchError: request to http://localhost:40001/vscode/notify failed, reason: . If you are not running the Firebase Data Connect VSCode extension, this is expected and not an issue.
[info] 
┌─────────────────────────────────────────────────────────────┐
│ ✔  All emulators ready! It is now safe to connect your app. │
│ i  View Emulator UI at http://127.0.0.1:4000/               │
└─────────────────────────────────────────────────────────────┘

┌───────────┬──────────────┬─────────────────────────────────┐
│ Emulator  │ Host:Port    │ View in Emulator UI             │
├───────────┼──────────────┼─────────────────────────────────┤
│ Functions │ 0.0.0.0:5001 │ http://127.0.0.1:4000/functions │
├───────────┼──────────────┼─────────────────────────────────┤
│ Firestore │ 0.0.0.0:8080 │ http://127.0.0.1:4000/firestore │
├───────────┼──────────────┼─────────────────────────────────┤
│ Pub/Sub   │ 0.0.0.0:8085 │ n/a                             │
├───────────┼──────────────┼─────────────────────────────────┤
│ Storage   │ 0.0.0.0:9199 │ http://127.0.0.1:4000/storage   │
└───────────┴──────────────┴─────────────────────────────────┘
  Emulator Hub host: 127.0.0.1 port: 4400
  Other reserved ports: 4500, 9150

Issues? Report them at https://github.com/firebase/firebase-tools/issues and attach the *-debug.log files.
 
[warn] !  emulators: firebase-tools will drop support for Java version < 21 soon in firebase-tools@15. Please install a JDK at version 21 or above to get a compatible runtime. 
[debug] [2025-11-19T16:25:07.007Z] Received signal SIGINT (Ctrl-C) 1
[info]  
[info] i  emulators: Received SIGINT (Ctrl-C) for the first time. Starting a clean shutdown. 
[info] i  emulators: Please wait for a clean shutdown or send the SIGINT (Ctrl-C) signal again to stop right now. 
[info] i  emulators: Shutting down emulators. {"metadata":{"emulator":{"name":"hub"},"message":"Shutting down emulators."}}
[info] i  ui: Stopping Emulator UI {"metadata":{"emulator":{"name":"ui"},"message":"Stopping Emulator UI"}}
[info] i  functions: Stopping Functions Emulator {"metadata":{"emulator":{"name":"functions"},"message":"Stopping Functions Emulator"}}
[info] i  firestore: Stopping Firestore Emulator {"metadata":{"emulator":{"name":"firestore"},"message":"Stopping Firestore Emulator"}}
[warn] !  Firestore Emulator has exited upon receiving signal: SIGKILL 
[info] i  pubsub: Stopping Pub/Sub Emulator {"metadata":{"emulator":{"name":"pubsub"},"message":"Stopping Pub/Sub Emulator"}}
[warn] !  Pub/Sub Emulator has exited upon receiving signal: SIGKILL 
[info] i  storage: Stopping Storage Emulator {"metadata":{"emulator":{"name":"storage"},"message":"Stopping Storage Emulator"}}
[debug] [2025-11-19T16:25:07.100Z] Stopping rules runtime. {"metadata":{"emulator":{"name":"storage"},"message":"Stopping rules runtime."}}
[info] i  eventarc: Stopping Eventarc Emulator {"metadata":{"emulator":{"name":"eventarc"},"message":"Stopping Eventarc Emulator"}}
[info] i  tasks: Stopping Cloud Tasks Emulator {"metadata":{"emulator":{"name":"tasks"},"message":"Stopping Cloud Tasks Emulator"}}
[info] i  hub: Stopping emulator hub {"metadata":{"emulator":{"name":"hub"},"message":"Stopping emulator hub"}}
[debug] [2025-11-19T16:25:07.122Z] Emulator locator file path: C:\Users\MGONZA~1.IND\AppData\Local\Temp\hub-guia-tv-8fe3c.json
[info] i  logging: Stopping Logging Emulator {"metadata":{"emulator":{"name":"logging"},"message":"Stopping Logging Emulator"}}
[debug] [2025-11-19T16:25:07.153Z] Could not find VSCode notification endpoint: FetchError: request to http://localhost:40001/vscode/notify failed, reason: . If you are not running the Firebase Data Connect VSCode extension, this is expected and not an issue.
[debug] [2025-11-19T16:27:05.222Z] ----------------------------------------------------------------------
[debug] [2025-11-19T16:27:05.235Z] Command:       C:\Program Files\nodejs\node.exe C:\Users\mgonzalezv.INDRA\AppData\Roaming\npm\node_modules\firebase-tools\lib\bin\firebase.js emulators:start --debug --only functions,firestore,storage,pubsub,ui
[debug] [2025-11-19T16:27:05.236Z] CLI Version:   14.20.0
[debug] [2025-11-19T16:27:05.236Z] Platform:      win32
[debug] [2025-11-19T16:27:05.236Z] Node Version:  v22.13.1
[debug] [2025-11-19T16:27:05.236Z] Time:          Wed Nov 19 2025 17:27:05 GMT+0100 (hora estándar de Europa central)
[debug] [2025-11-19T16:27:05.236Z] ----------------------------------------------------------------------
[debug] 
[debug] [2025-11-19T16:27:05.591Z] > command requires scopes: ["email","openid","https://www.googleapis.com/auth/cloudplatformprojects.readonly","https://www.googleapis.com/auth/firebase","https://www.googleapis.com/auth/cloud-platform"]
[debug] [2025-11-19T16:27:05.592Z] > authorizing via signed-in user (oficina@tecnoriasl.com)
[debug] [2025-11-19T16:27:06.076Z] openjdk version "17.0.15" 2025-04-15 LTS
OpenJDK Runtime Environment Microsoft-11369865 (build 17.0.15+6-LTS)
OpenJDK 64-Bit Server VM Microsoft-11369865 (build 17.0.15+6-LTS, mixed mode, sharing)

[debug] [2025-11-19T16:27:06.107Z] Parsed Java major version: 17
[warn] !!  emulators: firebase-tools will drop support for Java version < 21 soon in firebase-tools@15. Please install a JDK at version 21 or above to get a compatible runtime. 
[info] i  emulators: Starting emulators: functions, firestore, pubsub, storage {"metadata":{"emulator":{"name":"hub"},"message":"Starting emulators: functions, firestore, pubsub, storage"}}
[warn] !  ui: Not starting the ui emulator, make sure you have run firebase init. {"metadata":{"emulator":{"name":"ui"},"message":"Not starting the \u001b[1mui\u001b[22m emulator, make sure you have run \u001b[1mfirebase init\u001b[22m."}}
[warn] !  pubsub: Port 8085 is not open on 0.0.0.0, could not start Pub/Sub Emulator. {"metadata":{"emulator":{"name":"pubsub"},"message":"Port 8085 is not open on 0.0.0.0, could not start Pub/Sub Emulator."}}
[warn] !  pubsub: To select a different host/port, specify that host/port in a firebase.json config file:
      {
        // ...
        "emulators": {
          "pubsub": {
            "host": "HOST",
            "port": "PORT"
          }
        }
      } {"metadata":{"emulator":{"name":"pubsub"},"message":"To select a different host/port, specify that host/port in a firebase.json config file:\n      {\n        // ...\n        \"emulators\": {\n          \"pubsub\": {\n            \"host\": \"\u001b[33mHOST\u001b[39m\",\n            \"port\": \"\u001b[33mPORT\u001b[39m\"\n          }\n        }\n      }"}}
[debug] [2025-11-19T16:27:06.161Z] [logging] Logging Emulator only supports listening on one address (127.0.0.1). Not listening on ::1
[debug] [2025-11-19T16:27:06.169Z] Could not find VSCode notification endpoint: FetchError: request to http://localhost:40001/vscode/notify failed, reason: . If you are not running the Firebase Data Connect VSCode extension, this is expected and not an issue.
[info] i  emulators: Shutting down emulators. {"metadata":{"emulator":{"name":"hub"},"message":"Shutting down emulators."}}
[debug] [2025-11-19T16:27:06.178Z] Could not find VSCode notification endpoint: FetchError: request to http://localhost:40001/vscode/notify failed, reason: . If you are not running the Firebase Data Connect VSCode extension, this is expected and not an issue.
[error] 
[error] Error: Could not start Pub/Sub Emulator, port taken.
[debug] [2025-11-19T16:29:04.180Z] ----------------------------------------------------------------------
[debug] [2025-11-19T16:29:04.191Z] Command:       C:\Program Files\nodejs\node.exe C:\Users\mgonzalezv.INDRA\AppData\Roaming\npm\node_modules\firebase-tools\lib\bin\firebase.js emulators:start --debug --only functions,firestore,storage,pubsub,ui
[debug] [2025-11-19T16:29:04.191Z] CLI Version:   14.20.0
[debug] [2025-11-19T16:29:04.191Z] Platform:      win32
[debug] [2025-11-19T16:29:04.191Z] Node Version:  v22.13.1
[debug] [2025-11-19T16:29:04.191Z] Time:          Wed Nov 19 2025 17:29:04 GMT+0100 (hora estándar de Europa central)
[debug] [2025-11-19T16:29:04.191Z] ----------------------------------------------------------------------
[debug] 
[debug] [2025-11-19T16:29:04.429Z] > command requires scopes: ["email","openid","https://www.googleapis.com/auth/cloudplatformprojects.readonly","https://www.googleapis.com/auth/firebase","https://www.googleapis.com/auth/cloud-platform"]
[debug] [2025-11-19T16:29:04.430Z] > authorizing via signed-in user (oficina@tecnoriasl.com)
[debug] [2025-11-19T16:29:04.925Z] openjdk version "17.0.15" 2025-04-15 LTS
OpenJDK Runtime Environment Microsoft-11369865 (build 17.0.15+6-LTS)
OpenJDK 64-Bit Server VM Microsoft-11369865 (build 17.0.15+6-LTS, mixed mode, sharing)

[debug] [2025-11-19T16:29:04.949Z] Parsed Java major version: 17
[warn] !!  emulators: firebase-tools will drop support for Java version < 21 soon in firebase-tools@15. Please install a JDK at version 21 or above to get a compatible runtime. 
[info] i  emulators: Starting emulators: functions, firestore, pubsub, storage {"metadata":{"emulator":{"name":"hub"},"message":"Starting emulators: functions, firestore, pubsub, storage"}}
[warn] !  ui: Not starting the ui emulator, make sure you have run firebase init. {"metadata":{"emulator":{"name":"ui"},"message":"Not starting the \u001b[1mui\u001b[22m emulator, make sure you have run \u001b[1mfirebase init\u001b[22m."}}
[debug] [2025-11-19T16:29:04.979Z] [logging] Logging Emulator only supports listening on one address (127.0.0.1). Not listening on ::1
[debug] [2025-11-19T16:29:04.979Z] assigned listening specs for emulators {"user":{"firestore":[{"address":"0.0.0.0","family":"IPv4","port":8080}],"firestore.websocket":[{"address":"0.0.0.0","family":"IPv4","port":9150}],"pubsub":[{"address":"0.0.0.0","family":"IPv4","port":8085}],"storage":[{"address":"0.0.0.0","family":"IPv4","port":9199}],"hub":[{"address":"127.0.0.1","family":"IPv4","port":4400},{"address":"::1","family":"IPv6","port":4400}],"ui":[{"address":"127.0.0.1","family":"IPv4","port":4000},{"address":"::1","family":"IPv6","port":4000}],"logging":[{"address":"127.0.0.1","family":"IPv4","port":4500}]},"metadata":{"message":"assigned listening specs for emulators"}}
[debug] [2025-11-19T16:29:04.985Z] Emulator locator file path: C:\Users\MGONZA~1.IND\AppData\Local\Temp\hub-guia-tv-8fe3c.json
[debug] [2025-11-19T16:29:04.986Z] [hub] writing locator at C:\Users\MGONZA~1.IND\AppData\Local\Temp\hub-guia-tv-8fe3c.json
[debug] [2025-11-19T16:29:05.031Z] [eventarc] Eventarc Emulator only supports listening on one address (127.0.0.1). Not listening on ::1
[debug] [2025-11-19T16:29:05.032Z] [tasks] Cloud Tasks Emulator only supports listening on one address (127.0.0.1). Not listening on ::1
[debug] [2025-11-19T16:29:05.032Z] late-assigned ports for functions and eventarc emulators {"user":{"firestore":[{"address":"0.0.0.0","family":"IPv4","port":8080}],"firestore.websocket":[{"address":"0.0.0.0","family":"IPv4","port":9150}],"pubsub":[{"address":"0.0.0.0","family":"IPv4","port":8085}],"storage":[{"address":"0.0.0.0","family":"IPv4","port":9199}],"hub":[{"address":"127.0.0.1","family":"IPv4","port":4400},{"address":"::1","family":"IPv6","port":4400}],"ui":[{"address":"127.0.0.1","family":"IPv4","port":4000},{"address":"::1","family":"IPv6","port":4000}],"logging":[{"address":"127.0.0.1","family":"IPv4","port":4500}],"functions":[{"address":"0.0.0.0","family":"IPv4","port":5001}],"eventarc":[{"address":"127.0.0.1","family":"IPv4","port":9299}],"tasks":[{"address":"127.0.0.1","family":"IPv4","port":9499}]},"metadata":{"message":"late-assigned ports for functions and eventarc emulators"}}
[warn] !  functions: The following emulators are not running, calls to these services from the Functions emulator will affect production: apphosting, auth, database, hosting, dataconnect {"metadata":{"emulator":{"name":"functions"},"message":"The following emulators are not running, calls to these services from the Functions emulator will affect production: \u001b[1mapphosting, auth, database, hosting, dataconnect\u001b[22m"}}
[debug] [2025-11-19T16:29:05.051Z] defaultcredentials: writing to file C:\Users\mgonzalezv.INDRA\AppData\Roaming\firebase\oficina_tecnoriasl_com_application_default_credentials.json
[debug] [2025-11-19T16:29:05.062Z] Setting GAC to C:\Users\mgonzalezv.INDRA\AppData\Roaming\firebase\oficina_tecnoriasl_com_application_default_credentials.json {"metadata":{"emulator":{"name":"functions"},"message":"Setting GAC to C:\\Users\\mgonzalezv.INDRA\\AppData\\Roaming\\firebase\\oficina_tecnoriasl_com_application_default_credentials.json"}}
[debug] [2025-11-19T16:29:05.065Z] Checked if tokens are valid: true, expires at: 1763572388297
[debug] [2025-11-19T16:29:05.065Z] Checked if tokens are valid: true, expires at: 1763572388297
[debug] [2025-11-19T16:29:05.066Z] >>> [apiv2][query] GET https://firebase.googleapis.com/v1beta1/projects/guia-tv-8fe3c/adminSdkConfig [none]
[debug] [2025-11-19T16:29:05.836Z] <<< [apiv2][status] GET https://firebase.googleapis.com/v1beta1/projects/guia-tv-8fe3c/adminSdkConfig 200
[debug] [2025-11-19T16:29:05.837Z] <<< [apiv2][body] GET https://firebase.googleapis.com/v1beta1/projects/guia-tv-8fe3c/adminSdkConfig {"projectId":"guia-tv-8fe3c","storageBucket":"guia-tv-8fe3c.appspot.com","locationId":"europe-west"}
[warn] !  firestore: Cloud Firestore Emulator does not support multiple databases yet. {"metadata":{"emulator":{"name":"firestore"},"message":"Cloud Firestore Emulator does not support multiple databases yet."}}
[warn] !  firestore: Did not find a Cloud Firestore rules file specified in a firebase.json config file. {"metadata":{"emulator":{"name":"firestore"},"message":"Did not find a Cloud Firestore rules file specified in a firebase.json config file."}}
[warn] !  firestore: The emulator will default to allowing all reads and writes. Learn more about this option: https://firebase.google.com/docs/emulator-suite/install_and_configure#security_rules_configuration. {"metadata":{"emulator":{"name":"firestore"},"message":"The emulator will default to allowing all reads and writes. Learn more about this option: https://firebase.google.com/docs/emulator-suite/install_and_configure#security_rules_configuration."}}
[debug] [2025-11-19T16:29:05.922Z] Ignoring unsupported arg: auto_download {"metadata":{"emulator":{"name":"firestore"},"message":"Ignoring unsupported arg: auto_download"}}
[debug] [2025-11-19T16:29:05.922Z] Ignoring unsupported arg: single_project_mode_error {"metadata":{"emulator":{"name":"firestore"},"message":"Ignoring unsupported arg: single_project_mode_error"}}
[debug] [2025-11-19T16:29:05.923Z] Starting Firestore Emulator with command {"binary":"java","args":["-Dgoogle.cloud_firestore.debug_log_level=FINE","-Duser.language=en","-jar","C:\\Users\\mgonzalezv.INDRA\\.cache\\firebase\\emulators\\cloud-firestore-emulator-v1.19.8.jar","--host","0.0.0.0","--port",8080,"--websocket_port",9150,"--project_id","guia-tv-8fe3c","--single_project_mode",true,"--functions_emulator","127.0.0.1:5001"],"optionalArgs":["port","webchannel_port","host","rules","websocket_port","functions_emulator","seed_from_export","project_id","single_project_mode"],"joinArgs":false,"shell":false,"port":8080} {"metadata":{"emulator":{"name":"firestore"},"message":"Starting Firestore Emulator with command {\"binary\":\"java\",\"args\":[\"-Dgoogle.cloud_firestore.debug_log_level=FINE\",\"-Duser.language=en\",\"-jar\",\"C:\\\\Users\\\\mgonzalezv.INDRA\\\\.cache\\\\firebase\\\\emulators\\\\cloud-firestore-emulator-v1.19.8.jar\",\"--host\",\"0.0.0.0\",\"--port\",8080,\"--websocket_port\",9150,\"--project_id\",\"guia-tv-8fe3c\",\"--single_project_mode\",true,\"--functions_emulator\",\"127.0.0.1:5001\"],\"optionalArgs\":[\"port\",\"webchannel_port\",\"host\",\"rules\",\"websocket_port\",\"functions_emulator\",\"seed_from_export\",\"project_id\",\"single_project_mode\"],\"joinArgs\":false,\"shell\":false,\"port\":8080}"}}
[info] i  firestore: Firestore Emulator logging to firestore-debug.log {"metadata":{"emulator":{"name":"firestore"},"message":"Firestore Emulator logging to \u001b[1mfirestore-debug.log\u001b[22m"}}
[debug] [2025-11-19T16:29:10.114Z] Nov 19, 2025 5:29:10 PM com.google.cloud.datastore.emulator.firestore.websocket.WebSocketServer start
INFO: Started WebSocket server on ws://0.0.0.0:9150
 {"metadata":{"emulator":{"name":"firestore"},"message":"Nov 19, 2025 5:29:10 PM com.google.cloud.datastore.emulator.firestore.websocket.WebSocketServer start\r\nINFO: Started WebSocket server on ws://0.0.0.0:9150\r\n"}}
[debug] [2025-11-19T16:29:11.628Z] API endpoint: http://0.0.0.0:8080
If you are using a library that supports the FIRESTORE_EMULATOR_HOST environment variable, run:
 {"metadata":{"emulator":{"name":"firestore"},"message":"API endpoint: http://0.0.0.0:8080\nIf you are using a library that supports the FIRESTORE_EMULATOR_HOST environment variable, run:\r\n"}}
[debug] [2025-11-19T16:29:11.629Z] 
   export FIRESTORE_EMULATOR_HOST=0.0.0.0:8080

If you are running a Firestore in Datastore Mode project, run:

   export DATASTORE_EMULATOR_HOST=0.0.0.0:8080

Note: Support for Datastore Mode is in preview. If you encounter any bugs please file at https://github.com/firebase/firebase-tools/issues.
Dev App Server is now running.

 {"metadata":{"emulator":{"name":"firestore"},"message":"\n   export FIRESTORE_EMULATOR_HOST=0.0.0.0:8080\n\nIf you are running a Firestore in Datastore Mode project, run:\r\n\n   export DATASTORE_EMULATOR_HOST=0.0.0.0:8080\n\nNote: Support for Datastore Mode is in preview. If you encounter any bugs please file at https://github.com/firebase/firebase-tools/issues.\r\nDev App Server is now running.\n\r\n"}}
[info] +  firestore: Firestore Emulator UI websocket is running on 9150. {"metadata":{"emulator":{"name":"firestore"},"message":"Firestore Emulator UI websocket is running on 9150."}}
[debug] [2025-11-19T16:29:11.684Z] Ignoring unsupported arg: projectId {"metadata":{"emulator":{"name":"pubsub"},"message":"Ignoring unsupported arg: projectId"}}
[debug] [2025-11-19T16:29:11.684Z] Ignoring unsupported arg: auto_download {"metadata":{"emulator":{"name":"pubsub"},"message":"Ignoring unsupported arg: auto_download"}}
[debug] [2025-11-19T16:29:11.685Z] Starting Pub/Sub Emulator with command {"binary":"C:\\Users\\mgonzalezv.INDRA\\.cache\\firebase\\emulators\\pubsub-emulator-0.8.14\\pubsub-emulator\\bin\\cloud-pubsub-emulator","args":["--host=0.0.0.0","--port=8085"],"optionalArgs":["port","host"],"joinArgs":true,"shell":true,"port":8085} {"metadata":{"emulator":{"name":"pubsub"},"message":"Starting Pub/Sub Emulator with command {\"binary\":\"C:\\\\Users\\\\mgonzalezv.INDRA\\\\.cache\\\\firebase\\\\emulators\\\\pubsub-emulator-0.8.14\\\\pubsub-emulator\\\\bin\\\\cloud-pubsub-emulator\",\"args\":[\"--host=0.0.0.0\",\"--port=8085\"],\"optionalArgs\":[\"port\",\"host\"],\"joinArgs\":true,\"shell\":true,\"port\":8085}"}}
[info] i  pubsub: Pub/Sub Emulator logging to pubsub-debug.log {"metadata":{"emulator":{"name":"pubsub"},"message":"Pub/Sub Emulator logging to \u001b[1mpubsub-debug.log\u001b[22m"}}
[debug] [2025-11-19T16:29:12.265Z] 
C:\Users\mgonzalezv.INDRA\Documents\private-workspace\guia-tv\functions>if "Windows_NT" == "Windows_NT" setlocal
 {"metadata":{"emulator":{"name":"pubsub"},"message":"\r\nC:\\Users\\mgonzalezv.INDRA\\Documents\\private-workspace\\guia-tv\\functions>if \"Windows_NT\" == \"Windows_NT\" setlocal\r\n"}}
[debug] [2025-11-19T16:29:12.273Z] 
C:\Users\mgonzalezv.INDRA\Documents\private-workspace\guia-tv\functions>set DIRNAME=C:\Users\mgonzalezv.INDRA\.cache\firebase\emulators\pubsub-emulator-0.8.14\pubsub-emulator\bin\ 
 {"metadata":{"emulator":{"name":"pubsub"},"message":"\r\nC:\\Users\\mgonzalezv.INDRA\\Documents\\private-workspace\\guia-tv\\functions>set DIRNAME=C:\\Users\\mgonzalezv.INDRA\\.cache\\firebase\\emulators\\pubsub-emulator-0.8.14\\pubsub-emulator\\bin\\ \r\n"}}
[debug] [2025-11-19T16:29:12.277Z] 
C:\Users\mgonzalezv.INDRA\Documents\private-workspace\guia-tv\functions>if "C:\Users\mgonzalezv.INDRA\.cache\firebase\emulators\pubsub-emulator-0.8.14\pubsub-emulator\bin\" == "" set DIRNAME=. 
 {"metadata":{"emulator":{"name":"pubsub"},"message":"\r\nC:\\Users\\mgonzalezv.INDRA\\Documents\\private-workspace\\guia-tv\\functions>if \"C:\\Users\\mgonzalezv.INDRA\\.cache\\firebase\\emulators\\pubsub-emulator-0.8.14\\pubsub-emulator\\bin\\\" == \"\" set DIRNAME=. \r\n"}}
[debug] [2025-11-19T16:29:12.281Z] 
C:\Users\mgonzalezv.INDRA\Documents\private-workspace\guia-tv\functions>set APP_BASE_NAME=cloud-pubsub-emulator 
 {"metadata":{"emulator":{"name":"pubsub"},"message":"\r\nC:\\Users\\mgonzalezv.INDRA\\Documents\\private-workspace\\guia-tv\\functions>set APP_BASE_NAME=cloud-pubsub-emulator \r\n"}}
[debug] [2025-11-19T16:29:12.284Z] 
C:\Users\mgonzalezv.INDRA\Documents\private-workspace\guia-tv\functions>set APP_HOME=C:\Users\mgonzalezv.INDRA\.cache\firebase\emulators\pubsub-emulator-0.8.14\pubsub-emulator\bin\.. 
 {"metadata":{"emulator":{"name":"pubsub"},"message":"\r\nC:\\Users\\mgonzalezv.INDRA\\Documents\\private-workspace\\guia-tv\\functions>set APP_HOME=C:\\Users\\mgonzalezv.INDRA\\.cache\\firebase\\emulators\\pubsub-emulator-0.8.14\\pubsub-emulator\\bin\\.. \r\n"}}
[debug] [2025-11-19T16:29:12.293Z] 
C:\Users\mgonzalezv.INDRA\Documents\private-workspace\guia-tv\functions>set DEFAULT_JVM_OPTS= 
 {"metadata":{"emulator":{"name":"pubsub"},"message":"\r\nC:\\Users\\mgonzalezv.INDRA\\Documents\\private-workspace\\guia-tv\\functions>set DEFAULT_JVM_OPTS= \r\n"}}
[debug] [2025-11-19T16:29:12.300Z] 
C:\Users\mgonzalezv.INDRA\Documents\private-workspace\guia-tv\functions>if defined JAVA_HOME goto findJavaFromJavaHome 
 {"metadata":{"emulator":{"name":"pubsub"},"message":"\r\nC:\\Users\\mgonzalezv.INDRA\\Documents\\private-workspace\\guia-tv\\functions>if defined JAVA_HOME goto findJavaFromJavaHome \r\n"}}
[debug] [2025-11-19T16:29:12.305Z] 
C:\Users\mgonzalezv.INDRA\Documents\private-workspace\guia-tv\functions>set JAVA_HOME=C:\Program Files\Microsoft\jdk-17.0.15.6-hotspot 
 {"metadata":{"emulator":{"name":"pubsub"},"message":"\r\nC:\\Users\\mgonzalezv.INDRA\\Documents\\private-workspace\\guia-tv\\functions>set JAVA_HOME=C:\\Program Files\\Microsoft\\jdk-17.0.15.6-hotspot \r\n"}}
[debug] [2025-11-19T16:29:12.308Z] 
C:\Users\mgonzalezv.INDRA\Documents\private-workspace\guia-tv\functions>set JAVA_EXE=C:\Program Files\Microsoft\jdk-17.0.15.6-hotspot/bin/java.exe 
 {"metadata":{"emulator":{"name":"pubsub"},"message":"\r\nC:\\Users\\mgonzalezv.INDRA\\Documents\\private-workspace\\guia-tv\\functions>set JAVA_EXE=C:\\Program Files\\Microsoft\\jdk-17.0.15.6-hotspot/bin/java.exe \r\n"}}
[debug] [2025-11-19T16:29:12.313Z] 
C:\Users\mgonzalezv.INDRA\Documents\private-workspace\guia-tv\functions>if exist "C:\Program Files\Microsoft\jdk-17.0.15.6-hotspot/bin/java.exe" goto init 
 {"metadata":{"emulator":{"name":"pubsub"},"message":"\r\nC:\\Users\\mgonzalezv.INDRA\\Documents\\private-workspace\\guia-tv\\functions>if exist \"C:\\Program Files\\Microsoft\\jdk-17.0.15.6-hotspot/bin/java.exe\" goto init \r\n"}}
[debug] [2025-11-19T16:29:12.323Z] 
C:\Users\mgonzalezv.INDRA\Documents\private-workspace\guia-tv\functions>if not "Windows_NT" == "Windows_NT" goto win9xME_args 
 {"metadata":{"emulator":{"name":"pubsub"},"message":"\r\nC:\\Users\\mgonzalezv.INDRA\\Documents\\private-workspace\\guia-tv\\functions>if not \"Windows_NT\" == \"Windows_NT\" goto win9xME_args \r\n"}}
[debug] [2025-11-19T16:29:12.336Z] 
C:\Users\mgonzalezv.INDRA\Documents\private-workspace\guia-tv\functions>set CMD_LINE_ARGS= 
 {"metadata":{"emulator":{"name":"pubsub"},"message":"\r\nC:\\Users\\mgonzalezv.INDRA\\Documents\\private-workspace\\guia-tv\\functions>set CMD_LINE_ARGS= \r\n"}}
[debug] [2025-11-19T16:29:12.339Z] 
C:\Users\mgonzalezv.INDRA\Documents\private-workspace\guia-tv\functions>set _SKIP=2 
 {"metadata":{"emulator":{"name":"pubsub"},"message":"\r\nC:\\Users\\mgonzalezv.INDRA\\Documents\\private-workspace\\guia-tv\\functions>set _SKIP=2 \r\n"}}
[debug] [2025-11-19T16:29:12.348Z] 
C:\Users\mgonzalezv.INDRA\Documents\private-workspace\guia-tv\functions>if "x--host" == "x" goto execute 
 {"metadata":{"emulator":{"name":"pubsub"},"message":"\r\nC:\\Users\\mgonzalezv.INDRA\\Documents\\private-workspace\\guia-tv\\functions>if \"x--host\" == \"x\" goto execute \r\n"}}
[debug] [2025-11-19T16:29:12.352Z] 
C:\Users\mgonzalezv.INDRA\Documents\private-workspace\guia-tv\functions>set CMD_LINE_ARGS=--host=0.0.0.0 --port=8085 
 {"metadata":{"emulator":{"name":"pubsub"},"message":"\r\nC:\\Users\\mgonzalezv.INDRA\\Documents\\private-workspace\\guia-tv\\functions>set CMD_LINE_ARGS=--host=0.0.0.0 --port=8085 \r\n"}}
[debug] [2025-11-19T16:29:12.367Z] 
C:\Users\mgonzalezv.INDRA\Documents\private-workspace\guia-tv\functions>set CLASSPATH=C:\Users\mgonzalezv.INDRA\.cache\firebase\emulators\pubsub-emulator-0.8.14\pubsub-emulator\bin\..\lib\cloud-pubsub-emulator-0.8.14-all.jar 
 {"metadata":{"emulator":{"name":"pubsub"},"message":"\r\nC:\\Users\\mgonzalezv.INDRA\\Documents\\private-workspace\\guia-tv\\functions>set CLASSPATH=C:\\Users\\mgonzalezv.INDRA\\.cache\\firebase\\emulators\\pubsub-emulator-0.8.14\\pubsub-emulator\\bin\\..\\lib\\cloud-pubsub-emulator-0.8.14-all.jar \r\n"}}
[debug] [2025-11-19T16:29:12.375Z] 
C:\Users\mgonzalezv.INDRA\Documents\private-workspace\guia-tv\functions>"C:\Program Files\Microsoft\jdk-17.0.15.6-hotspot/bin/java.exe"     -jar "C:\Users\mgonzalezv.INDRA\.cache\firebase\emulators\pubsub-emulator-0.8.14\pubsub-emulator\bin\..\lib\cloud-pubsub-emulator-0.8.14-all.jar" --host=0.0.0.0 --port=8085 
 {"metadata":{"emulator":{"name":"pubsub"},"message":"\r\nC:\\Users\\mgonzalezv.INDRA\\Documents\\private-workspace\\guia-tv\\functions>\"C:\\Program Files\\Microsoft\\jdk-17.0.15.6-hotspot/bin/java.exe\"     -jar \"C:\\Users\\mgonzalezv.INDRA\\.cache\\firebase\\emulators\\pubsub-emulator-0.8.14\\pubsub-emulator\\bin\\..\\lib\\cloud-pubsub-emulator-0.8.14-all.jar\" --host=0.0.0.0 --port=8085 \r\n"}}
[debug] [2025-11-19T16:29:17.702Z] Ignoring unsupported arg: port {"metadata":{"emulator":{"name":"storage"},"message":"Ignoring unsupported arg: port"}}
[debug] [2025-11-19T16:29:19.203Z] Temp file directory for storage emulator: C:\Users\MGONZA~1.IND\AppData\Local\Temp/firebase/storage/blobs {"metadata":{"emulator":{"name":"storage"},"message":"Temp file directory for storage emulator: C:\\Users\\MGONZA~1.IND\\AppData\\Local\\Temp/firebase/storage/blobs"}}
[info] i  functions: Watching "C:\Users\mgonzalezv.INDRA\Documents\private-workspace\guia-tv\functions" for Cloud Functions... {"metadata":{"emulator":{"name":"functions"},"message":"Watching \"C:\\Users\\mgonzalezv.INDRA\\Documents\\private-workspace\\guia-tv\\functions\" for Cloud Functions..."}}
[debug] [2025-11-19T16:29:19.287Z] Validating nodejs source
[debug] [2025-11-19T16:29:29.398Z] checkFunctionsSDKVersion was unable to fetch information from NPM Error: spawnSync C:\WINDOWS\system32\cmd.exe ETIMEDOUT
    at Object.spawnSync (node:internal/child_process:1120:20)
    at Object.spawnSync (node:child_process:868:24)
    at Function.spawnSync [as sync] (C:\Users\mgonzalezv.INDRA\AppData\Roaming\npm\node_modules\firebase-tools\node_modules\cross-spawn\index.js:26:23)
    at Object.getLatestSDKVersion (C:\Users\mgonzalezv.INDRA\AppData\Roaming\npm\node_modules\firebase-tools\lib\deploy\functions\runtimes\node\versioning.js:54:25)
    at Object.checkFunctionsSDKVersion (C:\Users\mgonzalezv.INDRA\AppData\Roaming\npm\node_modules\firebase-tools\lib\deploy\functions\runtimes\node\versioning.js:74:32)
    at Delegate.validate (C:\Users\mgonzalezv.INDRA\AppData\Roaming\npm\node_modules\firebase-tools\lib\deploy\functions\runtimes\node\index.js:89:20)
    at FunctionsEmulator.discoverTriggers (C:\Users\mgonzalezv.INDRA\AppData\Roaming\npm\node_modules\firebase-tools\lib\emulator\functionsEmulator.js:320:35)
    at async FunctionsEmulator.loadTriggers (C:\Users\mgonzalezv.INDRA\AppData\Roaming\npm\node_modules\firebase-tools\lib\emulator\functionsEmulator.js:362:34)
    at async FunctionsEmulator.connect (C:\Users\mgonzalezv.INDRA\AppData\Roaming\npm\node_modules\firebase-tools\lib\emulator\functionsEmulator.js:282:13)
    at async Object.startAll (C:\Users\mgonzalezv.INDRA\AppData\Roaming\npm\node_modules\firebase-tools\lib\emulator\controller.js:678:13)
[debug] [2025-11-19T16:29:29.402Z] > [functions] package.json contents: {
  "name": "functions",
  "version": "1.0.0",
  "description": "Cloud Functions for Firebase",
  "scripts": {
    "build": "tsc && tsc-alias",
    "build:watch": "tsc --watch",
    "emulators:start": "npm run build && firebase emulators:start --debug --only functions,firestore,storage,pubsub,ui",
    "emulators:start:no-build": "firebase emulators:start --only functions,firestore,storage,pubsub,ui",
    "dev:emulators": "npm run emulators:start",
    "lint": "eslint src/**/*.ts",
    "lint:fix": "eslint src/**/*.ts --fix",
    "clean": "node -e \"require('fs').rmSync('lib', { recursive: true, force: true })\"",
    "test": "jest"
  },
  "engines": {
    "node": "22"
  },
  "main": "lib/index.js",
  "dependencies": {
    "async-retry": "^1.3.3",
    "axios": "^1.3.4",
    "cheerio": "^1.0.0-rc.12",
    "compression": "^1.7.4",
    "cors": "^2.8.5",
    "date-fns": "^2.29.3",
    "esm": "^3.2.25",
    "express": "^4.18.2",
    "express-rate-limit": "^7.1.5",
    "firebase-admin": "^11.10.0",
    "firebase-functions": "^7.0.0",
    "gunzip": "^1.2.2",
    "gunzip-file": "^0.1.1",
    "p-retry": "^5.1.2",
    "redis": "^5.8.3",
    "retry": "^0.13.1",
    "swagger-jsdoc": "^6.2.8",
    "swagger-ui-express": "^5.0.1",
    "xml2js": "^0.4.23"
  },
  "devDependencies": {
    "@types/compression": "^1.8.1",
    "@types/cors": "^2.8.13",
    "@types/date-fns": "^2.6.0",
    "@types/express": "^4.17.17",
    "@types/node": "^18.15.5",
    "@types/node-fetch": "^2.6.3",
    "@types/swagger-jsdoc": "^6.0.4",
    "@types/swagger-ui-express": "^4.1.8",
    "@types/xml2js": "^0.4.11",
    "concurrently": "^8.2.2",
    "dotenv": "^16.3.1",
    "firebase-functions-test": "^3.0.0",
    "nodemon": "^3.0.2",
    "ts-node": "^10.9.1",
    "tsc-alias": "^1.7.0",
    "tsconfig-paths": "^4.2.0",
    "typescript": "^4.9.5"
  },
  "private": true
}
[debug] [2025-11-19T16:29:29.404Z] Building nodejs source
[debug] [2025-11-19T16:29:29.405Z] Failed to find version of module node: reached end of search path C:\Users\mgonzalezv.INDRA\Documents\private-workspace\guia-tv\functions\node_modules
[info] +  functions: Using node@22 from host. 
[info] i  functions: Loaded environment variables from .env. 
[debug] [2025-11-19T16:29:29.427Z] Could not find functions.yaml. Must use http discovery
[debug] [2025-11-19T16:29:29.461Z] Found firebase-functions binary at 'C:\Users\mgonzalezv.INDRA\Documents\private-workspace\guia-tv\functions\node_modules\.bin\firebase-functions'
[info] Serving at port 8931

[debug] [2025-11-19T16:29:38.087Z] Got response from /__/functions.yaml {"endpoints":{"v1":{"availableMemoryMb":2048,"timeoutSeconds":540,"minInstances":null,"maxInstances":null,"ingressSettings":null,"concurrency":null,"serviceAccountEmail":null,"vpc":null,"platform":"gcfv2","labels":{},"httpsTrigger":{},"entryPoint":"v1"},"v2":{"availableMemoryMb":512,"timeoutSeconds":60,"minInstances":0,"maxInstances":10,"ingressSettings":null,"concurrency":null,"serviceAccountEmail":null,"vpc":null,"platform":"gcfv2","labels":{},"httpsTrigger":{},"entryPoint":"v2"},"ssr":{"availableMemoryMb":1024,"timeoutSeconds":540,"minInstances":null,"maxInstances":null,"ingressSettings":null,"concurrency":null,"serviceAccountEmail":null,"vpc":null,"platform":"gcfv2","labels":{},"httpsTrigger":{},"entryPoint":"ssr"},"actualizarProgramacion":{"availableMemoryMb":2048,"timeoutSeconds":540,"minInstances":null,"maxInstances":null,"ingressSettings":null,"concurrency":null,"serviceAccountEmail":null,"vpc":null,"platform":"gcfv2","labels":{},"scheduleTrigger":{"schedule":"0 0 */5 * *","retryConfig":{},"timeZone":"Europe/Madrid"},"entryPoint":"actualizarProgramacion"},"syncEPGDataScheduled":{"availableMemoryMb":1024,"timeoutSeconds":540,"minInstances":null,"maxInstances":null,"ingressSettings":null,"concurrency":null,"serviceAccountEmail":null,"vpc":null,"platform":"gcfv2","labels":{},"scheduleTrigger":{"schedule":"0 */6 * * *","retryConfig":{},"timeZone":"Europe/Madrid"},"entryPoint":"syncEPGDataScheduled"},"precomputeSchedulesScheduled":{"availableMemoryMb":512,"timeoutSeconds":300,"minInstances":null,"maxInstances":null,"ingressSettings":null,"concurrency":null,"serviceAccountEmail":null,"vpc":null,"platform":"gcfv2","labels":{},"scheduleTrigger":{"schedule":"15 */6 * * *","retryConfig":{},"timeZone":"Europe/Madrid"},"entryPoint":"precomputeSchedulesScheduled"},"cleanOldProgramsScheduled":{"availableMemoryMb":256,"timeoutSeconds":300,"minInstances":null,"maxInstances":null,"ingressSettings":null,"concurrency":null,"serviceAccountEmail":null,"vpc":null,"platform":"gcfv2","labels":{},"scheduleTrigger":{"schedule":"0 3 * * *","retryConfig":{},"timeZone":"Europe/Madrid"},"entryPoint":"cleanOldProgramsScheduled"}},"specVersion":"v1alpha1","requiredAPIs":[{"api":"cloudscheduler.googleapis.com","reason":"Needed for scheduled functions."}],"extensions":{}}
[info] +  functions: Loaded functions definitions from source: v1, v2, ssr, actualizarProgramacion, syncEPGDataScheduled, precomputeSchedulesScheduled, cleanOldProgramsScheduled. {"metadata":{"emulator":{"name":"functions"},"message":"Loaded functions definitions from source: v1, v2, ssr, actualizarProgramacion, syncEPGDataScheduled, precomputeSchedulesScheduled, cleanOldProgramsScheduled."}}
[info] +  functions[us-central1-v1]: http function initialized (http://127.0.0.1:5001/guia-tv-8fe3c/us-central1/v1). {"metadata":{"emulator":{"name":"functions"},"message":"\u001b[1mhttp\u001b[22m function initialized (http://127.0.0.1:5001/guia-tv-8fe3c/us-central1/v1)."}}
[info] +  functions[us-central1-v2]: http function initialized (http://127.0.0.1:5001/guia-tv-8fe3c/us-central1/v2). {"metadata":{"emulator":{"name":"functions"},"message":"\u001b[1mhttp\u001b[22m function initialized (http://127.0.0.1:5001/guia-tv-8fe3c/us-central1/v2)."}}
[info] +  functions[us-central1-ssr]: http function initialized (http://127.0.0.1:5001/guia-tv-8fe3c/us-central1/ssr). {"metadata":{"emulator":{"name":"functions"},"message":"\u001b[1mhttp\u001b[22m function initialized (http://127.0.0.1:5001/guia-tv-8fe3c/us-central1/ssr)."}}
[debug] [2025-11-19T16:29:42.141Z] addPubsubTrigger {"eventTrigger":{"eventType":"pubsub","resource":""}}
[debug] [2025-11-19T16:29:42.141Z] [pubsub] addTrigger(firebase-schedule-actualizarProgramacion, us-central1-actualizarProgramacion-0, http)
[debug] [2025-11-19T16:29:42.143Z] [pubsub] Creating topic: firebase-schedule-actualizarProgramacion
[debug] [2025-11-19T16:29:42.473Z] [pubsub] Creating sub for topic: firebase-schedule-actualizarProgramacion
[info] +  functions[us-central1-actualizarProgramacion]: pubsub function initialized. {"metadata":{"emulator":{"name":"functions"},"message":"\u001b[1mpubsub\u001b[22m function initialized."}}
[debug] [2025-11-19T16:29:42.523Z] addPubsubTrigger {"eventTrigger":{"eventType":"pubsub","resource":""}}
[debug] [2025-11-19T16:29:42.524Z] [pubsub] addTrigger(firebase-schedule-syncEPGDataScheduled, us-central1-syncEPGDataScheduled-0, http)
[debug] [2025-11-19T16:29:42.524Z] [pubsub] Creating topic: firebase-schedule-syncEPGDataScheduled
[debug] [2025-11-19T16:29:42.559Z] [pubsub] Creating sub for topic: firebase-schedule-syncEPGDataScheduled
[info] +  functions[us-central1-syncEPGDataScheduled]: pubsub function initialized. {"metadata":{"emulator":{"name":"functions"},"message":"\u001b[1mpubsub\u001b[22m function initialized."}}
[debug] [2025-11-19T16:29:42.569Z] addPubsubTrigger {"eventTrigger":{"eventType":"pubsub","resource":""}}
[debug] [2025-11-19T16:29:42.569Z] [pubsub] addTrigger(firebase-schedule-precomputeSchedulesScheduled, us-central1-precomputeSchedulesScheduled-0, http)
[debug] [2025-11-19T16:29:42.570Z] [pubsub] Creating topic: firebase-schedule-precomputeSchedulesScheduled
[debug] [2025-11-19T16:29:42.585Z] [pubsub] Creating sub for topic: firebase-schedule-precomputeSchedulesScheduled
[info] +  functions[us-central1-precomputeSchedulesScheduled]: pubsub function initialized. {"metadata":{"emulator":{"name":"functions"},"message":"\u001b[1mpubsub\u001b[22m function initialized."}}
[debug] [2025-11-19T16:29:42.596Z] addPubsubTrigger {"eventTrigger":{"eventType":"pubsub","resource":""}}
[debug] [2025-11-19T16:29:42.596Z] [pubsub] addTrigger(firebase-schedule-cleanOldProgramsScheduled, us-central1-cleanOldProgramsScheduled-0, http)
[debug] [2025-11-19T16:29:42.596Z] [pubsub] Creating topic: firebase-schedule-cleanOldProgramsScheduled
[debug] [2025-11-19T16:29:42.617Z] [pubsub] Creating sub for topic: firebase-schedule-cleanOldProgramsScheduled
[info] +  functions[us-central1-cleanOldProgramsScheduled]: pubsub function initialized. {"metadata":{"emulator":{"name":"functions"},"message":"\u001b[1mpubsub\u001b[22m function initialized."}}
[debug] [2025-11-19T16:29:42.645Z] Could not find VSCode notification endpoint: FetchError: request to http://localhost:40001/vscode/notify failed, reason: . If you are not running the Firebase Data Connect VSCode extension, this is expected and not an issue.
[info] 
┌─────────────────────────────────────────────────────────────┐
│ ✔  All emulators ready! It is now safe to connect your app. │
│ i  View Emulator UI at http://127.0.0.1:4000/               │
└─────────────────────────────────────────────────────────────┘

┌───────────┬──────────────┬─────────────────────────────────┐
│ Emulator  │ Host:Port    │ View in Emulator UI             │
├───────────┼──────────────┼─────────────────────────────────┤
│ Functions │ 0.0.0.0:5001 │ http://127.0.0.1:4000/functions │
├───────────┼──────────────┼─────────────────────────────────┤
│ Firestore │ 0.0.0.0:8080 │ http://127.0.0.1:4000/firestore │
├───────────┼──────────────┼─────────────────────────────────┤
│ Pub/Sub   │ 0.0.0.0:8085 │ n/a                             │
├───────────┼──────────────┼─────────────────────────────────┤
│ Storage   │ 0.0.0.0:9199 │ http://127.0.0.1:4000/storage   │
└───────────┴──────────────┴─────────────────────────────────┘
  Emulator Hub host: 127.0.0.1 port: 4400
  Other reserved ports: 4500, 9150

Issues? Report them at https://github.com/firebase/firebase-tools/issues and attach the *-debug.log files.
 
[warn] !  emulators: firebase-tools will drop support for Java version < 21 soon in firebase-tools@15. Please install a JDK at version 21 or above to get a compatible runtime. 
[debug] [2025-11-19T16:30:45.585Z] [work-queue] {"queuedWork":["/guia-tv-8fe3c/us-central1/v2-2025-11-19T16:30:45.584Z"],"queueLength":1,"runningWork":[],"workRunningCount":0}
[debug] [2025-11-19T16:30:45.587Z] [work-queue] {"queuedWork":[],"queueLength":0,"runningWork":["/guia-tv-8fe3c/us-central1/v2-2025-11-19T16:30:45.584Z"],"workRunningCount":1}
[debug] [2025-11-19T16:30:45.589Z] Accepted request GET /guia-tv-8fe3c/us-central1/v2 --> us-central1-v2
[debug] [2025-11-19T16:30:45.595Z] [functions] Runtime ready! Sending request! {"metadata":{"emulator":{"name":"functions"},"message":"[functions] Runtime ready! Sending request!"}}
[debug] [2025-11-19T16:30:45.596Z] [functions] Got req.url=/guia-tv-8fe3c/us-central1/v2, mapping to path=/ {"metadata":{"emulator":{"name":"functions"},"message":"[functions] Got req.url=/guia-tv-8fe3c/us-central1/v2, mapping to path=/"}}
[info] i  functions: Loaded environment variables from .env. 
[debug] [2025-11-19T16:30:45.708Z] [worker-pool] addWorker(us-central1-v2) {"metadata":{"emulator":{"name":"functions"},"message":"[worker-pool] addWorker(us-central1-v2)"}}
[debug] [2025-11-19T16:30:45.711Z] [worker-pool] Adding worker with key us-central1-v2, total=1 {"metadata":{"emulator":{"name":"functions"},"message":"[worker-pool] Adding worker with key us-central1-v2, total=1"}}
[debug] [2025-11-19T16:30:46.617Z] [work-queue] {"queuedWork":["/guia-tv-8fe3c/us-central1/v2-2025-11-19T16:30:46.617Z"],"queueLength":1,"runningWork":["/guia-tv-8fe3c/us-central1/v2-2025-11-19T16:30:45.584Z"],"workRunningCount":1}
[debug] [2025-11-19T16:30:46.619Z] [work-queue] {"queuedWork":[],"queueLength":0,"runningWork":["/guia-tv-8fe3c/us-central1/v2-2025-11-19T16:30:45.584Z","/guia-tv-8fe3c/us-central1/v2-2025-11-19T16:30:46.617Z"],"workRunningCount":2}
[debug] [2025-11-19T16:30:46.620Z] Accepted request GET /guia-tv-8fe3c/us-central1/v2 --> us-central1-v2
[debug] [2025-11-19T16:30:46.624Z] [functions] Runtime ready! Sending request! {"metadata":{"emulator":{"name":"functions"},"message":"[functions] Runtime ready! Sending request!"}}
[debug] [2025-11-19T16:30:46.625Z] [functions] Got req.url=/guia-tv-8fe3c/us-central1/v2, mapping to path=/ {"metadata":{"emulator":{"name":"functions"},"message":"[functions] Got req.url=/guia-tv-8fe3c/us-central1/v2, mapping to path=/"}}
[info] i  functions: Loaded environment variables from .env. 
[debug] [2025-11-19T16:30:46.717Z] [worker-pool] addWorker(us-central1-v2) {"metadata":{"emulator":{"name":"functions"},"message":"[worker-pool] addWorker(us-central1-v2)"}}
[debug] [2025-11-19T16:30:46.719Z] [worker-pool] Adding worker with key us-central1-v2, total=2 {"metadata":{"emulator":{"name":"functions"},"message":"[worker-pool] Adding worker with key us-central1-v2, total=2"}}
[info] >  (node:10292) [DEP0040] DeprecationWarning: The `punycode` module is deprecated. Please use a userland alternative instead. {"user":"(node:10292) [DEP0040] DeprecationWarning: The `punycode` module is deprecated. Please use a userland alternative instead.","metadata":{"emulator":{"name":"functions"},"function":{"name":"us-central1-v2"},"extension":{},"message":"\u001b[90m> \u001b[39m (node:10292) [DEP0040] DeprecationWarning: The `punycode` module is deprecated. Please use a userland alternative instead."}}
[info] >  (Use `node --trace-deprecation ...` to show where the warning was created) {"user":"(Use `node --trace-deprecation ...` to show where the warning was created)","metadata":{"emulator":{"name":"functions"},"function":{"name":"us-central1-v2"},"extension":{},"message":"\u001b[90m> \u001b[39m (Use `node --trace-deprecation ...` to show where the warning was created)"}}
[info] >  (node:29100) [DEP0040] DeprecationWarning: The `punycode` module is deprecated. Please use a userland alternative instead. {"user":"(node:29100) [DEP0040] DeprecationWarning: The `punycode` module is deprecated. Please use a userland alternative instead.","metadata":{"emulator":{"name":"functions"},"function":{"name":"us-central1-v2"},"extension":{},"message":"\u001b[90m> \u001b[39m (node:29100) [DEP0040] DeprecationWarning: The `punycode` module is deprecated. Please use a userland alternative instead."}}
[info] >  (Use `node --trace-deprecation ...` to show where the warning was created) {"user":"(Use `node --trace-deprecation ...` to show where the warning was created)","metadata":{"emulator":{"name":"functions"},"function":{"name":"us-central1-v2"},"extension":{},"message":"\u001b[90m> \u001b[39m (Use `node --trace-deprecation ...` to show where the warning was created)"}}
[debug] [2025-11-19T16:31:10.761Z] [runtime-status] [29100] Resolved module firebase-admin {"declared":true,"installed":true,"version":"11.11.1","resolution":"C:\\Users\\mgonzalezv.INDRA\\Documents\\private-workspace\\guia-tv\\functions\\node_modules\\firebase-admin\\lib\\index.js"} {"metadata":{"emulator":{"name":"functions"},"function":{"name":"us-central1-v2"},"extension":{},"message":"[runtime-status] [29100] Resolved module firebase-admin {\"declared\":true,\"installed\":true,\"version\":\"11.11.1\",\"resolution\":\"C:\\\\Users\\\\mgonzalezv.INDRA\\\\Documents\\\\private-workspace\\\\guia-tv\\\\functions\\\\node_modules\\\\firebase-admin\\\\lib\\\\index.js\"}"}}
[debug] [2025-11-19T16:31:10.762Z] [runtime-status] [10292] Resolved module firebase-admin {"declared":true,"installed":true,"version":"11.11.1","resolution":"C:\\Users\\mgonzalezv.INDRA\\Documents\\private-workspace\\guia-tv\\functions\\node_modules\\firebase-admin\\lib\\index.js"} {"metadata":{"emulator":{"name":"functions"},"function":{"name":"us-central1-v2"},"extension":{},"message":"[runtime-status] [10292] Resolved module firebase-admin {\"declared\":true,\"installed\":true,\"version\":\"11.11.1\",\"resolution\":\"C:\\\\Users\\\\mgonzalezv.INDRA\\\\Documents\\\\private-workspace\\\\guia-tv\\\\functions\\\\node_modules\\\\firebase-admin\\\\lib\\\\index.js\"}"}}
[debug] [2025-11-19T16:31:10.791Z] [runtime-status] [10292] Resolved module firebase-functions {"declared":true,"installed":true,"version":"7.0.0","resolution":"C:\\Users\\mgonzalezv.INDRA\\Documents\\private-workspace\\guia-tv\\functions\\node_modules\\firebase-functions\\lib\\v2\\index.js"} {"metadata":{"emulator":{"name":"functions"},"function":{"name":"us-central1-v2"},"extension":{},"message":"[runtime-status] [10292] Resolved module firebase-functions {\"declared\":true,\"installed\":true,\"version\":\"7.0.0\",\"resolution\":\"C:\\\\Users\\\\mgonzalezv.INDRA\\\\Documents\\\\private-workspace\\\\guia-tv\\\\functions\\\\node_modules\\\\firebase-functions\\\\lib\\\\v2\\\\index.js\"}"}}
[debug] [2025-11-19T16:31:10.792Z] [runtime-status] [29100] Resolved module firebase-functions {"declared":true,"installed":true,"version":"7.0.0","resolution":"C:\\Users\\mgonzalezv.INDRA\\Documents\\private-workspace\\guia-tv\\functions\\node_modules\\firebase-functions\\lib\\v2\\index.js"} {"metadata":{"emulator":{"name":"functions"},"function":{"name":"us-central1-v2"},"extension":{},"message":"[runtime-status] [29100] Resolved module firebase-functions {\"declared\":true,\"installed\":true,\"version\":\"7.0.0\",\"resolution\":\"C:\\\\Users\\\\mgonzalezv.INDRA\\\\Documents\\\\private-workspace\\\\guia-tv\\\\functions\\\\node_modules\\\\firebase-functions\\\\lib\\\\v2\\\\index.js\"}"}}
[debug] [2025-11-19T16:31:10.793Z] [runtime-status] [10292] Outgoing network have been stubbed. [{"name":"http","status":"mocked"},{"name":"http","status":"mocked"},{"name":"https","status":"mocked"},{"name":"https","status":"mocked"},{"name":"net","status":"mocked"}] {"metadata":{"emulator":{"name":"functions"},"function":{"name":"us-central1-v2"},"extension":{},"message":"[runtime-status] [10292] Outgoing network have been stubbed. [{\"name\":\"http\",\"status\":\"mocked\"},{\"name\":\"http\",\"status\":\"mocked\"},{\"name\":\"https\",\"status\":\"mocked\"},{\"name\":\"https\",\"status\":\"mocked\"},{\"name\":\"net\",\"status\":\"mocked\"}]"}}
[debug] [2025-11-19T16:31:10.794Z] [runtime-status] [29100] Outgoing network have been stubbed. [{"name":"http","status":"mocked"},{"name":"http","status":"mocked"},{"name":"https","status":"mocked"},{"name":"https","status":"mocked"},{"name":"net","status":"mocked"}] {"metadata":{"emulator":{"name":"functions"},"function":{"name":"us-central1-v2"},"extension":{},"message":"[runtime-status] [29100] Outgoing network have been stubbed. [{\"name\":\"http\",\"status\":\"mocked\"},{\"name\":\"http\",\"status\":\"mocked\"},{\"name\":\"https\",\"status\":\"mocked\"},{\"name\":\"https\",\"status\":\"mocked\"},{\"name\":\"net\",\"status\":\"mocked\"}]"}}
[debug] [2025-11-19T16:31:10.809Z] [runtime-status] [29100] Resolved module firebase-functions {"declared":true,"installed":true,"version":"7.0.0","resolution":"C:\\Users\\mgonzalezv.INDRA\\Documents\\private-workspace\\guia-tv\\functions\\node_modules\\firebase-functions\\lib\\v2\\index.js"} {"metadata":{"emulator":{"name":"functions"},"function":{"name":"us-central1-v2"},"extension":{},"message":"[runtime-status] [29100] Resolved module firebase-functions {\"declared\":true,\"installed\":true,\"version\":\"7.0.0\",\"resolution\":\"C:\\\\Users\\\\mgonzalezv.INDRA\\\\Documents\\\\private-workspace\\\\guia-tv\\\\functions\\\\node_modules\\\\firebase-functions\\\\lib\\\\v2\\\\index.js\"}"}}
[debug] [2025-11-19T16:31:10.810Z] [runtime-status] [10292] Resolved module firebase-functions {"declared":true,"installed":true,"version":"7.0.0","resolution":"C:\\Users\\mgonzalezv.INDRA\\Documents\\private-workspace\\guia-tv\\functions\\node_modules\\firebase-functions\\lib\\v2\\index.js"} {"metadata":{"emulator":{"name":"functions"},"function":{"name":"us-central1-v2"},"extension":{},"message":"[runtime-status] [10292] Resolved module firebase-functions {\"declared\":true,\"installed\":true,\"version\":\"7.0.0\",\"resolution\":\"C:\\\\Users\\\\mgonzalezv.INDRA\\\\Documents\\\\private-workspace\\\\guia-tv\\\\functions\\\\node_modules\\\\firebase-functions\\\\lib\\\\v2\\\\index.js\"}"}}
[error] !!  functions: Failed to handle request for function us-central1-v2 {"metadata":{"emulator":{"name":"functions"},"message":"Failed to handle request for function us-central1-v2"}}
[error] !!  functions: Failed to start functions in C:\Users\mgonzalezv.INDRA\Documents\private-workspace\guia-tv\functions: FirebaseError: Failed to load function. {"metadata":{"emulator":{"name":"functions"},"message":"Failed to start functions in C:\\Users\\mgonzalezv.INDRA\\Documents\\private-workspace\\guia-tv\\functions: FirebaseError: Failed to load function."}}
[debug] [2025-11-19T16:31:15.809Z] [work-queue] {"queuedWork":[],"queueLength":0,"runningWork":["/guia-tv-8fe3c/us-central1/v2-2025-11-19T16:30:46.617Z"],"workRunningCount":1}
[error] !!  functions: Failed to handle request for function us-central1-v2 {"metadata":{"emulator":{"name":"functions"},"message":"Failed to handle request for function us-central1-v2"}}
[error] !!  functions: Failed to start functions in C:\Users\mgonzalezv.INDRA\Documents\private-workspace\guia-tv\functions: FirebaseError: Failed to load function. {"metadata":{"emulator":{"name":"functions"},"message":"Failed to start functions in C:\\Users\\mgonzalezv.INDRA\\Documents\\private-workspace\\guia-tv\\functions: FirebaseError: Failed to load function."}}
[debug] [2025-11-19T16:31:16.788Z] [work-queue] {"queuedWork":[],"queueLength":0,"runningWork":[],"workRunningCount":0}
[warn] !  functions: functions.config() has been removed in firebase-functions v7. Migrate to environment parameters using the params module. Migration guide: https://firebase.google.com/docs/functions/config-env#migrate-config {"metadata":{"emulator":{"name":"functions"},"function":{"name":"us-central1-v2"},"extension":{},"message":"functions.config() has been removed in firebase-functions v7. Migrate to environment parameters using the params module. Migration guide: https://firebase.google.com/docs/functions/config-env#migrate-config"}}
[warn] !  Your function was killed because it raised an unhandled error. {"metadata":{"emulator":{"name":"functions"},"function":{"name":"us-central1-v2"},"extension":{},"message":"Your function was killed because it raised an unhandled error."}}
[warn] !  functions: functions.config() has been removed in firebase-functions v7. Migrate to environment parameters using the params module. Migration guide: https://firebase.google.com/docs/functions/config-env#migrate-config {"metadata":{"emulator":{"name":"functions"},"function":{"name":"us-central1-v2"},"extension":{},"message":"functions.config() has been removed in firebase-functions v7. Migrate to environment parameters using the params module. Migration guide: https://firebase.google.com/docs/functions/config-env#migrate-config"}}
[warn] !  Your function was killed because it raised an unhandled error. {"metadata":{"emulator":{"name":"functions"},"function":{"name":"us-central1-v2"},"extension":{},"message":"Your function was killed because it raised an unhandled error."}}
[debug] [2025-11-19T16:31:17.911Z] [worker-us-central1-v2-e86f733b-e7b5-41bc-a573-106360508fe6]: exited {"metadata":{"emulator":{"name":"functions"},"function":{"name":"us-central1-v2"},"extension":{},"message":"[worker-us-central1-v2-e86f733b-e7b5-41bc-a573-106360508fe6]: exited"}}
[debug] [2025-11-19T16:31:17.912Z] [worker-us-central1-v2-e86f733b-e7b5-41bc-a573-106360508fe6]: FINISHED {"metadata":{"emulator":{"name":"functions"},"function":{"name":"us-central1-v2"},"extension":{},"message":"[worker-us-central1-v2-e86f733b-e7b5-41bc-a573-106360508fe6]: FINISHED"}}
[debug] [2025-11-19T16:31:17.913Z] [worker-us-central1-v2-5fb4d764-4c1c-4095-a951-48d150a6e44e]: exited {"metadata":{"emulator":{"name":"functions"},"function":{"name":"us-central1-v2"},"extension":{},"message":"[worker-us-central1-v2-5fb4d764-4c1c-4095-a951-48d150a6e44e]: exited"}}
[debug] [2025-11-19T16:31:17.913Z] [worker-us-central1-v2-5fb4d764-4c1c-4095-a951-48d150a6e44e]: FINISHED {"metadata":{"emulator":{"name":"functions"},"function":{"name":"us-central1-v2"},"extension":{},"message":"[worker-us-central1-v2-5fb4d764-4c1c-4095-a951-48d150a6e44e]: FINISHED"}}
[debug] [2025-11-19T16:32:50.301Z] [work-queue] {"queuedWork":["/guia-tv-8fe3c/us-central1/v2/health-2025-11-19T16:32:50.301Z"],"queueLength":1,"runningWork":[],"workRunningCount":0}
[debug] [2025-11-19T16:32:50.302Z] [work-queue] {"queuedWork":[],"queueLength":0,"runningWork":["/guia-tv-8fe3c/us-central1/v2/health-2025-11-19T16:32:50.301Z"],"workRunningCount":1}
[debug] [2025-11-19T16:32:50.302Z] Accepted request GET /guia-tv-8fe3c/us-central1/v2/health --> us-central1-v2
[debug] [2025-11-19T16:32:50.307Z] [functions] Runtime ready! Sending request! {"metadata":{"emulator":{"name":"functions"},"message":"[functions] Runtime ready! Sending request!"}}
[debug] [2025-11-19T16:32:50.308Z] [functions] Got req.url=/guia-tv-8fe3c/us-central1/v2/health, mapping to path=/health {"metadata":{"emulator":{"name":"functions"},"message":"[functions] Got req.url=/guia-tv-8fe3c/us-central1/v2/health, mapping to path=/health"}}
[debug] [2025-11-19T16:32:50.308Z] [worker-pool] Cleaned up workers for us-central1-v2: 2 --> 0 {"metadata":{"emulator":{"name":"functions"},"message":"[worker-pool] Cleaned up workers for us-central1-v2: 2 --> 0"}}
[info] i  functions: Loaded environment variables from .env. 
[debug] [2025-11-19T16:32:50.408Z] [worker-pool] addWorker(us-central1-v2) {"metadata":{"emulator":{"name":"functions"},"message":"[worker-pool] addWorker(us-central1-v2)"}}
[debug] [2025-11-19T16:32:50.411Z] [worker-pool] Adding worker with key us-central1-v2, total=1 {"metadata":{"emulator":{"name":"functions"},"message":"[worker-pool] Adding worker with key us-central1-v2, total=1"}}
[info] >  (node:31976) [DEP0040] DeprecationWarning: The `punycode` module is deprecated. Please use a userland alternative instead. {"user":"(node:31976) [DEP0040] DeprecationWarning: The `punycode` module is deprecated. Please use a userland alternative instead.","metadata":{"emulator":{"name":"functions"},"function":{"name":"us-central1-v2"},"extension":{},"message":"\u001b[90m> \u001b[39m (node:31976) [DEP0040] DeprecationWarning: The `punycode` module is deprecated. Please use a userland alternative instead."}}
[info] >  (Use `node --trace-deprecation ...` to show where the warning was created) {"user":"(Use `node --trace-deprecation ...` to show where the warning was created)","metadata":{"emulator":{"name":"functions"},"function":{"name":"us-central1-v2"},"extension":{},"message":"\u001b[90m> \u001b[39m (Use `node --trace-deprecation ...` to show where the warning was created)"}}
[debug] [2025-11-19T16:33:08.506Z] [runtime-status] [31976] Resolved module firebase-admin {"declared":true,"installed":true,"version":"11.11.1","resolution":"C:\\Users\\mgonzalezv.INDRA\\Documents\\private-workspace\\guia-tv\\functions\\node_modules\\firebase-admin\\lib\\index.js"} {"metadata":{"emulator":{"name":"functions"},"function":{"name":"us-central1-v2"},"extension":{},"message":"[runtime-status] [31976] Resolved module firebase-admin {\"declared\":true,\"installed\":true,\"version\":\"11.11.1\",\"resolution\":\"C:\\\\Users\\\\mgonzalezv.INDRA\\\\Documents\\\\private-workspace\\\\guia-tv\\\\functions\\\\node_modules\\\\firebase-admin\\\\lib\\\\index.js\"}"}}
[debug] [2025-11-19T16:33:08.534Z] [runtime-status] [31976] Resolved module firebase-functions {"declared":true,"installed":true,"version":"7.0.0","resolution":"C:\\Users\\mgonzalezv.INDRA\\Documents\\private-workspace\\guia-tv\\functions\\node_modules\\firebase-functions\\lib\\v2\\index.js"} {"metadata":{"emulator":{"name":"functions"},"function":{"name":"us-central1-v2"},"extension":{},"message":"[runtime-status] [31976] Resolved module firebase-functions {\"declared\":true,\"installed\":true,\"version\":\"7.0.0\",\"resolution\":\"C:\\\\Users\\\\mgonzalezv.INDRA\\\\Documents\\\\private-workspace\\\\guia-tv\\\\functions\\\\node_modules\\\\firebase-functions\\\\lib\\\\v2\\\\index.js\"}"}}
[debug] [2025-11-19T16:33:08.537Z] [runtime-status] [31976] Outgoing network have been stubbed. [{"name":"http","status":"mocked"},{"name":"http","status":"mocked"},{"name":"https","status":"mocked"},{"name":"https","status":"mocked"},{"name":"net","status":"mocked"}] {"metadata":{"emulator":{"name":"functions"},"function":{"name":"us-central1-v2"},"extension":{},"message":"[runtime-status] [31976] Outgoing network have been stubbed. [{\"name\":\"http\",\"status\":\"mocked\"},{\"name\":\"http\",\"status\":\"mocked\"},{\"name\":\"https\",\"status\":\"mocked\"},{\"name\":\"https\",\"status\":\"mocked\"},{\"name\":\"net\",\"status\":\"mocked\"}]"}}
[debug] [2025-11-19T16:33:08.555Z] [runtime-status] [31976] Resolved module firebase-functions {"declared":true,"installed":true,"version":"7.0.0","resolution":"C:\\Users\\mgonzalezv.INDRA\\Documents\\private-workspace\\guia-tv\\functions\\node_modules\\firebase-functions\\lib\\v2\\index.js"} {"metadata":{"emulator":{"name":"functions"},"function":{"name":"us-central1-v2"},"extension":{},"message":"[runtime-status] [31976] Resolved module firebase-functions {\"declared\":true,\"installed\":true,\"version\":\"7.0.0\",\"resolution\":\"C:\\\\Users\\\\mgonzalezv.INDRA\\\\Documents\\\\private-workspace\\\\guia-tv\\\\functions\\\\node_modules\\\\firebase-functions\\\\lib\\\\v2\\\\index.js\"}"}}
[warn] !  functions: functions.config() has been removed in firebase-functions v7. Migrate to environment parameters using the params module. Migration guide: https://firebase.google.com/docs/functions/config-env#migrate-config {"metadata":{"emulator":{"name":"functions"},"function":{"name":"us-central1-v2"},"extension":{},"message":"functions.config() has been removed in firebase-functions v7. Migrate to environment parameters using the params module. Migration guide: https://firebase.google.com/docs/functions/config-env#migrate-config"}}
[warn] !  Your function was killed because it raised an unhandled error. {"metadata":{"emulator":{"name":"functions"},"function":{"name":"us-central1-v2"},"extension":{},"message":"Your function was killed because it raised an unhandled error."}}
[debug] [2025-11-19T16:33:16.870Z] [worker-us-central1-v2-c4fce1ee-81f2-491c-a2e7-93e6e0965068]: exited {"metadata":{"emulator":{"name":"functions"},"function":{"name":"us-central1-v2"},"extension":{},"message":"[worker-us-central1-v2-c4fce1ee-81f2-491c-a2e7-93e6e0965068]: exited"}}
[debug] [2025-11-19T16:33:16.870Z] [worker-us-central1-v2-c4fce1ee-81f2-491c-a2e7-93e6e0965068]: FINISHED {"metadata":{"emulator":{"name":"functions"},"function":{"name":"us-central1-v2"},"extension":{},"message":"[worker-us-central1-v2-c4fce1ee-81f2-491c-a2e7-93e6e0965068]: FINISHED"}}
[error] !!  functions: Failed to handle request for function us-central1-v2 {"metadata":{"emulator":{"name":"functions"},"message":"Failed to handle request for function us-central1-v2"}}
[error] !!  functions: Failed to start functions in C:\Users\mgonzalezv.INDRA\Documents\private-workspace\guia-tv\functions: FirebaseError: Failed to load function. {"metadata":{"emulator":{"name":"functions"},"message":"Failed to start functions in C:\\Users\\mgonzalezv.INDRA\\Documents\\private-workspace\\guia-tv\\functions: FirebaseError: Failed to load function."}}
[debug] [2025-11-19T16:33:20.429Z] [work-queue] {"queuedWork":[],"queueLength":0,"runningWork":[],"workRunningCount":0}
[debug] [2025-11-19T16:35:38.203Z] File C:\Users\mgonzalezv.INDRA\Documents\private-workspace\guia-tv\functions\lib\v1\api.js.map changed, reloading triggers {"metadata":{"emulator":{"name":"functions"},"message":"File C:\\Users\\mgonzalezv.INDRA\\Documents\\private-workspace\\guia-tv\\functions\\lib\\v1\\api.js.map changed, reloading triggers"}}
[debug] [2025-11-19T16:35:38.218Z] File C:\Users\mgonzalezv.INDRA\Documents\private-workspace\guia-tv\functions\lib\v1\api.js changed, reloading triggers {"metadata":{"emulator":{"name":"functions"},"message":"File C:\\Users\\mgonzalezv.INDRA\\Documents\\private-workspace\\guia-tv\\functions\\lib\\v1\\api.js changed, reloading triggers"}}
[debug] [2025-11-19T16:35:38.243Z] File C:\Users\mgonzalezv.INDRA\Documents\private-workspace\guia-tv\functions\lib\v1\firestore.js.map changed, reloading triggers {"metadata":{"emulator":{"name":"functions"},"message":"File C:\\Users\\mgonzalezv.INDRA\\Documents\\private-workspace\\guia-tv\\functions\\lib\\v1\\firestore.js.map changed, reloading triggers"}}
[debug] [2025-11-19T16:35:38.258Z] File C:\Users\mgonzalezv.INDRA\Documents\private-workspace\guia-tv\functions\lib\v1\firestore.js changed, reloading triggers {"metadata":{"emulator":{"name":"functions"},"message":"File C:\\Users\\mgonzalezv.INDRA\\Documents\\private-workspace\\guia-tv\\functions\\lib\\v1\\firestore.js changed, reloading triggers"}}
[debug] [2025-11-19T16:35:38.283Z] File C:\Users\mgonzalezv.INDRA\Documents\private-workspace\guia-tv\functions\lib\v1\inicializarDatos.js.map changed, reloading triggers {"metadata":{"emulator":{"name":"functions"},"message":"File C:\\Users\\mgonzalezv.INDRA\\Documents\\private-workspace\\guia-tv\\functions\\lib\\v1\\inicializarDatos.js.map changed, reloading triggers"}}
[debug] [2025-11-19T16:35:38.301Z] File C:\Users\mgonzalezv.INDRA\Documents\private-workspace\guia-tv\functions\lib\v1\inicializarDatos.js changed, reloading triggers {"metadata":{"emulator":{"name":"functions"},"message":"File C:\\Users\\mgonzalezv.INDRA\\Documents\\private-workspace\\guia-tv\\functions\\lib\\v1\\inicializarDatos.js changed, reloading triggers"}}
[debug] [2025-11-19T16:35:38.321Z] File C:\Users\mgonzalezv.INDRA\Documents\private-workspace\guia-tv\functions\lib\v1\downloadData.js.map changed, reloading triggers {"metadata":{"emulator":{"name":"functions"},"message":"File C:\\Users\\mgonzalezv.INDRA\\Documents\\private-workspace\\guia-tv\\functions\\lib\\v1\\downloadData.js.map changed, reloading triggers"}}
[debug] [2025-11-19T16:35:38.333Z] File C:\Users\mgonzalezv.INDRA\Documents\private-workspace\guia-tv\functions\lib\v1\downloadData.js changed, reloading triggers {"metadata":{"emulator":{"name":"functions"},"message":"File C:\\Users\\mgonzalezv.INDRA\\Documents\\private-workspace\\guia-tv\\functions\\lib\\v1\\downloadData.js changed, reloading triggers"}}
[debug] [2025-11-19T16:35:38.348Z] File C:\Users\mgonzalezv.INDRA\Documents\private-workspace\guia-tv\functions\lib\v1\actualizarProgramacion.js.map changed, reloading triggers {"metadata":{"emulator":{"name":"functions"},"message":"File C:\\Users\\mgonzalezv.INDRA\\Documents\\private-workspace\\guia-tv\\functions\\lib\\v1\\actualizarProgramacion.js.map changed, reloading triggers"}}
[debug] [2025-11-19T16:35:38.361Z] File C:\Users\mgonzalezv.INDRA\Documents\private-workspace\guia-tv\functions\lib\v1\actualizarProgramacion.js changed, reloading triggers {"metadata":{"emulator":{"name":"functions"},"message":"File C:\\Users\\mgonzalezv.INDRA\\Documents\\private-workspace\\guia-tv\\functions\\lib\\v1\\actualizarProgramacion.js changed, reloading triggers"}}
[debug] [2025-11-19T16:35:38.398Z] File C:\Users\mgonzalezv.INDRA\Documents\private-workspace\guia-tv\functions\lib\v1\index.js.map changed, reloading triggers {"metadata":{"emulator":{"name":"functions"},"message":"File C:\\Users\\mgonzalezv.INDRA\\Documents\\private-workspace\\guia-tv\\functions\\lib\\v1\\index.js.map changed, reloading triggers"}}
[debug] [2025-11-19T16:35:38.413Z] File C:\Users\mgonzalezv.INDRA\Documents\private-workspace\guia-tv\functions\lib\v1\index.js changed, reloading triggers {"metadata":{"emulator":{"name":"functions"},"message":"File C:\\Users\\mgonzalezv.INDRA\\Documents\\private-workspace\\guia-tv\\functions\\lib\\v1\\index.js changed, reloading triggers"}}
[debug] [2025-11-19T16:35:38.446Z] File C:\Users\mgonzalezv.INDRA\Documents\private-workspace\guia-tv\functions\lib\v2\shared\utils\logger.js.map changed, reloading triggers {"metadata":{"emulator":{"name":"functions"},"message":"File C:\\Users\\mgonzalezv.INDRA\\Documents\\private-workspace\\guia-tv\\functions\\lib\\v2\\shared\\utils\\logger.js.map changed, reloading triggers"}}
[debug] [2025-11-19T16:35:38.458Z] File C:\Users\mgonzalezv.INDRA\Documents\private-workspace\guia-tv\functions\lib\v2\shared\utils\logger.js changed, reloading triggers {"metadata":{"emulator":{"name":"functions"},"message":"File C:\\Users\\mgonzalezv.INDRA\\Documents\\private-workspace\\guia-tv\\functions\\lib\\v2\\shared\\utils\\logger.js changed, reloading triggers"}}
[debug] [2025-11-19T16:35:38.465Z] File C:\Users\mgonzalezv.INDRA\Documents\private-workspace\guia-tv\functions\lib\v2\domain\repositories\ICacheRepository.js.map changed, reloading triggers {"metadata":{"emulator":{"name":"functions"},"message":"File C:\\Users\\mgonzalezv.INDRA\\Documents\\private-workspace\\guia-tv\\functions\\lib\\v2\\domain\\repositories\\ICacheRepository.js.map changed, reloading triggers"}}
[debug] [2025-11-19T16:35:38.478Z] File C:\Users\mgonzalezv.INDRA\Documents\private-workspace\guia-tv\functions\lib\v2\domain\repositories\ICacheRepository.js changed, reloading triggers {"metadata":{"emulator":{"name":"functions"},"message":"File C:\\Users\\mgonzalezv.INDRA\\Documents\\private-workspace\\guia-tv\\functions\\lib\\v2\\domain\\repositories\\ICacheRepository.js changed, reloading triggers"}}
[debug] [2025-11-19T16:35:38.497Z] File C:\Users\mgonzalezv.INDRA\Documents\private-workspace\guia-tv\functions\lib\v2\infrastructure\cache\InMemoryCache.js.map changed, reloading triggers {"metadata":{"emulator":{"name":"functions"},"message":"File C:\\Users\\mgonzalezv.INDRA\\Documents\\private-workspace\\guia-tv\\functions\\lib\\v2\\infrastructure\\cache\\InMemoryCache.js.map changed, reloading triggers"}}
[debug] [2025-11-19T16:35:38.512Z] File C:\Users\mgonzalezv.INDRA\Documents\private-workspace\guia-tv\functions\lib\v2\infrastructure\cache\InMemoryCache.js changed, reloading triggers {"metadata":{"emulator":{"name":"functions"},"message":"File C:\\Users\\mgonzalezv.INDRA\\Documents\\private-workspace\\guia-tv\\functions\\lib\\v2\\infrastructure\\cache\\InMemoryCache.js changed, reloading triggers"}}
[debug] [2025-11-19T16:35:38.538Z] File C:\Users\mgonzalezv.INDRA\Documents\private-workspace\guia-tv\functions\lib\v2\infrastructure\cache\RedisCache.js.map changed, reloading triggers {"metadata":{"emulator":{"name":"functions"},"message":"File C:\\Users\\mgonzalezv.INDRA\\Documents\\private-workspace\\guia-tv\\functions\\lib\\v2\\infrastructure\\cache\\RedisCache.js.map changed, reloading triggers"}}
[debug] [2025-11-19T16:35:38.553Z] File C:\Users\mgonzalezv.INDRA\Documents\private-workspace\guia-tv\functions\lib\v2\infrastructure\cache\RedisCache.js changed, reloading triggers {"metadata":{"emulator":{"name":"functions"},"message":"File C:\\Users\\mgonzalezv.INDRA\\Documents\\private-workspace\\guia-tv\\functions\\lib\\v2\\infrastructure\\cache\\RedisCache.js changed, reloading triggers"}}
[debug] [2025-11-19T16:35:38.572Z] File C:\Users\mgonzalezv.INDRA\Documents\private-workspace\guia-tv\functions\lib\v2\infrastructure\cache\CacheFactory.js.map changed, reloading triggers {"metadata":{"emulator":{"name":"functions"},"message":"File C:\\Users\\mgonzalezv.INDRA\\Documents\\private-workspace\\guia-tv\\functions\\lib\\v2\\infrastructure\\cache\\CacheFactory.js.map changed, reloading triggers"}}
[debug] [2025-11-19T16:35:38.580Z] File C:\Users\mgonzalezv.INDRA\Documents\private-workspace\guia-tv\functions\lib\v2\infrastructure\cache\CacheFactory.js changed, reloading triggers {"metadata":{"emulator":{"name":"functions"},"message":"File C:\\Users\\mgonzalezv.INDRA\\Documents\\private-workspace\\guia-tv\\functions\\lib\\v2\\infrastructure\\cache\\CacheFactory.js changed, reloading triggers"}}
[debug] [2025-11-19T16:35:38.601Z] File C:\Users\mgonzalezv.INDRA\Documents\private-workspace\guia-tv\functions\lib\v2\domain\entities\Channel.js.map changed, reloading triggers {"metadata":{"emulator":{"name":"functions"},"message":"File C:\\Users\\mgonzalezv.INDRA\\Documents\\private-workspace\\guia-tv\\functions\\lib\\v2\\domain\\entities\\Channel.js.map changed, reloading triggers"}}
[debug] [2025-11-19T16:35:38.621Z] File C:\Users\mgonzalezv.INDRA\Documents\private-workspace\guia-tv\functions\lib\v2\domain\entities\Channel.js changed, reloading triggers {"metadata":{"emulator":{"name":"functions"},"message":"File C:\\Users\\mgonzalezv.INDRA\\Documents\\private-workspace\\guia-tv\\functions\\lib\\v2\\domain\\entities\\Channel.js changed, reloading triggers"}}
[debug] [2025-11-19T16:35:38.631Z] File C:\Users\mgonzalezv.INDRA\Documents\private-workspace\guia-tv\functions\lib\v2\domain\value-objects\ChannelId.js.map changed, reloading triggers {"metadata":{"emulator":{"name":"functions"},"message":"File C:\\Users\\mgonzalezv.INDRA\\Documents\\private-workspace\\guia-tv\\functions\\lib\\v2\\domain\\value-objects\\ChannelId.js.map changed, reloading triggers"}}
[debug] [2025-11-19T16:35:38.647Z] File C:\Users\mgonzalezv.INDRA\Documents\private-workspace\guia-tv\functions\lib\v2\domain\value-objects\ChannelId.js changed, reloading triggers {"metadata":{"emulator":{"name":"functions"},"message":"File C:\\Users\\mgonzalezv.INDRA\\Documents\\private-workspace\\guia-tv\\functions\\lib\\v2\\domain\\value-objects\\ChannelId.js changed, reloading triggers"}}
[debug] [2025-11-19T16:35:38.662Z] File C:\Users\mgonzalezv.INDRA\Documents\private-workspace\guia-tv\functions\lib\v2\domain\repositories\IChannelRepository.js.map changed, reloading triggers {"metadata":{"emulator":{"name":"functions"},"message":"File C:\\Users\\mgonzalezv.INDRA\\Documents\\private-workspace\\guia-tv\\functions\\lib\\v2\\domain\\repositories\\IChannelRepository.js.map changed, reloading triggers"}}
[debug] [2025-11-19T16:35:38.676Z] File C:\Users\mgonzalezv.INDRA\Documents\private-workspace\guia-tv\functions\lib\v2\domain\repositories\IChannelRepository.js changed, reloading triggers {"metadata":{"emulator":{"name":"functions"},"message":"File C:\\Users\\mgonzalezv.INDRA\\Documents\\private-workspace\\guia-tv\\functions\\lib\\v2\\domain\\repositories\\IChannelRepository.js changed, reloading triggers"}}
[debug] [2025-11-19T16:35:38.697Z] File C:\Users\mgonzalezv.INDRA\Documents\private-workspace\guia-tv\functions\lib\v2\infrastructure\repositories\FirestoreChannelRepository.js.map changed, reloading triggers {"metadata":{"emulator":{"name":"functions"},"message":"File C:\\Users\\mgonzalezv.INDRA\\Documents\\private-workspace\\guia-tv\\functions\\lib\\v2\\infrastructure\\repositories\\FirestoreChannelRepository.js.map changed, reloading triggers"}}
[debug] [2025-11-19T16:35:38.711Z] File C:\Users\mgonzalezv.INDRA\Documents\private-workspace\guia-tv\functions\lib\v2\infrastructure\repositories\FirestoreChannelRepository.js changed, reloading triggers {"metadata":{"emulator":{"name":"functions"},"message":"File C:\\Users\\mgonzalezv.INDRA\\Documents\\private-workspace\\guia-tv\\functions\\lib\\v2\\infrastructure\\repositories\\FirestoreChannelRepository.js changed, reloading triggers"}}
[debug] [2025-11-19T16:35:38.726Z] File C:\Users\mgonzalezv.INDRA\Documents\private-workspace\guia-tv\functions\lib\v2\domain\entities\Program.js.map changed, reloading triggers {"metadata":{"emulator":{"name":"functions"},"message":"File C:\\Users\\mgonzalezv.INDRA\\Documents\\private-workspace\\guia-tv\\functions\\lib\\v2\\domain\\entities\\Program.js.map changed, reloading triggers"}}
[debug] [2025-11-19T16:35:38.749Z] File C:\Users\mgonzalezv.INDRA\Documents\private-workspace\guia-tv\functions\lib\v2\domain\entities\Program.js changed, reloading triggers {"metadata":{"emulator":{"name":"functions"},"message":"File C:\\Users\\mgonzalezv.INDRA\\Documents\\private-workspace\\guia-tv\\functions\\lib\\v2\\domain\\entities\\Program.js changed, reloading triggers"}}
[debug] [2025-11-19T16:35:38.762Z] File C:\Users\mgonzalezv.INDRA\Documents\private-workspace\guia-tv\functions\lib\v2\domain\value-objects\DateRange.js.map changed, reloading triggers {"metadata":{"emulator":{"name":"functions"},"message":"File C:\\Users\\mgonzalezv.INDRA\\Documents\\private-workspace\\guia-tv\\functions\\lib\\v2\\domain\\value-objects\\DateRange.js.map changed, reloading triggers"}}
[debug] [2025-11-19T16:35:38.775Z] File C:\Users\mgonzalezv.INDRA\Documents\private-workspace\guia-tv\functions\lib\v2\domain\value-objects\DateRange.js changed, reloading triggers {"metadata":{"emulator":{"name":"functions"},"message":"File C:\\Users\\mgonzalezv.INDRA\\Documents\\private-workspace\\guia-tv\\functions\\lib\\v2\\domain\\value-objects\\DateRange.js changed, reloading triggers"}}
[debug] [2025-11-19T16:35:38.792Z] File C:\Users\mgonzalezv.INDRA\Documents\private-workspace\guia-tv\functions\lib\v2\domain\repositories\IProgramRepository.js.map changed, reloading triggers {"metadata":{"emulator":{"name":"functions"},"message":"File C:\\Users\\mgonzalezv.INDRA\\Documents\\private-workspace\\guia-tv\\functions\\lib\\v2\\domain\\repositories\\IProgramRepository.js.map changed, reloading triggers"}}
[debug] [2025-11-19T16:35:38.801Z] File C:\Users\mgonzalezv.INDRA\Documents\private-workspace\guia-tv\functions\lib\v2\domain\repositories\IProgramRepository.js changed, reloading triggers {"metadata":{"emulator":{"name":"functions"},"message":"File C:\\Users\\mgonzalezv.INDRA\\Documents\\private-workspace\\guia-tv\\functions\\lib\\v2\\domain\\repositories\\IProgramRepository.js changed, reloading triggers"}}
[debug] [2025-11-19T16:35:38.814Z] File C:\Users\mgonzalezv.INDRA\Documents\private-workspace\guia-tv\functions\lib\v2\infrastructure\repositories\FirestoreProgramRepository.js.map changed, reloading triggers {"metadata":{"emulator":{"name":"functions"},"message":"File C:\\Users\\mgonzalezv.INDRA\\Documents\\private-workspace\\guia-tv\\functions\\lib\\v2\\infrastructure\\repositories\\FirestoreProgramRepository.js.map changed, reloading triggers"}}
[debug] [2025-11-19T16:35:38.828Z] File C:\Users\mgonzalezv.INDRA\Documents\private-workspace\guia-tv\functions\lib\v2\infrastructure\repositories\FirestoreProgramRepository.js changed, reloading triggers {"metadata":{"emulator":{"name":"functions"},"message":"File C:\\Users\\mgonzalezv.INDRA\\Documents\\private-workspace\\guia-tv\\functions\\lib\\v2\\infrastructure\\repositories\\FirestoreProgramRepository.js changed, reloading triggers"}}
[debug] [2025-11-19T16:35:38.844Z] File C:\Users\mgonzalezv.INDRA\Documents\private-workspace\guia-tv\functions\lib\v2\domain\repositories\IStorageRepository.js.map changed, reloading triggers {"metadata":{"emulator":{"name":"functions"},"message":"File C:\\Users\\mgonzalezv.INDRA\\Documents\\private-workspace\\guia-tv\\functions\\lib\\v2\\domain\\repositories\\IStorageRepository.js.map changed, reloading triggers"}}
[debug] [2025-11-19T16:35:38.856Z] File C:\Users\mgonzalezv.INDRA\Documents\private-workspace\guia-tv\functions\lib\v2\domain\repositories\IStorageRepository.js changed, reloading triggers {"metadata":{"emulator":{"name":"functions"},"message":"File C:\\Users\\mgonzalezv.INDRA\\Documents\\private-workspace\\guia-tv\\functions\\lib\\v2\\domain\\repositories\\IStorageRepository.js changed, reloading triggers"}}
[debug] [2025-11-19T16:35:38.864Z] File C:\Users\mgonzalezv.INDRA\Documents\private-workspace\guia-tv\functions\lib\v2\infrastructure\repositories\CloudStorageRepository.js.map changed, reloading triggers {"metadata":{"emulator":{"name":"functions"},"message":"File C:\\Users\\mgonzalezv.INDRA\\Documents\\private-workspace\\guia-tv\\functions\\lib\\v2\\infrastructure\\repositories\\CloudStorageRepository.js.map changed, reloading triggers"}}
[debug] [2025-11-19T16:35:38.877Z] File C:\Users\mgonzalezv.INDRA\Documents\private-workspace\guia-tv\functions\lib\v2\infrastructure\repositories\CloudStorageRepository.js changed, reloading triggers {"metadata":{"emulator":{"name":"functions"},"message":"File C:\\Users\\mgonzalezv.INDRA\\Documents\\private-workspace\\guia-tv\\functions\\lib\\v2\\infrastructure\\repositories\\CloudStorageRepository.js changed, reloading triggers"}}
[debug] [2025-11-19T16:35:38.894Z] File C:\Users\mgonzalezv.INDRA\Documents\private-workspace\guia-tv\functions\lib\v2\domain\services\ChannelService.js.map changed, reloading triggers {"metadata":{"emulator":{"name":"functions"},"message":"File C:\\Users\\mgonzalezv.INDRA\\Documents\\private-workspace\\guia-tv\\functions\\lib\\v2\\domain\\services\\ChannelService.js.map changed, reloading triggers"}}
[debug] [2025-11-19T16:35:38.907Z] File C:\Users\mgonzalezv.INDRA\Documents\private-workspace\guia-tv\functions\lib\v2\domain\services\ChannelService.js changed, reloading triggers {"metadata":{"emulator":{"name":"functions"},"message":"File C:\\Users\\mgonzalezv.INDRA\\Documents\\private-workspace\\guia-tv\\functions\\lib\\v2\\domain\\services\\ChannelService.js changed, reloading triggers"}}
[debug] [2025-11-19T16:35:38.920Z] File C:\Users\mgonzalezv.INDRA\Documents\private-workspace\guia-tv\functions\lib\v2\domain\services\ProgramService.js.map changed, reloading triggers {"metadata":{"emulator":{"name":"functions"},"message":"File C:\\Users\\mgonzalezv.INDRA\\Documents\\private-workspace\\guia-tv\\functions\\lib\\v2\\domain\\services\\ProgramService.js.map changed, reloading triggers"}}
[debug] [2025-11-19T16:35:38.930Z] File C:\Users\mgonzalezv.INDRA\Documents\private-workspace\guia-tv\functions\lib\v2\domain\services\ProgramService.js changed, reloading triggers {"metadata":{"emulator":{"name":"functions"},"message":"File C:\\Users\\mgonzalezv.INDRA\\Documents\\private-workspace\\guia-tv\\functions\\lib\\v2\\domain\\services\\ProgramService.js changed, reloading triggers"}}
[debug] [2025-11-19T16:35:38.944Z] File C:\Users\mgonzalezv.INDRA\Documents\private-workspace\guia-tv\functions\lib\v2\application\use-cases\GetAllChannels.js.map changed, reloading triggers {"metadata":{"emulator":{"name":"functions"},"message":"File C:\\Users\\mgonzalezv.INDRA\\Documents\\private-workspace\\guia-tv\\functions\\lib\\v2\\application\\use-cases\\GetAllChannels.js.map changed, reloading triggers"}}
[debug] [2025-11-19T16:35:38.960Z] File C:\Users\mgonzalezv.INDRA\Documents\private-workspace\guia-tv\functions\lib\v2\application\use-cases\GetAllChannels.js changed, reloading triggers {"metadata":{"emulator":{"name":"functions"},"message":"File C:\\Users\\mgonzalezv.INDRA\\Documents\\private-workspace\\guia-tv\\functions\\lib\\v2\\application\\use-cases\\GetAllChannels.js changed, reloading triggers"}}
[debug] [2025-11-19T16:35:38.972Z] File C:\Users\mgonzalezv.INDRA\Documents\private-workspace\guia-tv\functions\lib\v2\application\use-cases\GetChannelById.js.map changed, reloading triggers {"metadata":{"emulator":{"name":"functions"},"message":"File C:\\Users\\mgonzalezv.INDRA\\Documents\\private-workspace\\guia-tv\\functions\\lib\\v2\\application\\use-cases\\GetChannelById.js.map changed, reloading triggers"}}
[debug] [2025-11-19T16:35:38.981Z] File C:\Users\mgonzalezv.INDRA\Documents\private-workspace\guia-tv\functions\lib\v2\application\use-cases\GetChannelById.js changed, reloading triggers {"metadata":{"emulator":{"name":"functions"},"message":"File C:\\Users\\mgonzalezv.INDRA\\Documents\\private-workspace\\guia-tv\\functions\\lib\\v2\\application\\use-cases\\GetChannelById.js changed, reloading triggers"}}
[debug] [2025-11-19T16:35:38.995Z] File C:\Users\mgonzalezv.INDRA\Documents\private-workspace\guia-tv\functions\lib\v2\application\use-cases\GetProgramsByDate.js.map changed, reloading triggers {"metadata":{"emulator":{"name":"functions"},"message":"File C:\\Users\\mgonzalezv.INDRA\\Documents\\private-workspace\\guia-tv\\functions\\lib\\v2\\application\\use-cases\\GetProgramsByDate.js.map changed, reloading triggers"}}
[debug] [2025-11-19T16:35:39.011Z] File C:\Users\mgonzalezv.INDRA\Documents\private-workspace\guia-tv\functions\lib\v2\application\use-cases\GetProgramsByDate.js changed, reloading triggers {"metadata":{"emulator":{"name":"functions"},"message":"File C:\\Users\\mgonzalezv.INDRA\\Documents\\private-workspace\\guia-tv\\functions\\lib\\v2\\application\\use-cases\\GetProgramsByDate.js changed, reloading triggers"}}
[debug] [2025-11-19T16:35:39.024Z] File C:\Users\mgonzalezv.INDRA\Documents\private-workspace\guia-tv\functions\lib\v2\application\use-cases\GetChannelPrograms.js.map changed, reloading triggers {"metadata":{"emulator":{"name":"functions"},"message":"File C:\\Users\\mgonzalezv.INDRA\\Documents\\private-workspace\\guia-tv\\functions\\lib\\v2\\application\\use-cases\\GetChannelPrograms.js.map changed, reloading triggers"}}
[debug] [2025-11-19T16:35:39.033Z] File C:\Users\mgonzalezv.INDRA\Documents\private-workspace\guia-tv\functions\lib\v2\application\use-cases\GetChannelPrograms.js changed, reloading triggers {"metadata":{"emulator":{"name":"functions"},"message":"File C:\\Users\\mgonzalezv.INDRA\\Documents\\private-workspace\\guia-tv\\functions\\lib\\v2\\application\\use-cases\\GetChannelPrograms.js changed, reloading triggers"}}
[debug] [2025-11-19T16:35:39.049Z] File C:\Users\mgonzalezv.INDRA\Documents\private-workspace\guia-tv\functions\lib\v2\application\use-cases\SyncProgramData.js.map changed, reloading triggers {"metadata":{"emulator":{"name":"functions"},"message":"File C:\\Users\\mgonzalezv.INDRA\\Documents\\private-workspace\\guia-tv\\functions\\lib\\v2\\application\\use-cases\\SyncProgramData.js.map changed, reloading triggers"}}
[debug] [2025-11-19T16:35:39.059Z] File C:\Users\mgonzalezv.INDRA\Documents\private-workspace\guia-tv\functions\lib\v2\application\use-cases\SyncProgramData.js changed, reloading triggers {"metadata":{"emulator":{"name":"functions"},"message":"File C:\\Users\\mgonzalezv.INDRA\\Documents\\private-workspace\\guia-tv\\functions\\lib\\v2\\application\\use-cases\\SyncProgramData.js changed, reloading triggers"}}
[debug] [2025-11-19T16:35:39.078Z] File C:\Users\mgonzalezv.INDRA\Documents\private-workspace\guia-tv\functions\lib\v2\infrastructure\parsers\XMLParser.js.map changed, reloading triggers {"metadata":{"emulator":{"name":"functions"},"message":"File C:\\Users\\mgonzalezv.INDRA\\Documents\\private-workspace\\guia-tv\\functions\\lib\\v2\\infrastructure\\parsers\\XMLParser.js.map changed, reloading triggers"}}
[debug] [2025-11-19T16:35:39.091Z] File C:\Users\mgonzalezv.INDRA\Documents\private-workspace\guia-tv\functions\lib\v2\infrastructure\parsers\XMLParser.js changed, reloading triggers {"metadata":{"emulator":{"name":"functions"},"message":"File C:\\Users\\mgonzalezv.INDRA\\Documents\\private-workspace\\guia-tv\\functions\\lib\\v2\\infrastructure\\parsers\\XMLParser.js changed, reloading triggers"}}
[debug] [2025-11-19T16:35:39.109Z] File C:\Users\mgonzalezv.INDRA\Documents\private-workspace\guia-tv\functions\lib\v2\infrastructure\parsers\ProgramDataParser.js.map changed, reloading triggers {"metadata":{"emulator":{"name":"functions"},"message":"File C:\\Users\\mgonzalezv.INDRA\\Documents\\private-workspace\\guia-tv\\functions\\lib\\v2\\infrastructure\\parsers\\ProgramDataParser.js.map changed, reloading triggers"}}
[debug] [2025-11-19T16:35:39.125Z] File C:\Users\mgonzalezv.INDRA\Documents\private-workspace\guia-tv\functions\lib\v2\infrastructure\parsers\ProgramDataParser.js changed, reloading triggers {"metadata":{"emulator":{"name":"functions"},"message":"File C:\\Users\\mgonzalezv.INDRA\\Documents\\private-workspace\\guia-tv\\functions\\lib\\v2\\infrastructure\\parsers\\ProgramDataParser.js changed, reloading triggers"}}
[debug] [2025-11-19T16:35:39.141Z] File C:\Users\mgonzalezv.INDRA\Documents\private-workspace\guia-tv\functions\lib\v2\infrastructure\external\EPGDataSource.js.map changed, reloading triggers {"metadata":{"emulator":{"name":"functions"},"message":"File C:\\Users\\mgonzalezv.INDRA\\Documents\\private-workspace\\guia-tv\\functions\\lib\\v2\\infrastructure\\external\\EPGDataSource.js.map changed, reloading triggers"}}
[debug] [2025-11-19T16:35:39.148Z] File C:\Users\mgonzalezv.INDRA\Documents\private-workspace\guia-tv\functions\lib\v2\infrastructure\external\EPGDataSource.js changed, reloading triggers {"metadata":{"emulator":{"name":"functions"},"message":"File C:\\Users\\mgonzalezv.INDRA\\Documents\\private-workspace\\guia-tv\\functions\\lib\\v2\\infrastructure\\external\\EPGDataSource.js changed, reloading triggers"}}
[debug] [2025-11-19T16:35:39.173Z] File C:\Users\mgonzalezv.INDRA\Documents\private-workspace\guia-tv\functions\lib\v2\shared\utils\dateUtils.js.map changed, reloading triggers {"metadata":{"emulator":{"name":"functions"},"message":"File C:\\Users\\mgonzalezv.INDRA\\Documents\\private-workspace\\guia-tv\\functions\\lib\\v2\\shared\\utils\\dateUtils.js.map changed, reloading triggers"}}
[debug] [2025-11-19T16:35:39.187Z] File C:\Users\mgonzalezv.INDRA\Documents\private-workspace\guia-tv\functions\lib\v2\shared\utils\dateUtils.js changed, reloading triggers {"metadata":{"emulator":{"name":"functions"},"message":"File C:\\Users\\mgonzalezv.INDRA\\Documents\\private-workspace\\guia-tv\\functions\\lib\\v2\\shared\\utils\\dateUtils.js changed, reloading triggers"}}
[debug] [2025-11-19T16:35:39.204Z] File C:\Users\mgonzalezv.INDRA\Documents\private-workspace\guia-tv\functions\lib\v2\application\use-cases\SyncEPGData.js.map changed, reloading triggers {"metadata":{"emulator":{"name":"functions"},"message":"File C:\\Users\\mgonzalezv.INDRA\\Documents\\private-workspace\\guia-tv\\functions\\lib\\v2\\application\\use-cases\\SyncEPGData.js.map changed, reloading triggers"}}
[debug] [2025-11-19T16:35:39.223Z] File C:\Users\mgonzalezv.INDRA\Documents\private-workspace\guia-tv\functions\lib\v2\application\use-cases\SyncEPGData.js changed, reloading triggers {"metadata":{"emulator":{"name":"functions"},"message":"File C:\\Users\\mgonzalezv.INDRA\\Documents\\private-workspace\\guia-tv\\functions\\lib\\v2\\application\\use-cases\\SyncEPGData.js changed, reloading triggers"}}
[debug] [2025-11-19T16:35:39.238Z] File C:\Users\mgonzalezv.INDRA\Documents\private-workspace\guia-tv\functions\lib\v2\application\dto\ChannelDTO.js.map changed, reloading triggers {"metadata":{"emulator":{"name":"functions"},"message":"File C:\\Users\\mgonzalezv.INDRA\\Documents\\private-workspace\\guia-tv\\functions\\lib\\v2\\application\\dto\\ChannelDTO.js.map changed, reloading triggers"}}
[debug] [2025-11-19T16:35:39.246Z] File C:\Users\mgonzalezv.INDRA\Documents\private-workspace\guia-tv\functions\lib\v2\application\dto\ChannelDTO.js changed, reloading triggers {"metadata":{"emulator":{"name":"functions"},"message":"File C:\\Users\\mgonzalezv.INDRA\\Documents\\private-workspace\\guia-tv\\functions\\lib\\v2\\application\\dto\\ChannelDTO.js changed, reloading triggers"}}
[debug] [2025-11-19T16:35:39.259Z] File C:\Users\mgonzalezv.INDRA\Documents\private-workspace\guia-tv\functions\lib\v2\application\dto\ProgramDTO.js.map changed, reloading triggers {"metadata":{"emulator":{"name":"functions"},"message":"File C:\\Users\\mgonzalezv.INDRA\\Documents\\private-workspace\\guia-tv\\functions\\lib\\v2\\application\\dto\\ProgramDTO.js.map changed, reloading triggers"}}
[debug] [2025-11-19T16:35:39.271Z] File C:\Users\mgonzalezv.INDRA\Documents\private-workspace\guia-tv\functions\lib\v2\application\dto\ProgramDTO.js changed, reloading triggers {"metadata":{"emulator":{"name":"functions"},"message":"File C:\\Users\\mgonzalezv.INDRA\\Documents\\private-workspace\\guia-tv\\functions\\lib\\v2\\application\\dto\\ProgramDTO.js changed, reloading triggers"}}
[debug] [2025-11-19T16:35:39.283Z] File C:\Users\mgonzalezv.INDRA\Documents\private-workspace\guia-tv\functions\lib\v2\application\mappers\ProgramMapper.js.map changed, reloading triggers {"metadata":{"emulator":{"name":"functions"},"message":"File C:\\Users\\mgonzalezv.INDRA\\Documents\\private-workspace\\guia-tv\\functions\\lib\\v2\\application\\mappers\\ProgramMapper.js.map changed, reloading triggers"}}
[debug] [2025-11-19T16:35:39.294Z] File C:\Users\mgonzalezv.INDRA\Documents\private-workspace\guia-tv\functions\lib\v2\application\mappers\ProgramMapper.js changed, reloading triggers {"metadata":{"emulator":{"name":"functions"},"message":"File C:\\Users\\mgonzalezv.INDRA\\Documents\\private-workspace\\guia-tv\\functions\\lib\\v2\\application\\mappers\\ProgramMapper.js changed, reloading triggers"}}
[debug] [2025-11-19T16:35:39.312Z] File C:\Users\mgonzalezv.INDRA\Documents\private-workspace\guia-tv\functions\lib\v2\application\mappers\ChannelMapper.js.map changed, reloading triggers {"metadata":{"emulator":{"name":"functions"},"message":"File C:\\Users\\mgonzalezv.INDRA\\Documents\\private-workspace\\guia-tv\\functions\\lib\\v2\\application\\mappers\\ChannelMapper.js.map changed, reloading triggers"}}
[debug] [2025-11-19T16:35:39.324Z] File C:\Users\mgonzalezv.INDRA\Documents\private-workspace\guia-tv\functions\lib\v2\application\mappers\ChannelMapper.js changed, reloading triggers {"metadata":{"emulator":{"name":"functions"},"message":"File C:\\Users\\mgonzalezv.INDRA\\Documents\\private-workspace\\guia-tv\\functions\\lib\\v2\\application\\mappers\\ChannelMapper.js changed, reloading triggers"}}
[debug] [2025-11-19T16:35:39.337Z] File C:\Users\mgonzalezv.INDRA\Documents\private-workspace\guia-tv\functions\lib\v2\application\use-cases\PrecomputeSchedule.js.map changed, reloading triggers {"metadata":{"emulator":{"name":"functions"},"message":"File C:\\Users\\mgonzalezv.INDRA\\Documents\\private-workspace\\guia-tv\\functions\\lib\\v2\\application\\use-cases\\PrecomputeSchedule.js.map changed, reloading triggers"}}
[debug] [2025-11-19T16:35:39.348Z] File C:\Users\mgonzalezv.INDRA\Documents\private-workspace\guia-tv\functions\lib\v2\application\use-cases\PrecomputeSchedule.js changed, reloading triggers {"metadata":{"emulator":{"name":"functions"},"message":"File C:\\Users\\mgonzalezv.INDRA\\Documents\\private-workspace\\guia-tv\\functions\\lib\\v2\\application\\use-cases\\PrecomputeSchedule.js changed, reloading triggers"}}
[debug] [2025-11-19T16:35:39.363Z] File C:\Users\mgonzalezv.INDRA\Documents\private-workspace\guia-tv\functions\lib\v2\application\use-cases\CleanOldPrograms.js.map changed, reloading triggers {"metadata":{"emulator":{"name":"functions"},"message":"File C:\\Users\\mgonzalezv.INDRA\\Documents\\private-workspace\\guia-tv\\functions\\lib\\v2\\application\\use-cases\\CleanOldPrograms.js.map changed, reloading triggers"}}
[debug] [2025-11-19T16:35:39.380Z] File C:\Users\mgonzalezv.INDRA\Documents\private-workspace\guia-tv\functions\lib\v2\application\use-cases\CleanOldPrograms.js changed, reloading triggers {"metadata":{"emulator":{"name":"functions"},"message":"File C:\\Users\\mgonzalezv.INDRA\\Documents\\private-workspace\\guia-tv\\functions\\lib\\v2\\application\\use-cases\\CleanOldPrograms.js changed, reloading triggers"}}
[debug] [2025-11-19T16:35:39.395Z] File C:\Users\mgonzalezv.INDRA\Documents\private-workspace\guia-tv\functions\lib\v2\shared\errors\AppError.js.map changed, reloading triggers {"metadata":{"emulator":{"name":"functions"},"message":"File C:\\Users\\mgonzalezv.INDRA\\Documents\\private-workspace\\guia-tv\\functions\\lib\\v2\\shared\\errors\\AppError.js.map changed, reloading triggers"}}
[debug] [2025-11-19T16:35:39.411Z] File C:\Users\mgonzalezv.INDRA\Documents\private-workspace\guia-tv\functions\lib\v2\shared\errors\AppError.js changed, reloading triggers {"metadata":{"emulator":{"name":"functions"},"message":"File C:\\Users\\mgonzalezv.INDRA\\Documents\\private-workspace\\guia-tv\\functions\\lib\\v2\\shared\\errors\\AppError.js changed, reloading triggers"}}
[debug] [2025-11-19T16:35:39.424Z] File C:\Users\mgonzalezv.INDRA\Documents\private-workspace\guia-tv\functions\lib\v2\shared\errors\NotFoundError.js.map changed, reloading triggers {"metadata":{"emulator":{"name":"functions"},"message":"File C:\\Users\\mgonzalezv.INDRA\\Documents\\private-workspace\\guia-tv\\functions\\lib\\v2\\shared\\errors\\NotFoundError.js.map changed, reloading triggers"}}
[debug] [2025-11-19T16:35:39.429Z] File C:\Users\mgonzalezv.INDRA\Documents\private-workspace\guia-tv\functions\lib\v2\shared\errors\NotFoundError.js changed, reloading triggers {"metadata":{"emulator":{"name":"functions"},"message":"File C:\\Users\\mgonzalezv.INDRA\\Documents\\private-workspace\\guia-tv\\functions\\lib\\v2\\shared\\errors\\NotFoundError.js changed, reloading triggers"}}
[debug] [2025-11-19T16:35:39.446Z] File C:\Users\mgonzalezv.INDRA\Documents\private-workspace\guia-tv\functions\lib\v2\shared\errors\ValidationError.js.map changed, reloading triggers {"metadata":{"emulator":{"name":"functions"},"message":"File C:\\Users\\mgonzalezv.INDRA\\Documents\\private-workspace\\guia-tv\\functions\\lib\\v2\\shared\\errors\\ValidationError.js.map changed, reloading triggers"}}
[debug] [2025-11-19T16:35:39.457Z] File C:\Users\mgonzalezv.INDRA\Documents\private-workspace\guia-tv\functions\lib\v2\shared\errors\ValidationError.js changed, reloading triggers {"metadata":{"emulator":{"name":"functions"},"message":"File C:\\Users\\mgonzalezv.INDRA\\Documents\\private-workspace\\guia-tv\\functions\\lib\\v2\\shared\\errors\\ValidationError.js changed, reloading triggers"}}
[debug] [2025-11-19T16:35:39.473Z] File C:\Users\mgonzalezv.INDRA\Documents\private-workspace\guia-tv\functions\lib\v2\shared\errors\index.js.map changed, reloading triggers {"metadata":{"emulator":{"name":"functions"},"message":"File C:\\Users\\mgonzalezv.INDRA\\Documents\\private-workspace\\guia-tv\\functions\\lib\\v2\\shared\\errors\\index.js.map changed, reloading triggers"}}
[debug] [2025-11-19T16:35:39.481Z] File C:\Users\mgonzalezv.INDRA\Documents\private-workspace\guia-tv\functions\lib\v2\shared\errors\index.js changed, reloading triggers {"metadata":{"emulator":{"name":"functions"},"message":"File C:\\Users\\mgonzalezv.INDRA\\Documents\\private-workspace\\guia-tv\\functions\\lib\\v2\\shared\\errors\\index.js changed, reloading triggers"}}
[debug] [2025-11-19T16:35:39.494Z] File C:\Users\mgonzalezv.INDRA\Documents\private-workspace\guia-tv\functions\lib\v2\presentation\controllers\ChannelController.js.map changed, reloading triggers {"metadata":{"emulator":{"name":"functions"},"message":"File C:\\Users\\mgonzalezv.INDRA\\Documents\\private-workspace\\guia-tv\\functions\\lib\\v2\\presentation\\controllers\\ChannelController.js.map changed, reloading triggers"}}
[debug] [2025-11-19T16:35:39.505Z] File C:\Users\mgonzalezv.INDRA\Documents\private-workspace\guia-tv\functions\lib\v2\presentation\controllers\ChannelController.js changed, reloading triggers {"metadata":{"emulator":{"name":"functions"},"message":"File C:\\Users\\mgonzalezv.INDRA\\Documents\\private-workspace\\guia-tv\\functions\\lib\\v2\\presentation\\controllers\\ChannelController.js changed, reloading triggers"}}
[debug] [2025-11-19T16:35:39.521Z] File C:\Users\mgonzalezv.INDRA\Documents\private-workspace\guia-tv\functions\lib\v2\presentation\controllers\ProgramController.js.map changed, reloading triggers {"metadata":{"emulator":{"name":"functions"},"message":"File C:\\Users\\mgonzalezv.INDRA\\Documents\\private-workspace\\guia-tv\\functions\\lib\\v2\\presentation\\controllers\\ProgramController.js.map changed, reloading triggers"}}
[debug] [2025-11-19T16:35:39.529Z] File C:\Users\mgonzalezv.INDRA\Documents\private-workspace\guia-tv\functions\lib\v2\presentation\controllers\ProgramController.js changed, reloading triggers {"metadata":{"emulator":{"name":"functions"},"message":"File C:\\Users\\mgonzalezv.INDRA\\Documents\\private-workspace\\guia-tv\\functions\\lib\\v2\\presentation\\controllers\\ProgramController.js changed, reloading triggers"}}
[debug] [2025-11-19T16:35:39.546Z] File C:\Users\mgonzalezv.INDRA\Documents\private-workspace\guia-tv\functions\lib\v2\presentation\controllers\ScheduleController.js.map changed, reloading triggers {"metadata":{"emulator":{"name":"functions"},"message":"File C:\\Users\\mgonzalezv.INDRA\\Documents\\private-workspace\\guia-tv\\functions\\lib\\v2\\presentation\\controllers\\ScheduleController.js.map changed, reloading triggers"}}
[debug] [2025-11-19T16:35:39.558Z] File C:\Users\mgonzalezv.INDRA\Documents\private-workspace\guia-tv\functions\lib\v2\presentation\controllers\ScheduleController.js changed, reloading triggers {"metadata":{"emulator":{"name":"functions"},"message":"File C:\\Users\\mgonzalezv.INDRA\\Documents\\private-workspace\\guia-tv\\functions\\lib\\v2\\presentation\\controllers\\ScheduleController.js changed, reloading triggers"}}
[debug] [2025-11-19T16:35:39.575Z] File C:\Users\mgonzalezv.INDRA\Documents\private-workspace\guia-tv\functions\lib\v2\presentation\controllers\AdminController.js.map changed, reloading triggers {"metadata":{"emulator":{"name":"functions"},"message":"File C:\\Users\\mgonzalezv.INDRA\\Documents\\private-workspace\\guia-tv\\functions\\lib\\v2\\presentation\\controllers\\AdminController.js.map changed, reloading triggers"}}
[debug] [2025-11-19T16:35:39.588Z] File C:\Users\mgonzalezv.INDRA\Documents\private-workspace\guia-tv\functions\lib\v2\presentation\controllers\AdminController.js changed, reloading triggers {"metadata":{"emulator":{"name":"functions"},"message":"File C:\\Users\\mgonzalezv.INDRA\\Documents\\private-workspace\\guia-tv\\functions\\lib\\v2\\presentation\\controllers\\AdminController.js changed, reloading triggers"}}
[debug] [2025-11-19T16:35:39.610Z] File C:\Users\mgonzalezv.INDRA\Documents\private-workspace\guia-tv\functions\lib\v2\config\container.js.map changed, reloading triggers {"metadata":{"emulator":{"name":"functions"},"message":"File C:\\Users\\mgonzalezv.INDRA\\Documents\\private-workspace\\guia-tv\\functions\\lib\\v2\\config\\container.js.map changed, reloading triggers"}}
[debug] [2025-11-19T16:35:39.626Z] File C:\Users\mgonzalezv.INDRA\Documents\private-workspace\guia-tv\functions\lib\v2\config\container.js changed, reloading triggers {"metadata":{"emulator":{"name":"functions"},"message":"File C:\\Users\\mgonzalezv.INDRA\\Documents\\private-workspace\\guia-tv\\functions\\lib\\v2\\config\\container.js changed, reloading triggers"}}
[debug] [2025-11-19T16:35:39.642Z] File C:\Users\mgonzalezv.INDRA\Documents\private-workspace\guia-tv\functions\lib\v2\shared\utils\asyncHandler.js.map changed, reloading triggers {"metadata":{"emulator":{"name":"functions"},"message":"File C:\\Users\\mgonzalezv.INDRA\\Documents\\private-workspace\\guia-tv\\functions\\lib\\v2\\shared\\utils\\asyncHandler.js.map changed, reloading triggers"}}
[debug] [2025-11-19T16:35:39.655Z] File C:\Users\mgonzalezv.INDRA\Documents\private-workspace\guia-tv\functions\lib\v2\shared\utils\asyncHandler.js changed, reloading triggers {"metadata":{"emulator":{"name":"functions"},"message":"File C:\\Users\\mgonzalezv.INDRA\\Documents\\private-workspace\\guia-tv\\functions\\lib\\v2\\shared\\utils\\asyncHandler.js changed, reloading triggers"}}
[debug] [2025-11-19T16:35:39.668Z] File C:\Users\mgonzalezv.INDRA\Documents\private-workspace\guia-tv\functions\lib\v2\presentation\middlewares\validator.js.map changed, reloading triggers {"metadata":{"emulator":{"name":"functions"},"message":"File C:\\Users\\mgonzalezv.INDRA\\Documents\\private-workspace\\guia-tv\\functions\\lib\\v2\\presentation\\middlewares\\validator.js.map changed, reloading triggers"}}
[debug] [2025-11-19T16:35:39.680Z] File C:\Users\mgonzalezv.INDRA\Documents\private-workspace\guia-tv\functions\lib\v2\presentation\middlewares\validator.js changed, reloading triggers {"metadata":{"emulator":{"name":"functions"},"message":"File C:\\Users\\mgonzalezv.INDRA\\Documents\\private-workspace\\guia-tv\\functions\\lib\\v2\\presentation\\middlewares\\validator.js changed, reloading triggers"}}
[debug] [2025-11-19T16:35:39.695Z] File C:\Users\mgonzalezv.INDRA\Documents\private-workspace\guia-tv\functions\lib\v2\presentation\middlewares\cache.js.map changed, reloading triggers {"metadata":{"emulator":{"name":"functions"},"message":"File C:\\Users\\mgonzalezv.INDRA\\Documents\\private-workspace\\guia-tv\\functions\\lib\\v2\\presentation\\middlewares\\cache.js.map changed, reloading triggers"}}
[debug] [2025-11-19T16:35:39.711Z] File C:\Users\mgonzalezv.INDRA\Documents\private-workspace\guia-tv\functions\lib\v2\presentation\middlewares\cache.js changed, reloading triggers {"metadata":{"emulator":{"name":"functions"},"message":"File C:\\Users\\mgonzalezv.INDRA\\Documents\\private-workspace\\guia-tv\\functions\\lib\\v2\\presentation\\middlewares\\cache.js changed, reloading triggers"}}
[debug] [2025-11-19T16:35:39.722Z] File C:\Users\mgonzalezv.INDRA\Documents\private-workspace\guia-tv\functions\lib\v2\presentation\routes\channel.routes.js.map changed, reloading triggers {"metadata":{"emulator":{"name":"functions"},"message":"File C:\\Users\\mgonzalezv.INDRA\\Documents\\private-workspace\\guia-tv\\functions\\lib\\v2\\presentation\\routes\\channel.routes.js.map changed, reloading triggers"}}
[debug] [2025-11-19T16:35:39.732Z] File C:\Users\mgonzalezv.INDRA\Documents\private-workspace\guia-tv\functions\lib\v2\presentation\routes\channel.routes.js changed, reloading triggers {"metadata":{"emulator":{"name":"functions"},"message":"File C:\\Users\\mgonzalezv.INDRA\\Documents\\private-workspace\\guia-tv\\functions\\lib\\v2\\presentation\\routes\\channel.routes.js changed, reloading triggers"}}
[debug] [2025-11-19T16:35:39.745Z] File C:\Users\mgonzalezv.INDRA\Documents\private-workspace\guia-tv\functions\lib\v2\presentation\routes\program.routes.js.map changed, reloading triggers {"metadata":{"emulator":{"name":"functions"},"message":"File C:\\Users\\mgonzalezv.INDRA\\Documents\\private-workspace\\guia-tv\\functions\\lib\\v2\\presentation\\routes\\program.routes.js.map changed, reloading triggers"}}
[debug] [2025-11-19T16:35:39.757Z] File C:\Users\mgonzalezv.INDRA\Documents\private-workspace\guia-tv\functions\lib\v2\presentation\routes\program.routes.js changed, reloading triggers {"metadata":{"emulator":{"name":"functions"},"message":"File C:\\Users\\mgonzalezv.INDRA\\Documents\\private-workspace\\guia-tv\\functions\\lib\\v2\\presentation\\routes\\program.routes.js changed, reloading triggers"}}
[debug] [2025-11-19T16:35:39.771Z] File C:\Users\mgonzalezv.INDRA\Documents\private-workspace\guia-tv\functions\lib\v2\presentation\routes\schedule.routes.js.map changed, reloading triggers {"metadata":{"emulator":{"name":"functions"},"message":"File C:\\Users\\mgonzalezv.INDRA\\Documents\\private-workspace\\guia-tv\\functions\\lib\\v2\\presentation\\routes\\schedule.routes.js.map changed, reloading triggers"}}
[debug] [2025-11-19T16:35:39.781Z] File C:\Users\mgonzalezv.INDRA\Documents\private-workspace\guia-tv\functions\lib\v2\presentation\routes\schedule.routes.js changed, reloading triggers {"metadata":{"emulator":{"name":"functions"},"message":"File C:\\Users\\mgonzalezv.INDRA\\Documents\\private-workspace\\guia-tv\\functions\\lib\\v2\\presentation\\routes\\schedule.routes.js changed, reloading triggers"}}
[debug] [2025-11-19T16:35:39.792Z] File C:\Users\mgonzalezv.INDRA\Documents\private-workspace\guia-tv\functions\lib\v2\presentation\routes\health.routes.js.map changed, reloading triggers {"metadata":{"emulator":{"name":"functions"},"message":"File C:\\Users\\mgonzalezv.INDRA\\Documents\\private-workspace\\guia-tv\\functions\\lib\\v2\\presentation\\routes\\health.routes.js.map changed, reloading triggers"}}
[debug] [2025-11-19T16:35:39.804Z] File C:\Users\mgonzalezv.INDRA\Documents\private-workspace\guia-tv\functions\lib\v2\presentation\routes\health.routes.js changed, reloading triggers {"metadata":{"emulator":{"name":"functions"},"message":"File C:\\Users\\mgonzalezv.INDRA\\Documents\\private-workspace\\guia-tv\\functions\\lib\\v2\\presentation\\routes\\health.routes.js changed, reloading triggers"}}
[debug] [2025-11-19T16:35:39.817Z] File C:\Users\mgonzalezv.INDRA\Documents\private-workspace\guia-tv\functions\lib\v2\presentation\middlewares\rateLimit.js.map changed, reloading triggers {"metadata":{"emulator":{"name":"functions"},"message":"File C:\\Users\\mgonzalezv.INDRA\\Documents\\private-workspace\\guia-tv\\functions\\lib\\v2\\presentation\\middlewares\\rateLimit.js.map changed, reloading triggers"}}
[debug] [2025-11-19T16:35:39.831Z] File C:\Users\mgonzalezv.INDRA\Documents\private-workspace\guia-tv\functions\lib\v2\presentation\middlewares\rateLimit.js changed, reloading triggers {"metadata":{"emulator":{"name":"functions"},"message":"File C:\\Users\\mgonzalezv.INDRA\\Documents\\private-workspace\\guia-tv\\functions\\lib\\v2\\presentation\\middlewares\\rateLimit.js changed, reloading triggers"}}
[debug] [2025-11-19T16:35:39.845Z] File C:\Users\mgonzalezv.INDRA\Documents\private-workspace\guia-tv\functions\lib\v2\presentation\routes\admin.routes.js.map changed, reloading triggers {"metadata":{"emulator":{"name":"functions"},"message":"File C:\\Users\\mgonzalezv.INDRA\\Documents\\private-workspace\\guia-tv\\functions\\lib\\v2\\presentation\\routes\\admin.routes.js.map changed, reloading triggers"}}
[debug] [2025-11-19T16:35:39.867Z] File C:\Users\mgonzalezv.INDRA\Documents\private-workspace\guia-tv\functions\lib\v2\presentation\routes\admin.routes.js changed, reloading triggers {"metadata":{"emulator":{"name":"functions"},"message":"File C:\\Users\\mgonzalezv.INDRA\\Documents\\private-workspace\\guia-tv\\functions\\lib\\v2\\presentation\\routes\\admin.routes.js changed, reloading triggers"}}
[debug] [2025-11-19T16:35:39.879Z] File C:\Users\mgonzalezv.INDRA\Documents\private-workspace\guia-tv\functions\lib\v2\config\app.config.js.map changed, reloading triggers {"metadata":{"emulator":{"name":"functions"},"message":"File C:\\Users\\mgonzalezv.INDRA\\Documents\\private-workspace\\guia-tv\\functions\\lib\\v2\\config\\app.config.js.map changed, reloading triggers"}}
[debug] [2025-11-19T16:35:39.891Z] File C:\Users\mgonzalezv.INDRA\Documents\private-workspace\guia-tv\functions\lib\v2\config\app.config.js changed, reloading triggers {"metadata":{"emulator":{"name":"functions"},"message":"File C:\\Users\\mgonzalezv.INDRA\\Documents\\private-workspace\\guia-tv\\functions\\lib\\v2\\config\\app.config.js changed, reloading triggers"}}
[debug] [2025-11-19T16:35:39.922Z] File C:\Users\mgonzalezv.INDRA\Documents\private-workspace\guia-tv\functions\lib\v2\presentation\swagger\swagger.config.js.map changed, reloading triggers {"metadata":{"emulator":{"name":"functions"},"message":"File C:\\Users\\mgonzalezv.INDRA\\Documents\\private-workspace\\guia-tv\\functions\\lib\\v2\\presentation\\swagger\\swagger.config.js.map changed, reloading triggers"}}
[debug] [2025-11-19T16:35:39.945Z] File C:\Users\mgonzalezv.INDRA\Documents\private-workspace\guia-tv\functions\lib\v2\presentation\swagger\swagger.config.js changed, reloading triggers {"metadata":{"emulator":{"name":"functions"},"message":"File C:\\Users\\mgonzalezv.INDRA\\Documents\\private-workspace\\guia-tv\\functions\\lib\\v2\\presentation\\swagger\\swagger.config.js changed, reloading triggers"}}
[debug] [2025-11-19T16:35:39.978Z] File C:\Users\mgonzalezv.INDRA\Documents\private-workspace\guia-tv\functions\lib\v2\presentation\routes\swagger.routes.js.map changed, reloading triggers {"metadata":{"emulator":{"name":"functions"},"message":"File C:\\Users\\mgonzalezv.INDRA\\Documents\\private-workspace\\guia-tv\\functions\\lib\\v2\\presentation\\routes\\swagger.routes.js.map changed, reloading triggers"}}
[debug] [2025-11-19T16:35:39.992Z] File C:\Users\mgonzalezv.INDRA\Documents\private-workspace\guia-tv\functions\lib\v2\presentation\routes\swagger.routes.js changed, reloading triggers {"metadata":{"emulator":{"name":"functions"},"message":"File C:\\Users\\mgonzalezv.INDRA\\Documents\\private-workspace\\guia-tv\\functions\\lib\\v2\\presentation\\routes\\swagger.routes.js changed, reloading triggers"}}
[debug] [2025-11-19T16:35:40.005Z] File C:\Users\mgonzalezv.INDRA\Documents\private-workspace\guia-tv\functions\lib\v2\presentation\routes\index.js.map changed, reloading triggers {"metadata":{"emulator":{"name":"functions"},"message":"File C:\\Users\\mgonzalezv.INDRA\\Documents\\private-workspace\\guia-tv\\functions\\lib\\v2\\presentation\\routes\\index.js.map changed, reloading triggers"}}
[debug] [2025-11-19T16:35:40.022Z] File C:\Users\mgonzalezv.INDRA\Documents\private-workspace\guia-tv\functions\lib\v2\presentation\routes\index.js changed, reloading triggers {"metadata":{"emulator":{"name":"functions"},"message":"File C:\\Users\\mgonzalezv.INDRA\\Documents\\private-workspace\\guia-tv\\functions\\lib\\v2\\presentation\\routes\\index.js changed, reloading triggers"}}
[debug] [2025-11-19T16:35:40.029Z] File C:\Users\mgonzalezv.INDRA\Documents\private-workspace\guia-tv\functions\lib\v2\presentation\middlewares\cors.js.map changed, reloading triggers {"metadata":{"emulator":{"name":"functions"},"message":"File C:\\Users\\mgonzalezv.INDRA\\Documents\\private-workspace\\guia-tv\\functions\\lib\\v2\\presentation\\middlewares\\cors.js.map changed, reloading triggers"}}
[debug] [2025-11-19T16:35:40.043Z] File C:\Users\mgonzalezv.INDRA\Documents\private-workspace\guia-tv\functions\lib\v2\presentation\middlewares\cors.js changed, reloading triggers {"metadata":{"emulator":{"name":"functions"},"message":"File C:\\Users\\mgonzalezv.INDRA\\Documents\\private-workspace\\guia-tv\\functions\\lib\\v2\\presentation\\middlewares\\cors.js changed, reloading triggers"}}
[debug] [2025-11-19T16:35:40.057Z] File C:\Users\mgonzalezv.INDRA\Documents\private-workspace\guia-tv\functions\lib\v2\presentation\middlewares\compression.js.map changed, reloading triggers {"metadata":{"emulator":{"name":"functions"},"message":"File C:\\Users\\mgonzalezv.INDRA\\Documents\\private-workspace\\guia-tv\\functions\\lib\\v2\\presentation\\middlewares\\compression.js.map changed, reloading triggers"}}
[debug] [2025-11-19T16:35:40.070Z] File C:\Users\mgonzalezv.INDRA\Documents\private-workspace\guia-tv\functions\lib\v2\presentation\middlewares\compression.js changed, reloading triggers {"metadata":{"emulator":{"name":"functions"},"message":"File C:\\Users\\mgonzalezv.INDRA\\Documents\\private-workspace\\guia-tv\\functions\\lib\\v2\\presentation\\middlewares\\compression.js changed, reloading triggers"}}
[debug] [2025-11-19T16:35:40.083Z] File C:\Users\mgonzalezv.INDRA\Documents\private-workspace\guia-tv\functions\lib\v2\presentation\middlewares\requestLogger.js.map changed, reloading triggers {"metadata":{"emulator":{"name":"functions"},"message":"File C:\\Users\\mgonzalezv.INDRA\\Documents\\private-workspace\\guia-tv\\functions\\lib\\v2\\presentation\\middlewares\\requestLogger.js.map changed, reloading triggers"}}
[debug] [2025-11-19T16:35:40.097Z] File C:\Users\mgonzalezv.INDRA\Documents\private-workspace\guia-tv\functions\lib\v2\presentation\middlewares\requestLogger.js changed, reloading triggers {"metadata":{"emulator":{"name":"functions"},"message":"File C:\\Users\\mgonzalezv.INDRA\\Documents\\private-workspace\\guia-tv\\functions\\lib\\v2\\presentation\\middlewares\\requestLogger.js changed, reloading triggers"}}
[debug] [2025-11-19T16:35:40.112Z] File C:\Users\mgonzalezv.INDRA\Documents\private-workspace\guia-tv\functions\lib\v2\presentation\middlewares\errorHandler.js.map changed, reloading triggers {"metadata":{"emulator":{"name":"functions"},"message":"File C:\\Users\\mgonzalezv.INDRA\\Documents\\private-workspace\\guia-tv\\functions\\lib\\v2\\presentation\\middlewares\\errorHandler.js.map changed, reloading triggers"}}
[debug] [2025-11-19T16:35:40.124Z] File C:\Users\mgonzalezv.INDRA\Documents\private-workspace\guia-tv\functions\lib\v2\presentation\middlewares\errorHandler.js changed, reloading triggers {"metadata":{"emulator":{"name":"functions"},"message":"File C:\\Users\\mgonzalezv.INDRA\\Documents\\private-workspace\\guia-tv\\functions\\lib\\v2\\presentation\\middlewares\\errorHandler.js changed, reloading triggers"}}
[debug] [2025-11-19T16:35:40.139Z] File C:\Users\mgonzalezv.INDRA\Documents\private-workspace\guia-tv\functions\lib\v2\presentation\middlewares\notFoundHandler.js.map changed, reloading triggers {"metadata":{"emulator":{"name":"functions"},"message":"File C:\\Users\\mgonzalezv.INDRA\\Documents\\private-workspace\\guia-tv\\functions\\lib\\v2\\presentation\\middlewares\\notFoundHandler.js.map changed, reloading triggers"}}
[debug] [2025-11-19T16:35:40.146Z] File C:\Users\mgonzalezv.INDRA\Documents\private-workspace\guia-tv\functions\lib\v2\presentation\middlewares\notFoundHandler.js changed, reloading triggers {"metadata":{"emulator":{"name":"functions"},"message":"File C:\\Users\\mgonzalezv.INDRA\\Documents\\private-workspace\\guia-tv\\functions\\lib\\v2\\presentation\\middlewares\\notFoundHandler.js changed, reloading triggers"}}
[debug] [2025-11-19T16:35:40.163Z] File C:\Users\mgonzalezv.INDRA\Documents\private-workspace\guia-tv\functions\lib\v2\presentation\routes\app.js.map changed, reloading triggers {"metadata":{"emulator":{"name":"functions"},"message":"File C:\\Users\\mgonzalezv.INDRA\\Documents\\private-workspace\\guia-tv\\functions\\lib\\v2\\presentation\\routes\\app.js.map changed, reloading triggers"}}
[debug] [2025-11-19T16:35:40.178Z] File C:\Users\mgonzalezv.INDRA\Documents\private-workspace\guia-tv\functions\lib\v2\presentation\routes\app.js changed, reloading triggers {"metadata":{"emulator":{"name":"functions"},"message":"File C:\\Users\\mgonzalezv.INDRA\\Documents\\private-workspace\\guia-tv\\functions\\lib\\v2\\presentation\\routes\\app.js changed, reloading triggers"}}
[debug] [2025-11-19T16:35:40.191Z] File C:\Users\mgonzalezv.INDRA\Documents\private-workspace\guia-tv\functions\lib\v2\index.js.map changed, reloading triggers {"metadata":{"emulator":{"name":"functions"},"message":"File C:\\Users\\mgonzalezv.INDRA\\Documents\\private-workspace\\guia-tv\\functions\\lib\\v2\\index.js.map changed, reloading triggers"}}
[debug] [2025-11-19T16:35:40.206Z] File C:\Users\mgonzalezv.INDRA\Documents\private-workspace\guia-tv\functions\lib\v2\index.js changed, reloading triggers {"metadata":{"emulator":{"name":"functions"},"message":"File C:\\Users\\mgonzalezv.INDRA\\Documents\\private-workspace\\guia-tv\\functions\\lib\\v2\\index.js changed, reloading triggers"}}
[debug] [2025-11-19T16:35:40.225Z] File C:\Users\mgonzalezv.INDRA\Documents\private-workspace\guia-tv\functions\lib\v2\infrastructure\scheduled\syncScheduledFunction.js.map changed, reloading triggers {"metadata":{"emulator":{"name":"functions"},"message":"File C:\\Users\\mgonzalezv.INDRA\\Documents\\private-workspace\\guia-tv\\functions\\lib\\v2\\infrastructure\\scheduled\\syncScheduledFunction.js.map changed, reloading triggers"}}
[debug] [2025-11-19T16:35:40.239Z] File C:\Users\mgonzalezv.INDRA\Documents\private-workspace\guia-tv\functions\lib\v2\infrastructure\scheduled\syncScheduledFunction.js changed, reloading triggers {"metadata":{"emulator":{"name":"functions"},"message":"File C:\\Users\\mgonzalezv.INDRA\\Documents\\private-workspace\\guia-tv\\functions\\lib\\v2\\infrastructure\\scheduled\\syncScheduledFunction.js changed, reloading triggers"}}
[debug] [2025-11-19T16:35:40.257Z] File C:\Users\mgonzalezv.INDRA\Documents\private-workspace\guia-tv\functions\lib\index.js.map changed, reloading triggers {"metadata":{"emulator":{"name":"functions"},"message":"File C:\\Users\\mgonzalezv.INDRA\\Documents\\private-workspace\\guia-tv\\functions\\lib\\index.js.map changed, reloading triggers"}}
[debug] [2025-11-19T16:35:40.264Z] File C:\Users\mgonzalezv.INDRA\Documents\private-workspace\guia-tv\functions\lib\index.js changed, reloading triggers {"metadata":{"emulator":{"name":"functions"},"message":"File C:\\Users\\mgonzalezv.INDRA\\Documents\\private-workspace\\guia-tv\\functions\\lib\\index.js changed, reloading triggers"}}
[debug] [2025-11-19T16:35:40.280Z] File C:\Users\mgonzalezv.INDRA\Documents\private-workspace\guia-tv\functions\lib\v2\scheduledFunctions.js.map changed, reloading triggers {"metadata":{"emulator":{"name":"functions"},"message":"File C:\\Users\\mgonzalezv.INDRA\\Documents\\private-workspace\\guia-tv\\functions\\lib\\v2\\scheduledFunctions.js.map changed, reloading triggers"}}
[debug] [2025-11-19T16:35:40.293Z] File C:\Users\mgonzalezv.INDRA\Documents\private-workspace\guia-tv\functions\lib\v2\scheduledFunctions.js changed, reloading triggers {"metadata":{"emulator":{"name":"functions"},"message":"File C:\\Users\\mgonzalezv.INDRA\\Documents\\private-workspace\\guia-tv\\functions\\lib\\v2\\scheduledFunctions.js changed, reloading triggers"}}
[debug] [2025-11-19T16:35:40.305Z] File C:\Users\mgonzalezv.INDRA\Documents\private-workspace\guia-tv\functions\lib\v2\server.js.map changed, reloading triggers {"metadata":{"emulator":{"name":"functions"},"message":"File C:\\Users\\mgonzalezv.INDRA\\Documents\\private-workspace\\guia-tv\\functions\\lib\\v2\\server.js.map changed, reloading triggers"}}
[debug] [2025-11-19T16:35:40.319Z] File C:\Users\mgonzalezv.INDRA\Documents\private-workspace\guia-tv\functions\lib\v2\server.js changed, reloading triggers {"metadata":{"emulator":{"name":"functions"},"message":"File C:\\Users\\mgonzalezv.INDRA\\Documents\\private-workspace\\guia-tv\\functions\\lib\\v2\\server.js changed, reloading triggers"}}
[debug] [2025-11-19T16:35:40.328Z] File C:\Users\mgonzalezv.INDRA\Documents\private-workspace\guia-tv\functions\lib\v2\domain\entities\Schedule.js.map changed, reloading triggers {"metadata":{"emulator":{"name":"functions"},"message":"File C:\\Users\\mgonzalezv.INDRA\\Documents\\private-workspace\\guia-tv\\functions\\lib\\v2\\domain\\entities\\Schedule.js.map changed, reloading triggers"}}
[debug] [2025-11-19T16:35:40.340Z] File C:\Users\mgonzalezv.INDRA\Documents\private-workspace\guia-tv\functions\lib\v2\domain\entities\Schedule.js changed, reloading triggers {"metadata":{"emulator":{"name":"functions"},"message":"File C:\\Users\\mgonzalezv.INDRA\\Documents\\private-workspace\\guia-tv\\functions\\lib\\v2\\domain\\entities\\Schedule.js changed, reloading triggers"}}
[debug] [2025-11-19T16:35:40.346Z] File C:\Users\mgonzalezv.INDRA\Documents\private-workspace\guia-tv\functions\lib\v2\application\use-cases\UpdateSchedule.js.map changed, reloading triggers {"metadata":{"emulator":{"name":"functions"},"message":"File C:\\Users\\mgonzalezv.INDRA\\Documents\\private-workspace\\guia-tv\\functions\\lib\\v2\\application\\use-cases\\UpdateSchedule.js.map changed, reloading triggers"}}
[debug] [2025-11-19T16:35:40.358Z] File C:\Users\mgonzalezv.INDRA\Documents\private-workspace\guia-tv\functions\lib\v2\application\use-cases\UpdateSchedule.js changed, reloading triggers {"metadata":{"emulator":{"name":"functions"},"message":"File C:\\Users\\mgonzalezv.INDRA\\Documents\\private-workspace\\guia-tv\\functions\\lib\\v2\\application\\use-cases\\UpdateSchedule.js changed, reloading triggers"}}
[debug] [2025-11-19T16:35:40.372Z] File C:\Users\mgonzalezv.INDRA\Documents\private-workspace\guia-tv\functions\lib\v2\config\firebase.config.js.map changed, reloading triggers {"metadata":{"emulator":{"name":"functions"},"message":"File C:\\Users\\mgonzalezv.INDRA\\Documents\\private-workspace\\guia-tv\\functions\\lib\\v2\\config\\firebase.config.js.map changed, reloading triggers"}}
[debug] [2025-11-19T16:35:40.377Z] File C:\Users\mgonzalezv.INDRA\Documents\private-workspace\guia-tv\functions\lib\v2\config\firebase.config.js changed, reloading triggers {"metadata":{"emulator":{"name":"functions"},"message":"File C:\\Users\\mgonzalezv.INDRA\\Documents\\private-workspace\\guia-tv\\functions\\lib\\v2\\config\\firebase.config.js changed, reloading triggers"}}
[debug] [2025-11-19T16:35:40.391Z] File C:\Users\mgonzalezv.INDRA\Documents\private-workspace\guia-tv\functions\lib\v2\domain\services\ScheduleService.js.map changed, reloading triggers {"metadata":{"emulator":{"name":"functions"},"message":"File C:\\Users\\mgonzalezv.INDRA\\Documents\\private-workspace\\guia-tv\\functions\\lib\\v2\\domain\\services\\ScheduleService.js.map changed, reloading triggers"}}
[debug] [2025-11-19T16:35:40.404Z] File C:\Users\mgonzalezv.INDRA\Documents\private-workspace\guia-tv\functions\lib\v2\domain\services\ScheduleService.js changed, reloading triggers {"metadata":{"emulator":{"name":"functions"},"message":"File C:\\Users\\mgonzalezv.INDRA\\Documents\\private-workspace\\guia-tv\\functions\\lib\\v2\\domain\\services\\ScheduleService.js changed, reloading triggers"}}
[debug] [2025-11-19T16:35:40.413Z] File C:\Users\mgonzalezv.INDRA\Documents\private-workspace\guia-tv\functions\lib\v2\domain\value-objects\TimeSlot.js.map changed, reloading triggers {"metadata":{"emulator":{"name":"functions"},"message":"File C:\\Users\\mgonzalezv.INDRA\\Documents\\private-workspace\\guia-tv\\functions\\lib\\v2\\domain\\value-objects\\TimeSlot.js.map changed, reloading triggers"}}
[debug] [2025-11-19T16:35:40.425Z] File C:\Users\mgonzalezv.INDRA\Documents\private-workspace\guia-tv\functions\lib\v2\domain\value-objects\TimeSlot.js changed, reloading triggers {"metadata":{"emulator":{"name":"functions"},"message":"File C:\\Users\\mgonzalezv.INDRA\\Documents\\private-workspace\\guia-tv\\functions\\lib\\v2\\domain\\value-objects\\TimeSlot.js changed, reloading triggers"}}
[debug] [2025-11-19T16:35:40.438Z] File C:\Users\mgonzalezv.INDRA\Documents\private-workspace\guia-tv\functions\lib\v2\infrastructure\database\FirestoreClient.js.map changed, reloading triggers {"metadata":{"emulator":{"name":"functions"},"message":"File C:\\Users\\mgonzalezv.INDRA\\Documents\\private-workspace\\guia-tv\\functions\\lib\\v2\\infrastructure\\database\\FirestoreClient.js.map changed, reloading triggers"}}
[debug] [2025-11-19T16:35:40.446Z] File C:\Users\mgonzalezv.INDRA\Documents\private-workspace\guia-tv\functions\lib\v2\infrastructure\database\FirestoreClient.js changed, reloading triggers {"metadata":{"emulator":{"name":"functions"},"message":"File C:\\Users\\mgonzalezv.INDRA\\Documents\\private-workspace\\guia-tv\\functions\\lib\\v2\\infrastructure\\database\\FirestoreClient.js changed, reloading triggers"}}
[debug] [2025-11-19T16:35:40.458Z] File C:\Users\mgonzalezv.INDRA\Documents\private-workspace\guia-tv\functions\lib\v2\presentation\middlewares\asyncHandler.js.map changed, reloading triggers {"metadata":{"emulator":{"name":"functions"},"message":"File C:\\Users\\mgonzalezv.INDRA\\Documents\\private-workspace\\guia-tv\\functions\\lib\\v2\\presentation\\middlewares\\asyncHandler.js.map changed, reloading triggers"}}
[debug] [2025-11-19T16:35:40.466Z] File C:\Users\mgonzalezv.INDRA\Documents\private-workspace\guia-tv\functions\lib\v2\presentation\middlewares\asyncHandler.js changed, reloading triggers {"metadata":{"emulator":{"name":"functions"},"message":"File C:\\Users\\mgonzalezv.INDRA\\Documents\\private-workspace\\guia-tv\\functions\\lib\\v2\\presentation\\middlewares\\asyncHandler.js changed, reloading triggers"}}
[debug] [2025-11-19T16:35:40.483Z] File C:\Users\mgonzalezv.INDRA\Documents\private-workspace\guia-tv\functions\lib\v2\presentation\validators\channelValidators.js.map changed, reloading triggers {"metadata":{"emulator":{"name":"functions"},"message":"File C:\\Users\\mgonzalezv.INDRA\\Documents\\private-workspace\\guia-tv\\functions\\lib\\v2\\presentation\\validators\\channelValidators.js.map changed, reloading triggers"}}
[debug] [2025-11-19T16:35:40.493Z] File C:\Users\mgonzalezv.INDRA\Documents\private-workspace\guia-tv\functions\lib\v2\presentation\validators\channelValidators.js changed, reloading triggers {"metadata":{"emulator":{"name":"functions"},"message":"File C:\\Users\\mgonzalezv.INDRA\\Documents\\private-workspace\\guia-tv\\functions\\lib\\v2\\presentation\\validators\\channelValidators.js changed, reloading triggers"}}
[debug] [2025-11-19T16:35:40.505Z] File C:\Users\mgonzalezv.INDRA\Documents\private-workspace\guia-tv\functions\lib\v2\presentation\validators\programValidators.js.map changed, reloading triggers {"metadata":{"emulator":{"name":"functions"},"message":"File C:\\Users\\mgonzalezv.INDRA\\Documents\\private-workspace\\guia-tv\\functions\\lib\\v2\\presentation\\validators\\programValidators.js.map changed, reloading triggers"}}
[debug] [2025-11-19T16:35:40.513Z] File C:\Users\mgonzalezv.INDRA\Documents\private-workspace\guia-tv\functions\lib\v2\presentation\validators\programValidators.js changed, reloading triggers {"metadata":{"emulator":{"name":"functions"},"message":"File C:\\Users\\mgonzalezv.INDRA\\Documents\\private-workspace\\guia-tv\\functions\\lib\\v2\\presentation\\validators\\programValidators.js changed, reloading triggers"}}
[debug] [2025-11-19T16:35:41.521Z] Validating nodejs source
[debug] [2025-11-19T16:35:51.560Z] checkFunctionsSDKVersion was unable to fetch information from NPM Error: spawnSync C:\WINDOWS\system32\cmd.exe ETIMEDOUT
    at Object.spawnSync (node:internal/child_process:1120:20)
    at Object.spawnSync (node:child_process:868:24)
    at Function.spawnSync [as sync] (C:\Users\mgonzalezv.INDRA\AppData\Roaming\npm\node_modules\firebase-tools\node_modules\cross-spawn\index.js:26:23)
    at Object.getLatestSDKVersion (C:\Users\mgonzalezv.INDRA\AppData\Roaming\npm\node_modules\firebase-tools\lib\deploy\functions\runtimes\node\versioning.js:54:25)
    at Object.checkFunctionsSDKVersion (C:\Users\mgonzalezv.INDRA\AppData\Roaming\npm\node_modules\firebase-tools\lib\deploy\functions\runtimes\node\versioning.js:74:32)
    at Delegate.validate (C:\Users\mgonzalezv.INDRA\AppData\Roaming\npm\node_modules\firebase-tools\lib\deploy\functions\runtimes\node\index.js:89:20)
    at FunctionsEmulator.discoverTriggers (C:\Users\mgonzalezv.INDRA\AppData\Roaming\npm\node_modules\firebase-tools\lib\emulator\functionsEmulator.js:320:35)
    at async FunctionsEmulator.loadTriggers (C:\Users\mgonzalezv.INDRA\AppData\Roaming\npm\node_modules\firebase-tools\lib\emulator\functionsEmulator.js:362:34)
[debug] [2025-11-19T16:35:51.563Z] > [functions] package.json contents: {
  "name": "functions",
  "version": "1.0.0",
  "description": "Cloud Functions for Firebase",
  "scripts": {
    "build": "tsc && tsc-alias",
    "build:watch": "tsc --watch",
    "emulators:start": "npm run build && firebase emulators:start --debug --only functions,firestore,storage,pubsub,ui",
    "emulators:start:no-build": "firebase emulators:start --only functions,firestore,storage,pubsub,ui",
    "dev:emulators": "npm run emulators:start",
    "lint": "eslint src/**/*.ts",
    "lint:fix": "eslint src/**/*.ts --fix",
    "clean": "node -e \"require('fs').rmSync('lib', { recursive: true, force: true })\"",
    "test": "jest"
  },
  "engines": {
    "node": "22"
  },
  "main": "lib/index.js",
  "dependencies": {
    "async-retry": "^1.3.3",
    "axios": "^1.3.4",
    "cheerio": "^1.0.0-rc.12",
    "compression": "^1.7.4",
    "cors": "^2.8.5",
    "date-fns": "^2.29.3",
    "esm": "^3.2.25",
    "express": "^4.18.2",
    "express-rate-limit": "^7.1.5",
    "firebase-admin": "^11.10.0",
    "firebase-functions": "^7.0.0",
    "gunzip": "^1.2.2",
    "gunzip-file": "^0.1.1",
    "p-retry": "^5.1.2",
    "redis": "^5.8.3",
    "retry": "^0.13.1",
    "swagger-jsdoc": "^6.2.8",
    "swagger-ui-express": "^5.0.1",
    "xml2js": "^0.4.23"
  },
  "devDependencies": {
    "@types/compression": "^1.8.1",
    "@types/cors": "^2.8.13",
    "@types/date-fns": "^2.6.0",
    "@types/express": "^4.17.17",
    "@types/node": "^18.15.5",
    "@types/node-fetch": "^2.6.3",
    "@types/swagger-jsdoc": "^6.0.4",
    "@types/swagger-ui-express": "^4.1.8",
    "@types/xml2js": "^0.4.11",
    "concurrently": "^8.2.2",
    "dotenv": "^16.3.1",
    "firebase-functions-test": "^3.0.0",
    "nodemon": "^3.0.2",
    "ts-node": "^10.9.1",
    "tsc-alias": "^1.7.0",
    "tsconfig-paths": "^4.2.0",
    "typescript": "^4.9.5"
  },
  "private": true
}
[debug] [2025-11-19T16:35:51.564Z] Building nodejs source
[debug] [2025-11-19T16:35:51.565Z] Failed to find version of module node: reached end of search path C:\Users\mgonzalezv.INDRA\Documents\private-workspace\guia-tv\functions\node_modules
[info] +  functions: Using node@22 from host. 
[info] i  functions: Loaded environment variables from .env. 
[debug] [2025-11-19T16:35:51.585Z] Could not find functions.yaml. Must use http discovery
[debug] [2025-11-19T16:35:51.623Z] Found firebase-functions binary at 'C:\Users\mgonzalezv.INDRA\Documents\private-workspace\guia-tv\functions\node_modules\.bin\firebase-functions'
[debug] [2025-11-19T16:35:51.724Z] File C:\Users\mgonzalezv.INDRA\Documents\private-workspace\guia-tv\functions\lib\v2\config\container.js changed, reloading triggers {"metadata":{"emulator":{"name":"functions"},"message":"File C:\\Users\\mgonzalezv.INDRA\\Documents\\private-workspace\\guia-tv\\functions\\lib\\v2\\config\\container.js changed, reloading triggers"}}
[debug] [2025-11-19T16:35:52.728Z] Validating nodejs source
[debug] [2025-11-19T16:36:02.764Z] checkFunctionsSDKVersion was unable to fetch information from NPM Error: spawnSync C:\WINDOWS\system32\cmd.exe ETIMEDOUT
    at Object.spawnSync (node:internal/child_process:1120:20)
    at Object.spawnSync (node:child_process:868:24)
    at Function.spawnSync [as sync] (C:\Users\mgonzalezv.INDRA\AppData\Roaming\npm\node_modules\firebase-tools\node_modules\cross-spawn\index.js:26:23)
    at Object.getLatestSDKVersion (C:\Users\mgonzalezv.INDRA\AppData\Roaming\npm\node_modules\firebase-tools\lib\deploy\functions\runtimes\node\versioning.js:54:25)
    at Object.checkFunctionsSDKVersion (C:\Users\mgonzalezv.INDRA\AppData\Roaming\npm\node_modules\firebase-tools\lib\deploy\functions\runtimes\node\versioning.js:74:32)
    at Delegate.validate (C:\Users\mgonzalezv.INDRA\AppData\Roaming\npm\node_modules\firebase-tools\lib\deploy\functions\runtimes\node\index.js:89:20)
    at FunctionsEmulator.discoverTriggers (C:\Users\mgonzalezv.INDRA\AppData\Roaming\npm\node_modules\firebase-tools\lib\emulator\functionsEmulator.js:320:35)
    at async FunctionsEmulator.loadTriggers (C:\Users\mgonzalezv.INDRA\AppData\Roaming\npm\node_modules\firebase-tools\lib\emulator\functionsEmulator.js:362:34)
[debug] [2025-11-19T16:36:02.769Z] > [functions] package.json contents: {
  "name": "functions",
  "version": "1.0.0",
  "description": "Cloud Functions for Firebase",
  "scripts": {
    "build": "tsc && tsc-alias",
    "build:watch": "tsc --watch",
    "emulators:start": "npm run build && firebase emulators:start --debug --only functions,firestore,storage,pubsub,ui",
    "emulators:start:no-build": "firebase emulators:start --only functions,firestore,storage,pubsub,ui",
    "dev:emulators": "npm run emulators:start",
    "lint": "eslint src/**/*.ts",
    "lint:fix": "eslint src/**/*.ts --fix",
    "clean": "node -e \"require('fs').rmSync('lib', { recursive: true, force: true })\"",
    "test": "jest"
  },
  "engines": {
    "node": "22"
  },
  "main": "lib/index.js",
  "dependencies": {
    "async-retry": "^1.3.3",
    "axios": "^1.3.4",
    "cheerio": "^1.0.0-rc.12",
    "compression": "^1.7.4",
    "cors": "^2.8.5",
    "date-fns": "^2.29.3",
    "esm": "^3.2.25",
    "express": "^4.18.2",
    "express-rate-limit": "^7.1.5",
    "firebase-admin": "^11.10.0",
    "firebase-functions": "^7.0.0",
    "gunzip": "^1.2.2",
    "gunzip-file": "^0.1.1",
    "p-retry": "^5.1.2",
    "redis": "^5.8.3",
    "retry": "^0.13.1",
    "swagger-jsdoc": "^6.2.8",
    "swagger-ui-express": "^5.0.1",
    "xml2js": "^0.4.23"
  },
  "devDependencies": {
    "@types/compression": "^1.8.1",
    "@types/cors": "^2.8.13",
    "@types/date-fns": "^2.6.0",
    "@types/express": "^4.17.17",
    "@types/node": "^18.15.5",
    "@types/node-fetch": "^2.6.3",
    "@types/swagger-jsdoc": "^6.0.4",
    "@types/swagger-ui-express": "^4.1.8",
    "@types/xml2js": "^0.4.11",
    "concurrently": "^8.2.2",
    "dotenv": "^16.3.1",
    "firebase-functions-test": "^3.0.0",
    "nodemon": "^3.0.2",
    "ts-node": "^10.9.1",
    "tsc-alias": "^1.7.0",
    "tsconfig-paths": "^4.2.0",
    "typescript": "^4.9.5"
  },
  "private": true
}
[debug] [2025-11-19T16:36:02.771Z] Building nodejs source
[debug] [2025-11-19T16:36:02.772Z] Failed to find version of module node: reached end of search path C:\Users\mgonzalezv.INDRA\Documents\private-workspace\guia-tv\functions\node_modules
[info] +  functions: Using node@22 from host. 
[info] i  functions: Loaded environment variables from .env. 
[debug] [2025-11-19T16:36:02.784Z] Could not find functions.yaml. Must use http discovery
[debug] [2025-11-19T16:36:02.813Z] Found firebase-functions binary at 'C:\Users\mgonzalezv.INDRA\Documents\private-workspace\guia-tv\functions\node_modules\.bin\firebase-functions'
[info] Serving at port 8727

[info] Serving at port 8939

[debug] [2025-11-19T16:36:10.228Z] Got response from /__/functions.yaml {"endpoints":{"v1":{"availableMemoryMb":2048,"timeoutSeconds":540,"minInstances":null,"maxInstances":null,"ingressSettings":null,"concurrency":null,"serviceAccountEmail":null,"vpc":null,"platform":"gcfv2","labels":{},"httpsTrigger":{},"entryPoint":"v1"},"v2":{"availableMemoryMb":512,"timeoutSeconds":60,"minInstances":0,"maxInstances":10,"ingressSettings":null,"concurrency":null,"serviceAccountEmail":null,"vpc":null,"platform":"gcfv2","labels":{},"httpsTrigger":{},"entryPoint":"v2"},"ssr":{"availableMemoryMb":1024,"timeoutSeconds":540,"minInstances":null,"maxInstances":null,"ingressSettings":null,"concurrency":null,"serviceAccountEmail":null,"vpc":null,"platform":"gcfv2","labels":{},"httpsTrigger":{},"entryPoint":"ssr"},"actualizarProgramacion":{"availableMemoryMb":2048,"timeoutSeconds":540,"minInstances":null,"maxInstances":null,"ingressSettings":null,"concurrency":null,"serviceAccountEmail":null,"vpc":null,"platform":"gcfv2","labels":{},"scheduleTrigger":{"schedule":"0 0 */5 * *","retryConfig":{},"timeZone":"Europe/Madrid"},"entryPoint":"actualizarProgramacion"},"syncEPGDataScheduled":{"availableMemoryMb":1024,"timeoutSeconds":540,"minInstances":null,"maxInstances":null,"ingressSettings":null,"concurrency":null,"serviceAccountEmail":null,"vpc":null,"platform":"gcfv2","labels":{},"scheduleTrigger":{"schedule":"0 */6 * * *","retryConfig":{},"timeZone":"Europe/Madrid"},"entryPoint":"syncEPGDataScheduled"},"precomputeSchedulesScheduled":{"availableMemoryMb":512,"timeoutSeconds":300,"minInstances":null,"maxInstances":null,"ingressSettings":null,"concurrency":null,"serviceAccountEmail":null,"vpc":null,"platform":"gcfv2","labels":{},"scheduleTrigger":{"schedule":"15 */6 * * *","retryConfig":{},"timeZone":"Europe/Madrid"},"entryPoint":"precomputeSchedulesScheduled"},"cleanOldProgramsScheduled":{"availableMemoryMb":256,"timeoutSeconds":300,"minInstances":null,"maxInstances":null,"ingressSettings":null,"concurrency":null,"serviceAccountEmail":null,"vpc":null,"platform":"gcfv2","labels":{},"scheduleTrigger":{"schedule":"0 3 * * *","retryConfig":{},"timeZone":"Europe/Madrid"},"entryPoint":"cleanOldProgramsScheduled"}},"specVersion":"v1alpha1","requiredAPIs":[{"api":"cloudscheduler.googleapis.com","reason":"Needed for scheduled functions."}],"extensions":{}}
[error] !!  functions: Failed to load function definition from source: FirebaseError: User code failed to load. Cannot determine backend specification. Timeout after 10000. See https://firebase.google.com/docs/functions/tips#avoid_deployment_timeouts_during_initialization' {"metadata":{"emulator":{"name":"functions"},"message":"Failed to load function definition from source: FirebaseError: User code failed to load. Cannot determine backend specification. Timeout after 10000. See https://firebase.google.com/docs/functions/tips#avoid_deployment_timeouts_during_initialization'"}}
[info] +  functions: Loaded functions definitions from source: v1, v2, ssr, actualizarProgramacion, syncEPGDataScheduled, precomputeSchedulesScheduled, cleanOldProgramsScheduled. {"metadata":{"emulator":{"name":"functions"},"message":"Loaded functions definitions from source: v1, v2, ssr, actualizarProgramacion, syncEPGDataScheduled, precomputeSchedulesScheduled, cleanOldProgramsScheduled."}}
[debug] [2025-11-19T16:36:51.331Z] ^C {"metadata":{"emulator":{"name":"pubsub"},"message":"^C"}}
[debug] [2025-11-19T16:36:51.334Z] �Desea terminar el trabajo por lotes (S/N)? 
 {"metadata":{"emulator":{"name":"pubsub"},"message":"�Desea terminar el trabajo por lotes (S/N)? \r\n"}}
[debug] [2025-11-19T16:36:51.346Z] 
C:\Users\mgonzalezv.INDRA\Documents\private-workspace\guia-tv\functions>if "-1073741510" == "0" goto mainEnd 
 {"metadata":{"emulator":{"name":"pubsub"},"message":"\r\nC:\\Users\\mgonzalezv.INDRA\\Documents\\private-workspace\\guia-tv\\functions>if \"-1073741510\" == \"0\" goto mainEnd \r\n"}}
[debug] [2025-11-19T16:36:51.355Z] 
C:\Users\mgonzalezv.INDRA\Documents\private-workspace\guia-tv\functions>rem Set variable CLOUD_PUBSUB_EMULATOR_EXIT_CONSOLE if you need the _script_ return code instead of 
 {"metadata":{"emulator":{"name":"pubsub"},"message":"\r\nC:\\Users\\mgonzalezv.INDRA\\Documents\\private-workspace\\guia-tv\\functions>rem Set variable CLOUD_PUBSUB_EMULATOR_EXIT_CONSOLE if you need the _script_ return code instead of \r\n"}}
[debug] [2025-11-19T16:36:51.357Z] 
C:\Users\mgonzalezv.INDRA\Documents\private-workspace\guia-tv\functions>rem the _cmd.exe /c_ return code! 
 {"metadata":{"emulator":{"name":"pubsub"},"message":"\r\nC:\\Users\\mgonzalezv.INDRA\\Documents\\private-workspace\\guia-tv\\functions>rem the _cmd.exe /c_ return code! \r\n"}}
[debug] [2025-11-19T16:36:51.359Z] 
C:\Users\mgonzalezv.INDRA\Documents\private-workspace\guia-tv\functions>if not "" == "" exit 1 
 {"metadata":{"emulator":{"name":"pubsub"},"message":"\r\nC:\\Users\\mgonzalezv.INDRA\\Documents\\private-workspace\\guia-tv\\functions>if not \"\" == \"\" exit 1 \r\n"}}
[debug] [2025-11-19T16:36:51.361Z] 
C:\Users\mgonzalezv.INDRA\Documents\private-workspace\guia-tv\functions>exit /b 1 
 {"metadata":{"emulator":{"name":"pubsub"},"message":"\r\nC:\\Users\\mgonzalezv.INDRA\\Documents\\private-workspace\\guia-tv\\functions>exit /b 1 \r\n"}}
[warn] !  pubsub: Fatal error occurred: 
   Pub/Sub Emulator has exited with code: 1, 
   stopping all running emulators {"metadata":{"emulator":{"name":"pubsub"},"message":"Fatal error occurred: \n   Pub/Sub Emulator has exited with code: 1, \n   stopping all running emulators"}}
[info] i  ui: Stopping Emulator UI {"metadata":{"emulator":{"name":"ui"},"message":"Stopping Emulator UI"}}
[info] i  functions: Stopping Functions Emulator {"metadata":{"emulator":{"name":"functions"},"message":"Stopping Functions Emulator"}}
[info] i  firestore: Stopping Firestore Emulator {"metadata":{"emulator":{"name":"firestore"},"message":"Stopping Firestore Emulator"}}
[warn] !  Firestore Emulator has exited upon receiving signal: SIGKILL 
[info] i  pubsub: Stopping Pub/Sub Emulator {"metadata":{"emulator":{"name":"pubsub"},"message":"Stopping Pub/Sub Emulator"}}
[info] i  storage: Stopping Storage Emulator {"metadata":{"emulator":{"name":"storage"},"message":"Stopping Storage Emulator"}}
[debug] [2025-11-19T16:36:51.467Z] Stopping rules runtime. {"metadata":{"emulator":{"name":"storage"},"message":"Stopping rules runtime."}}
[info] i  eventarc: Stopping Eventarc Emulator {"metadata":{"emulator":{"name":"eventarc"},"message":"Stopping Eventarc Emulator"}}
[info] i  tasks: Stopping Cloud Tasks Emulator {"metadata":{"emulator":{"name":"tasks"},"message":"Stopping Cloud Tasks Emulator"}}
[info] i  hub: Stopping emulator hub {"metadata":{"emulator":{"name":"hub"},"message":"Stopping emulator hub"}}
[debug] [2025-11-19T16:36:51.538Z] Emulator locator file path: C:\Users\MGONZA~1.IND\AppData\Local\Temp\hub-guia-tv-8fe3c.json
[info] i  logging: Stopping Logging Emulator {"metadata":{"emulator":{"name":"logging"},"message":"Stopping Logging Emulator"}}
[debug] [2025-11-19T16:38:23.075Z] ----------------------------------------------------------------------
[debug] [2025-11-19T16:38:23.093Z] Command:       C:\Program Files\nodejs\node.exe C:\Users\mgonzalezv.INDRA\AppData\Roaming\npm\node_modules\firebase-tools\lib\bin\firebase.js emulators:start --debug --only functions,firestore,storage,pubsub,ui
[debug] [2025-11-19T16:38:23.093Z] CLI Version:   14.20.0
[debug] [2025-11-19T16:38:23.094Z] Platform:      win32
[debug] [2025-11-19T16:38:23.094Z] Node Version:  v22.13.1
[debug] [2025-11-19T16:38:23.094Z] Time:          Wed Nov 19 2025 17:38:23 GMT+0100 (hora estándar de Europa central)
[debug] [2025-11-19T16:38:23.095Z] ----------------------------------------------------------------------
[debug] 
[debug] [2025-11-19T16:38:23.404Z] > command requires scopes: ["email","openid","https://www.googleapis.com/auth/cloudplatformprojects.readonly","https://www.googleapis.com/auth/firebase","https://www.googleapis.com/auth/cloud-platform"]
[debug] [2025-11-19T16:38:23.405Z] > authorizing via signed-in user (oficina@tecnoriasl.com)
[debug] [2025-11-19T16:38:23.920Z] openjdk version "17.0.15" 2025-04-15 LTS
OpenJDK Runtime Environment Microsoft-11369865 (build 17.0.15+6-LTS)
OpenJDK 64-Bit Server VM Microsoft-11369865 (build 17.0.15+6-LTS, mixed mode, sharing)

[debug] [2025-11-19T16:38:23.950Z] Parsed Java major version: 17
[warn] !!  emulators: firebase-tools will drop support for Java version < 21 soon in firebase-tools@15. Please install a JDK at version 21 or above to get a compatible runtime. 
[info] i  emulators: Starting emulators: functions, firestore, pubsub, storage {"metadata":{"emulator":{"name":"hub"},"message":"Starting emulators: functions, firestore, pubsub, storage"}}
[warn] !  ui: Not starting the ui emulator, make sure you have run firebase init. {"metadata":{"emulator":{"name":"ui"},"message":"Not starting the \u001b[1mui\u001b[22m emulator, make sure you have run \u001b[1mfirebase init\u001b[22m."}}
[debug] [2025-11-19T16:38:24.004Z] [logging] Logging Emulator only supports listening on one address (127.0.0.1). Not listening on ::1
[debug] [2025-11-19T16:38:24.005Z] assigned listening specs for emulators {"user":{"firestore":[{"address":"0.0.0.0","family":"IPv4","port":8080}],"firestore.websocket":[{"address":"0.0.0.0","family":"IPv4","port":9150}],"pubsub":[{"address":"0.0.0.0","family":"IPv4","port":8085}],"storage":[{"address":"0.0.0.0","family":"IPv4","port":9199}],"hub":[{"address":"127.0.0.1","family":"IPv4","port":4400},{"address":"::1","family":"IPv6","port":4400}],"ui":[{"address":"127.0.0.1","family":"IPv4","port":4000},{"address":"::1","family":"IPv6","port":4000}],"logging":[{"address":"127.0.0.1","family":"IPv4","port":4500}]},"metadata":{"message":"assigned listening specs for emulators"}}
[debug] [2025-11-19T16:38:24.016Z] Emulator locator file path: C:\Users\MGONZA~1.IND\AppData\Local\Temp\hub-guia-tv-8fe3c.json
[debug] [2025-11-19T16:38:24.016Z] [hub] writing locator at C:\Users\MGONZA~1.IND\AppData\Local\Temp\hub-guia-tv-8fe3c.json
[debug] [2025-11-19T16:38:24.070Z] [eventarc] Eventarc Emulator only supports listening on one address (127.0.0.1). Not listening on ::1
[debug] [2025-11-19T16:38:24.071Z] [tasks] Cloud Tasks Emulator only supports listening on one address (127.0.0.1). Not listening on ::1
[debug] [2025-11-19T16:38:24.071Z] late-assigned ports for functions and eventarc emulators {"user":{"firestore":[{"address":"0.0.0.0","family":"IPv4","port":8080}],"firestore.websocket":[{"address":"0.0.0.0","family":"IPv4","port":9150}],"pubsub":[{"address":"0.0.0.0","family":"IPv4","port":8085}],"storage":[{"address":"0.0.0.0","family":"IPv4","port":9199}],"hub":[{"address":"127.0.0.1","family":"IPv4","port":4400},{"address":"::1","family":"IPv6","port":4400}],"ui":[{"address":"127.0.0.1","family":"IPv4","port":4000},{"address":"::1","family":"IPv6","port":4000}],"logging":[{"address":"127.0.0.1","family":"IPv4","port":4500}],"functions":[{"address":"0.0.0.0","family":"IPv4","port":5001}],"eventarc":[{"address":"127.0.0.1","family":"IPv4","port":9299}],"tasks":[{"address":"127.0.0.1","family":"IPv4","port":9499}]},"metadata":{"message":"late-assigned ports for functions and eventarc emulators"}}
[warn] !  functions: The following emulators are not running, calls to these services from the Functions emulator will affect production: apphosting, auth, database, hosting, dataconnect {"metadata":{"emulator":{"name":"functions"},"message":"The following emulators are not running, calls to these services from the Functions emulator will affect production: \u001b[1mapphosting, auth, database, hosting, dataconnect\u001b[22m"}}
[debug] [2025-11-19T16:38:24.106Z] defaultcredentials: writing to file C:\Users\mgonzalezv.INDRA\AppData\Roaming\firebase\oficina_tecnoriasl_com_application_default_credentials.json
[debug] [2025-11-19T16:38:24.120Z] Setting GAC to C:\Users\mgonzalezv.INDRA\AppData\Roaming\firebase\oficina_tecnoriasl_com_application_default_credentials.json {"metadata":{"emulator":{"name":"functions"},"message":"Setting GAC to C:\\Users\\mgonzalezv.INDRA\\AppData\\Roaming\\firebase\\oficina_tecnoriasl_com_application_default_credentials.json"}}
[debug] [2025-11-19T16:38:24.124Z] Checked if tokens are valid: true, expires at: 1763572388297
[debug] [2025-11-19T16:38:24.125Z] Checked if tokens are valid: true, expires at: 1763572388297
[debug] [2025-11-19T16:38:24.127Z] >>> [apiv2][query] GET https://firebase.googleapis.com/v1beta1/projects/guia-tv-8fe3c/adminSdkConfig [none]
[debug] [2025-11-19T16:38:24.872Z] <<< [apiv2][status] GET https://firebase.googleapis.com/v1beta1/projects/guia-tv-8fe3c/adminSdkConfig 200
[debug] [2025-11-19T16:38:24.873Z] <<< [apiv2][body] GET https://firebase.googleapis.com/v1beta1/projects/guia-tv-8fe3c/adminSdkConfig {"projectId":"guia-tv-8fe3c","storageBucket":"guia-tv-8fe3c.appspot.com","locationId":"europe-west"}
[warn] !  firestore: Cloud Firestore Emulator does not support multiple databases yet. {"metadata":{"emulator":{"name":"firestore"},"message":"Cloud Firestore Emulator does not support multiple databases yet."}}
[warn] !  firestore: Did not find a Cloud Firestore rules file specified in a firebase.json config file. {"metadata":{"emulator":{"name":"firestore"},"message":"Did not find a Cloud Firestore rules file specified in a firebase.json config file."}}
[warn] !  firestore: The emulator will default to allowing all reads and writes. Learn more about this option: https://firebase.google.com/docs/emulator-suite/install_and_configure#security_rules_configuration. {"metadata":{"emulator":{"name":"firestore"},"message":"The emulator will default to allowing all reads and writes. Learn more about this option: https://firebase.google.com/docs/emulator-suite/install_and_configure#security_rules_configuration."}}
[debug] [2025-11-19T16:38:24.959Z] Ignoring unsupported arg: auto_download {"metadata":{"emulator":{"name":"firestore"},"message":"Ignoring unsupported arg: auto_download"}}
[debug] [2025-11-19T16:38:24.960Z] Ignoring unsupported arg: single_project_mode_error {"metadata":{"emulator":{"name":"firestore"},"message":"Ignoring unsupported arg: single_project_mode_error"}}
[debug] [2025-11-19T16:38:24.960Z] Starting Firestore Emulator with command {"binary":"java","args":["-Dgoogle.cloud_firestore.debug_log_level=FINE","-Duser.language=en","-jar","C:\\Users\\mgonzalezv.INDRA\\.cache\\firebase\\emulators\\cloud-firestore-emulator-v1.19.8.jar","--host","0.0.0.0","--port",8080,"--websocket_port",9150,"--project_id","guia-tv-8fe3c","--single_project_mode",true,"--functions_emulator","127.0.0.1:5001"],"optionalArgs":["port","webchannel_port","host","rules","websocket_port","functions_emulator","seed_from_export","project_id","single_project_mode"],"joinArgs":false,"shell":false,"port":8080} {"metadata":{"emulator":{"name":"firestore"},"message":"Starting Firestore Emulator with command {\"binary\":\"java\",\"args\":[\"-Dgoogle.cloud_firestore.debug_log_level=FINE\",\"-Duser.language=en\",\"-jar\",\"C:\\\\Users\\\\mgonzalezv.INDRA\\\\.cache\\\\firebase\\\\emulators\\\\cloud-firestore-emulator-v1.19.8.jar\",\"--host\",\"0.0.0.0\",\"--port\",8080,\"--websocket_port\",9150,\"--project_id\",\"guia-tv-8fe3c\",\"--single_project_mode\",true,\"--functions_emulator\",\"127.0.0.1:5001\"],\"optionalArgs\":[\"port\",\"webchannel_port\",\"host\",\"rules\",\"websocket_port\",\"functions_emulator\",\"seed_from_export\",\"project_id\",\"single_project_mode\"],\"joinArgs\":false,\"shell\":false,\"port\":8080}"}}
[info] i  firestore: Firestore Emulator logging to firestore-debug.log {"metadata":{"emulator":{"name":"firestore"},"message":"Firestore Emulator logging to \u001b[1mfirestore-debug.log\u001b[22m"}}
[debug] [2025-11-19T16:38:29.385Z] Nov 19, 2025 5:38:29 PM com.google.cloud.datastore.emulator.firestore.websocket.WebSocketServer start
INFO: Started WebSocket server on ws://0.0.0.0:9150
 {"metadata":{"emulator":{"name":"firestore"},"message":"Nov 19, 2025 5:38:29 PM com.google.cloud.datastore.emulator.firestore.websocket.WebSocketServer start\r\nINFO: Started WebSocket server on ws://0.0.0.0:9150\r\n"}}
[debug] [2025-11-19T16:38:30.894Z] API endpoint: http://0.0.0.0:8080
 {"metadata":{"emulator":{"name":"firestore"},"message":"API endpoint: http://0.0.0.0:8080\n"}}
[debug] [2025-11-19T16:38:30.895Z] If you are using a library that supports the FIRESTORE_EMULATOR_HOST environment variable, run:

   export FIRESTORE_EMULATOR_HOST=0.0.0.0:8080

If you are running a Firestore in Datastore Mode project, run:

   export DATASTORE_EMULATOR_HOST=0.0.0.0:8080

Note: Support for Datastore Mode is in preview. If you encounter any bugs please file at https://github.com/firebase/firebase-tools/issues.
Dev App Server is now running.

 {"metadata":{"emulator":{"name":"firestore"},"message":"If you are using a library that supports the FIRESTORE_EMULATOR_HOST environment variable, run:\r\n\n   export FIRESTORE_EMULATOR_HOST=0.0.0.0:8080\n\nIf you are running a Firestore in Datastore Mode project, run:\r\n\n   export DATASTORE_EMULATOR_HOST=0.0.0.0:8080\n\nNote: Support for Datastore Mode is in preview. If you encounter any bugs please file at https://github.com/firebase/firebase-tools/issues.\r\nDev App Server is now running.\n\r\n"}}
[info] +  firestore: Firestore Emulator UI websocket is running on 9150. {"metadata":{"emulator":{"name":"firestore"},"message":"Firestore Emulator UI websocket is running on 9150."}}
[debug] [2025-11-19T16:38:30.969Z] Ignoring unsupported arg: projectId {"metadata":{"emulator":{"name":"pubsub"},"message":"Ignoring unsupported arg: projectId"}}
[debug] [2025-11-19T16:38:30.970Z] Ignoring unsupported arg: auto_download {"metadata":{"emulator":{"name":"pubsub"},"message":"Ignoring unsupported arg: auto_download"}}
[debug] [2025-11-19T16:38:30.970Z] Starting Pub/Sub Emulator with command {"binary":"C:\\Users\\mgonzalezv.INDRA\\.cache\\firebase\\emulators\\pubsub-emulator-0.8.14\\pubsub-emulator\\bin\\cloud-pubsub-emulator","args":["--host=0.0.0.0","--port=8085"],"optionalArgs":["port","host"],"joinArgs":true,"shell":true,"port":8085} {"metadata":{"emulator":{"name":"pubsub"},"message":"Starting Pub/Sub Emulator with command {\"binary\":\"C:\\\\Users\\\\mgonzalezv.INDRA\\\\.cache\\\\firebase\\\\emulators\\\\pubsub-emulator-0.8.14\\\\pubsub-emulator\\\\bin\\\\cloud-pubsub-emulator\",\"args\":[\"--host=0.0.0.0\",\"--port=8085\"],\"optionalArgs\":[\"port\",\"host\"],\"joinArgs\":true,\"shell\":true,\"port\":8085}"}}
[info] i  pubsub: Pub/Sub Emulator logging to pubsub-debug.log {"metadata":{"emulator":{"name":"pubsub"},"message":"Pub/Sub Emulator logging to \u001b[1mpubsub-debug.log\u001b[22m"}}
[debug] [2025-11-19T16:38:31.537Z] 
C:\Users\mgonzalezv.INDRA\Documents\private-workspace\guia-tv\functions>if "Windows_NT" == "Windows_NT" setlocal
 {"metadata":{"emulator":{"name":"pubsub"},"message":"\r\nC:\\Users\\mgonzalezv.INDRA\\Documents\\private-workspace\\guia-tv\\functions>if \"Windows_NT\" == \"Windows_NT\" setlocal\r\n"}}
[debug] [2025-11-19T16:38:31.542Z] 
C:\Users\mgonzalezv.INDRA\Documents\private-workspace\guia-tv\functions>set DIRNAME=C:\Users\mgonzalezv.INDRA\.cache\firebase\emulators\pubsub-emulator-0.8.14\pubsub-emulator\bin\ 
 {"metadata":{"emulator":{"name":"pubsub"},"message":"\r\nC:\\Users\\mgonzalezv.INDRA\\Documents\\private-workspace\\guia-tv\\functions>set DIRNAME=C:\\Users\\mgonzalezv.INDRA\\.cache\\firebase\\emulators\\pubsub-emulator-0.8.14\\pubsub-emulator\\bin\\ \r\n"}}
[debug] [2025-11-19T16:38:31.546Z] 
C:\Users\mgonzalezv.INDRA\Documents\private-workspace\guia-tv\functions>if "C:\Users\mgonzalezv.INDRA\.cache\firebase\emulators\pubsub-emulator-0.8.14\pubsub-emulator\bin\" == "" set DIRNAME=. 
 {"metadata":{"emulator":{"name":"pubsub"},"message":"\r\nC:\\Users\\mgonzalezv.INDRA\\Documents\\private-workspace\\guia-tv\\functions>if \"C:\\Users\\mgonzalezv.INDRA\\.cache\\firebase\\emulators\\pubsub-emulator-0.8.14\\pubsub-emulator\\bin\\\" == \"\" set DIRNAME=. \r\n"}}
[debug] [2025-11-19T16:38:31.549Z] 
C:\Users\mgonzalezv.INDRA\Documents\private-workspace\guia-tv\functions>set APP_BASE_NAME=cloud-pubsub-emulator 
 {"metadata":{"emulator":{"name":"pubsub"},"message":"\r\nC:\\Users\\mgonzalezv.INDRA\\Documents\\private-workspace\\guia-tv\\functions>set APP_BASE_NAME=cloud-pubsub-emulator \r\n"}}
[debug] [2025-11-19T16:38:31.551Z] 
C:\Users\mgonzalezv.INDRA\Documents\private-workspace\guia-tv\functions>set APP_HOME=C:\Users\mgonzalezv.INDRA\.cache\firebase\emulators\pubsub-emulator-0.8.14\pubsub-emulator\bin\.. 
 {"metadata":{"emulator":{"name":"pubsub"},"message":"\r\nC:\\Users\\mgonzalezv.INDRA\\Documents\\private-workspace\\guia-tv\\functions>set APP_HOME=C:\\Users\\mgonzalezv.INDRA\\.cache\\firebase\\emulators\\pubsub-emulator-0.8.14\\pubsub-emulator\\bin\\.. \r\n"}}
[debug] [2025-11-19T16:38:31.557Z] 
C:\Users\mgonzalezv.INDRA\Documents\private-workspace\guia-tv\functions>set DEFAULT_JVM_OPTS= 
 {"metadata":{"emulator":{"name":"pubsub"},"message":"\r\nC:\\Users\\mgonzalezv.INDRA\\Documents\\private-workspace\\guia-tv\\functions>set DEFAULT_JVM_OPTS= \r\n"}}
[debug] [2025-11-19T16:38:31.566Z] 
C:\Users\mgonzalezv.INDRA\Documents\private-workspace\guia-tv\functions>if defined JAVA_HOME goto findJavaFromJavaHome 
 {"metadata":{"emulator":{"name":"pubsub"},"message":"\r\nC:\\Users\\mgonzalezv.INDRA\\Documents\\private-workspace\\guia-tv\\functions>if defined JAVA_HOME goto findJavaFromJavaHome \r\n"}}
[debug] [2025-11-19T16:38:31.570Z] 
C:\Users\mgonzalezv.INDRA\Documents\private-workspace\guia-tv\functions>set JAVA_HOME=C:\Program Files\Microsoft\jdk-17.0.15.6-hotspot 
 {"metadata":{"emulator":{"name":"pubsub"},"message":"\r\nC:\\Users\\mgonzalezv.INDRA\\Documents\\private-workspace\\guia-tv\\functions>set JAVA_HOME=C:\\Program Files\\Microsoft\\jdk-17.0.15.6-hotspot \r\n"}}
[debug] [2025-11-19T16:38:31.572Z] 
C:\Users\mgonzalezv.INDRA\Documents\private-workspace\guia-tv\functions>set JAVA_EXE=C:\Program Files\Microsoft\jdk-17.0.15.6-hotspot/bin/java.exe 
 {"metadata":{"emulator":{"name":"pubsub"},"message":"\r\nC:\\Users\\mgonzalezv.INDRA\\Documents\\private-workspace\\guia-tv\\functions>set JAVA_EXE=C:\\Program Files\\Microsoft\\jdk-17.0.15.6-hotspot/bin/java.exe \r\n"}}
[debug] [2025-11-19T16:38:31.577Z] 
C:\Users\mgonzalezv.INDRA\Documents\private-workspace\guia-tv\functions>if exist "C:\Program Files\Microsoft\jdk-17.0.15.6-hotspot/bin/java.exe" goto init 
 {"metadata":{"emulator":{"name":"pubsub"},"message":"\r\nC:\\Users\\mgonzalezv.INDRA\\Documents\\private-workspace\\guia-tv\\functions>if exist \"C:\\Program Files\\Microsoft\\jdk-17.0.15.6-hotspot/bin/java.exe\" goto init \r\n"}}
[debug] [2025-11-19T16:38:31.588Z] 
C:\Users\mgonzalezv.INDRA\Documents\private-workspace\guia-tv\functions>if not "Windows_NT" == "Windows_NT" goto win9xME_args 
 {"metadata":{"emulator":{"name":"pubsub"},"message":"\r\nC:\\Users\\mgonzalezv.INDRA\\Documents\\private-workspace\\guia-tv\\functions>if not \"Windows_NT\" == \"Windows_NT\" goto win9xME_args \r\n"}}
[debug] [2025-11-19T16:38:31.602Z] 
C:\Users\mgonzalezv.INDRA\Documents\private-workspace\guia-tv\functions>set CMD_LINE_ARGS= 
 {"metadata":{"emulator":{"name":"pubsub"},"message":"\r\nC:\\Users\\mgonzalezv.INDRA\\Documents\\private-workspace\\guia-tv\\functions>set CMD_LINE_ARGS= \r\n"}}
[debug] [2025-11-19T16:38:31.605Z] 
C:\Users\mgonzalezv.INDRA\Documents\private-workspace\guia-tv\functions>set _SKIP=2 
 {"metadata":{"emulator":{"name":"pubsub"},"message":"\r\nC:\\Users\\mgonzalezv.INDRA\\Documents\\private-workspace\\guia-tv\\functions>set _SKIP=2 \r\n"}}
[debug] [2025-11-19T16:38:31.614Z] 
C:\Users\mgonzalezv.INDRA\Documents\private-workspace\guia-tv\functions>if "x--host" == "x" goto execute 
 {"metadata":{"emulator":{"name":"pubsub"},"message":"\r\nC:\\Users\\mgonzalezv.INDRA\\Documents\\private-workspace\\guia-tv\\functions>if \"x--host\" == \"x\" goto execute \r\n"}}
[debug] [2025-11-19T16:38:31.621Z] 
C:\Users\mgonzalezv.INDRA\Documents\private-workspace\guia-tv\functions>set CMD_LINE_ARGS=--host=0.0.0.0 --port=8085 
 {"metadata":{"emulator":{"name":"pubsub"},"message":"\r\nC:\\Users\\mgonzalezv.INDRA\\Documents\\private-workspace\\guia-tv\\functions>set CMD_LINE_ARGS=--host=0.0.0.0 --port=8085 \r\n"}}
[debug] [2025-11-19T16:38:31.641Z] 
C:\Users\mgonzalezv.INDRA\Documents\private-workspace\guia-tv\functions>set CLASSPATH=C:\Users\mgonzalezv.INDRA\.cache\firebase\emulators\pubsub-emulator-0.8.14\pubsub-emulator\bin\..\lib\cloud-pubsub-emulator-0.8.14-all.jar 
 {"metadata":{"emulator":{"name":"pubsub"},"message":"\r\nC:\\Users\\mgonzalezv.INDRA\\Documents\\private-workspace\\guia-tv\\functions>set CLASSPATH=C:\\Users\\mgonzalezv.INDRA\\.cache\\firebase\\emulators\\pubsub-emulator-0.8.14\\pubsub-emulator\\bin\\..\\lib\\cloud-pubsub-emulator-0.8.14-all.jar \r\n"}}
[debug] [2025-11-19T16:38:31.648Z] 
C:\Users\mgonzalezv.INDRA\Documents\private-workspace\guia-tv\functions>"C:\Program Files\Microsoft\jdk-17.0.15.6-hotspot/bin/java.exe"     -jar "C:\Users\mgonzalezv.INDRA\.cache\firebase\emulators\pubsub-emulator-0.8.14\pubsub-emulator\bin\..\lib\cloud-pubsub-emulator-0.8.14-all.jar" --host=0.0.0.0 --port=8085 
 {"metadata":{"emulator":{"name":"pubsub"},"message":"\r\nC:\\Users\\mgonzalezv.INDRA\\Documents\\private-workspace\\guia-tv\\functions>\"C:\\Program Files\\Microsoft\\jdk-17.0.15.6-hotspot/bin/java.exe\"     -jar \"C:\\Users\\mgonzalezv.INDRA\\.cache\\firebase\\emulators\\pubsub-emulator-0.8.14\\pubsub-emulator\\bin\\..\\lib\\cloud-pubsub-emulator-0.8.14-all.jar\" --host=0.0.0.0 --port=8085 \r\n"}}
[debug] [2025-11-19T16:38:37.037Z] Ignoring unsupported arg: port {"metadata":{"emulator":{"name":"storage"},"message":"Ignoring unsupported arg: port"}}
[debug] [2025-11-19T16:38:38.443Z] Temp file directory for storage emulator: C:\Users\MGONZA~1.IND\AppData\Local\Temp/firebase/storage/blobs {"metadata":{"emulator":{"name":"storage"},"message":"Temp file directory for storage emulator: C:\\Users\\MGONZA~1.IND\\AppData\\Local\\Temp/firebase/storage/blobs"}}
[info] i  functions: Watching "C:\Users\mgonzalezv.INDRA\Documents\private-workspace\guia-tv\functions" for Cloud Functions... {"metadata":{"emulator":{"name":"functions"},"message":"Watching \"C:\\Users\\mgonzalezv.INDRA\\Documents\\private-workspace\\guia-tv\\functions\" for Cloud Functions..."}}
[debug] [2025-11-19T16:38:38.509Z] Validating nodejs source
[debug] [2025-11-19T16:38:48.635Z] checkFunctionsSDKVersion was unable to fetch information from NPM Error: spawnSync C:\WINDOWS\system32\cmd.exe ETIMEDOUT
    at Object.spawnSync (node:internal/child_process:1120:20)
    at Object.spawnSync (node:child_process:868:24)
    at Function.spawnSync [as sync] (C:\Users\mgonzalezv.INDRA\AppData\Roaming\npm\node_modules\firebase-tools\node_modules\cross-spawn\index.js:26:23)
    at Object.getLatestSDKVersion (C:\Users\mgonzalezv.INDRA\AppData\Roaming\npm\node_modules\firebase-tools\lib\deploy\functions\runtimes\node\versioning.js:54:25)
    at Object.checkFunctionsSDKVersion (C:\Users\mgonzalezv.INDRA\AppData\Roaming\npm\node_modules\firebase-tools\lib\deploy\functions\runtimes\node\versioning.js:74:32)
    at Delegate.validate (C:\Users\mgonzalezv.INDRA\AppData\Roaming\npm\node_modules\firebase-tools\lib\deploy\functions\runtimes\node\index.js:89:20)
    at FunctionsEmulator.discoverTriggers (C:\Users\mgonzalezv.INDRA\AppData\Roaming\npm\node_modules\firebase-tools\lib\emulator\functionsEmulator.js:320:35)
    at async FunctionsEmulator.loadTriggers (C:\Users\mgonzalezv.INDRA\AppData\Roaming\npm\node_modules\firebase-tools\lib\emulator\functionsEmulator.js:362:34)
    at async FunctionsEmulator.connect (C:\Users\mgonzalezv.INDRA\AppData\Roaming\npm\node_modules\firebase-tools\lib\emulator\functionsEmulator.js:282:13)
    at async Object.startAll (C:\Users\mgonzalezv.INDRA\AppData\Roaming\npm\node_modules\firebase-tools\lib\emulator\controller.js:678:13)
[debug] [2025-11-19T16:38:48.643Z] > [functions] package.json contents: {
  "name": "functions",
  "version": "1.0.0",
  "description": "Cloud Functions for Firebase",
  "scripts": {
    "build": "tsc && tsc-alias",
    "build:watch": "tsc --watch",
    "emulators:start": "npm run build && firebase emulators:start --debug --only functions,firestore,storage,pubsub,ui",
    "emulators:start:no-build": "firebase emulators:start --only functions,firestore,storage,pubsub,ui",
    "dev:emulators": "npm run emulators:start",
    "lint": "eslint src/**/*.ts",
    "lint:fix": "eslint src/**/*.ts --fix",
    "clean": "node -e \"require('fs').rmSync('lib', { recursive: true, force: true })\"",
    "test": "jest"
  },
  "engines": {
    "node": "22"
  },
  "main": "lib/index.js",
  "dependencies": {
    "async-retry": "^1.3.3",
    "axios": "^1.3.4",
    "cheerio": "^1.0.0-rc.12",
    "compression": "^1.7.4",
    "cors": "^2.8.5",
    "date-fns": "^2.29.3",
    "esm": "^3.2.25",
    "express": "^4.18.2",
    "express-rate-limit": "^7.1.5",
    "firebase-admin": "^11.10.0",
    "firebase-functions": "^7.0.0",
    "gunzip": "^1.2.2",
    "gunzip-file": "^0.1.1",
    "p-retry": "^5.1.2",
    "redis": "^5.8.3",
    "retry": "^0.13.1",
    "swagger-jsdoc": "^6.2.8",
    "swagger-ui-express": "^5.0.1",
    "xml2js": "^0.4.23"
  },
  "devDependencies": {
    "@types/compression": "^1.8.1",
    "@types/cors": "^2.8.13",
    "@types/date-fns": "^2.6.0",
    "@types/express": "^4.17.17",
    "@types/node": "^18.15.5",
    "@types/node-fetch": "^2.6.3",
    "@types/swagger-jsdoc": "^6.0.4",
    "@types/swagger-ui-express": "^4.1.8",
    "@types/xml2js": "^0.4.11",
    "concurrently": "^8.2.2",
    "dotenv": "^16.3.1",
    "firebase-functions-test": "^3.0.0",
    "nodemon": "^3.0.2",
    "ts-node": "^10.9.1",
    "tsc-alias": "^1.7.0",
    "tsconfig-paths": "^4.2.0",
    "typescript": "^4.9.5"
  },
  "private": true
}
[debug] [2025-11-19T16:38:48.647Z] Building nodejs source
[debug] [2025-11-19T16:38:48.649Z] Failed to find version of module node: reached end of search path C:\Users\mgonzalezv.INDRA\Documents\private-workspace\guia-tv\functions\node_modules
[info] +  functions: Using node@22 from host. 
[info] i  functions: Loaded environment variables from .env. 
[debug] [2025-11-19T16:38:48.668Z] Could not find functions.yaml. Must use http discovery
[debug] [2025-11-19T16:38:48.701Z] Found firebase-functions binary at 'C:\Users\mgonzalezv.INDRA\Documents\private-workspace\guia-tv\functions\node_modules\.bin\firebase-functions'
[info] Serving at port 8429

[debug] [2025-11-19T16:38:57.736Z] Got response from /__/functions.yaml {"endpoints":{"v1":{"availableMemoryMb":2048,"timeoutSeconds":540,"minInstances":null,"maxInstances":null,"ingressSettings":null,"concurrency":null,"serviceAccountEmail":null,"vpc":null,"platform":"gcfv2","labels":{},"httpsTrigger":{},"entryPoint":"v1"},"v2":{"availableMemoryMb":512,"timeoutSeconds":60,"minInstances":0,"maxInstances":10,"ingressSettings":null,"concurrency":null,"serviceAccountEmail":null,"vpc":null,"platform":"gcfv2","labels":{},"httpsTrigger":{},"entryPoint":"v2"},"ssr":{"availableMemoryMb":1024,"timeoutSeconds":540,"minInstances":null,"maxInstances":null,"ingressSettings":null,"concurrency":null,"serviceAccountEmail":null,"vpc":null,"platform":"gcfv2","labels":{},"httpsTrigger":{},"entryPoint":"ssr"},"actualizarProgramacion":{"availableMemoryMb":2048,"timeoutSeconds":540,"minInstances":null,"maxInstances":null,"ingressSettings":null,"concurrency":null,"serviceAccountEmail":null,"vpc":null,"platform":"gcfv2","labels":{},"scheduleTrigger":{"schedule":"0 0 */5 * *","retryConfig":{},"timeZone":"Europe/Madrid"},"entryPoint":"actualizarProgramacion"},"syncEPGDataScheduled":{"availableMemoryMb":1024,"timeoutSeconds":540,"minInstances":null,"maxInstances":null,"ingressSettings":null,"concurrency":null,"serviceAccountEmail":null,"vpc":null,"platform":"gcfv2","labels":{},"scheduleTrigger":{"schedule":"0 */6 * * *","retryConfig":{},"timeZone":"Europe/Madrid"},"entryPoint":"syncEPGDataScheduled"},"precomputeSchedulesScheduled":{"availableMemoryMb":512,"timeoutSeconds":300,"minInstances":null,"maxInstances":null,"ingressSettings":null,"concurrency":null,"serviceAccountEmail":null,"vpc":null,"platform":"gcfv2","labels":{},"scheduleTrigger":{"schedule":"15 */6 * * *","retryConfig":{},"timeZone":"Europe/Madrid"},"entryPoint":"precomputeSchedulesScheduled"},"cleanOldProgramsScheduled":{"availableMemoryMb":256,"timeoutSeconds":300,"minInstances":null,"maxInstances":null,"ingressSettings":null,"concurrency":null,"serviceAccountEmail":null,"vpc":null,"platform":"gcfv2","labels":{},"scheduleTrigger":{"schedule":"0 3 * * *","retryConfig":{},"timeZone":"Europe/Madrid"},"entryPoint":"cleanOldProgramsScheduled"}},"specVersion":"v1alpha1","requiredAPIs":[{"api":"cloudscheduler.googleapis.com","reason":"Needed for scheduled functions."}],"extensions":{}}
[info] +  functions: Loaded functions definitions from source: v1, v2, ssr, actualizarProgramacion, syncEPGDataScheduled, precomputeSchedulesScheduled, cleanOldProgramsScheduled. {"metadata":{"emulator":{"name":"functions"},"message":"Loaded functions definitions from source: v1, v2, ssr, actualizarProgramacion, syncEPGDataScheduled, precomputeSchedulesScheduled, cleanOldProgramsScheduled."}}
[info] +  functions[us-central1-v1]: http function initialized (http://127.0.0.1:5001/guia-tv-8fe3c/us-central1/v1). {"metadata":{"emulator":{"name":"functions"},"message":"\u001b[1mhttp\u001b[22m function initialized (http://127.0.0.1:5001/guia-tv-8fe3c/us-central1/v1)."}}
[info] +  functions[us-central1-v2]: http function initialized (http://127.0.0.1:5001/guia-tv-8fe3c/us-central1/v2). {"metadata":{"emulator":{"name":"functions"},"message":"\u001b[1mhttp\u001b[22m function initialized (http://127.0.0.1:5001/guia-tv-8fe3c/us-central1/v2)."}}
[info] +  functions[us-central1-ssr]: http function initialized (http://127.0.0.1:5001/guia-tv-8fe3c/us-central1/ssr). {"metadata":{"emulator":{"name":"functions"},"message":"\u001b[1mhttp\u001b[22m function initialized (http://127.0.0.1:5001/guia-tv-8fe3c/us-central1/ssr)."}}
[debug] [2025-11-19T16:39:01.802Z] addPubsubTrigger {"eventTrigger":{"eventType":"pubsub","resource":""}}
[debug] [2025-11-19T16:39:01.802Z] [pubsub] addTrigger(firebase-schedule-actualizarProgramacion, us-central1-actualizarProgramacion-0, http)
[debug] [2025-11-19T16:39:01.804Z] [pubsub] Creating topic: firebase-schedule-actualizarProgramacion
[debug] [2025-11-19T16:39:02.177Z] [pubsub] Creating sub for topic: firebase-schedule-actualizarProgramacion
[info] +  functions[us-central1-actualizarProgramacion]: pubsub function initialized. {"metadata":{"emulator":{"name":"functions"},"message":"\u001b[1mpubsub\u001b[22m function initialized."}}
[debug] [2025-11-19T16:39:02.234Z] addPubsubTrigger {"eventTrigger":{"eventType":"pubsub","resource":""}}
[debug] [2025-11-19T16:39:02.234Z] [pubsub] addTrigger(firebase-schedule-syncEPGDataScheduled, us-central1-syncEPGDataScheduled-0, http)
[debug] [2025-11-19T16:39:02.235Z] [pubsub] Creating topic: firebase-schedule-syncEPGDataScheduled
[debug] [2025-11-19T16:39:02.272Z] [pubsub] Creating sub for topic: firebase-schedule-syncEPGDataScheduled
[info] +  functions[us-central1-syncEPGDataScheduled]: pubsub function initialized. {"metadata":{"emulator":{"name":"functions"},"message":"\u001b[1mpubsub\u001b[22m function initialized."}}
[debug] [2025-11-19T16:39:02.286Z] addPubsubTrigger {"eventTrigger":{"eventType":"pubsub","resource":""}}
[debug] [2025-11-19T16:39:02.287Z] [pubsub] addTrigger(firebase-schedule-precomputeSchedulesScheduled, us-central1-precomputeSchedulesScheduled-0, http)
[debug] [2025-11-19T16:39:02.287Z] [pubsub] Creating topic: firebase-schedule-precomputeSchedulesScheduled
[debug] [2025-11-19T16:39:02.307Z] [pubsub] Creating sub for topic: firebase-schedule-precomputeSchedulesScheduled
[info] +  functions[us-central1-precomputeSchedulesScheduled]: pubsub function initialized. {"metadata":{"emulator":{"name":"functions"},"message":"\u001b[1mpubsub\u001b[22m function initialized."}}
[debug] [2025-11-19T16:39:02.319Z] addPubsubTrigger {"eventTrigger":{"eventType":"pubsub","resource":""}}
[debug] [2025-11-19T16:39:02.319Z] [pubsub] addTrigger(firebase-schedule-cleanOldProgramsScheduled, us-central1-cleanOldProgramsScheduled-0, http)
[debug] [2025-11-19T16:39:02.319Z] [pubsub] Creating topic: firebase-schedule-cleanOldProgramsScheduled
[debug] [2025-11-19T16:39:02.336Z] [pubsub] Creating sub for topic: firebase-schedule-cleanOldProgramsScheduled
[info] +  functions[us-central1-cleanOldProgramsScheduled]: pubsub function initialized. {"metadata":{"emulator":{"name":"functions"},"message":"\u001b[1mpubsub\u001b[22m function initialized."}}
[debug] [2025-11-19T16:39:02.373Z] Could not find VSCode notification endpoint: FetchError: request to http://localhost:40001/vscode/notify failed, reason: . If you are not running the Firebase Data Connect VSCode extension, this is expected and not an issue.
[info] 
┌─────────────────────────────────────────────────────────────┐
│ ✔  All emulators ready! It is now safe to connect your app. │
│ i  View Emulator UI at http://127.0.0.1:4000/               │
└─────────────────────────────────────────────────────────────┘

┌───────────┬──────────────┬─────────────────────────────────┐
│ Emulator  │ Host:Port    │ View in Emulator UI             │
├───────────┼──────────────┼─────────────────────────────────┤
│ Functions │ 0.0.0.0:5001 │ http://127.0.0.1:4000/functions │
├───────────┼──────────────┼─────────────────────────────────┤
│ Firestore │ 0.0.0.0:8080 │ http://127.0.0.1:4000/firestore │
├───────────┼──────────────┼─────────────────────────────────┤
│ Pub/Sub   │ 0.0.0.0:8085 │ n/a                             │
├───────────┼──────────────┼─────────────────────────────────┤
│ Storage   │ 0.0.0.0:9199 │ http://127.0.0.1:4000/storage   │
└───────────┴──────────────┴─────────────────────────────────┘
  Emulator Hub host: 127.0.0.1 port: 4400
  Other reserved ports: 4500, 9150

Issues? Report them at https://github.com/firebase/firebase-tools/issues and attach the *-debug.log files.
 
[warn] !  emulators: firebase-tools will drop support for Java version < 21 soon in firebase-tools@15. Please install a JDK at version 21 or above to get a compatible runtime. 
[debug] [2025-11-19T16:39:13.219Z] [work-queue] {"queuedWork":["/guia-tv-8fe3c/us-central1/v2/health-2025-11-19T16:39:13.219Z"],"queueLength":1,"runningWork":[],"workRunningCount":0}
[debug] [2025-11-19T16:39:13.220Z] [work-queue] {"queuedWork":[],"queueLength":0,"runningWork":["/guia-tv-8fe3c/us-central1/v2/health-2025-11-19T16:39:13.219Z"],"workRunningCount":1}
[debug] [2025-11-19T16:39:13.220Z] Accepted request GET /guia-tv-8fe3c/us-central1/v2/health --> us-central1-v2
[debug] [2025-11-19T16:39:13.231Z] [functions] Runtime ready! Sending request! {"metadata":{"emulator":{"name":"functions"},"message":"[functions] Runtime ready! Sending request!"}}
[debug] [2025-11-19T16:39:13.232Z] [functions] Got req.url=/guia-tv-8fe3c/us-central1/v2/health, mapping to path=/health {"metadata":{"emulator":{"name":"functions"},"message":"[functions] Got req.url=/guia-tv-8fe3c/us-central1/v2/health, mapping to path=/health"}}
[info] i  functions: Loaded environment variables from .env. 
[debug] [2025-11-19T16:39:13.327Z] [worker-pool] addWorker(us-central1-v2) {"metadata":{"emulator":{"name":"functions"},"message":"[worker-pool] addWorker(us-central1-v2)"}}
[debug] [2025-11-19T16:39:13.330Z] [worker-pool] Adding worker with key us-central1-v2, total=1 {"metadata":{"emulator":{"name":"functions"},"message":"[worker-pool] Adding worker with key us-central1-v2, total=1"}}
[info] >  (node:26796) [DEP0040] DeprecationWarning: The `punycode` module is deprecated. Please use a userland alternative instead. {"user":"(node:26796) [DEP0040] DeprecationWarning: The `punycode` module is deprecated. Please use a userland alternative instead.","metadata":{"emulator":{"name":"functions"},"function":{"name":"us-central1-v2"},"extension":{},"message":"\u001b[90m> \u001b[39m (node:26796) [DEP0040] DeprecationWarning: The `punycode` module is deprecated. Please use a userland alternative instead."}}
[info] >  (Use `node --trace-deprecation ...` to show where the warning was created) {"user":"(Use `node --trace-deprecation ...` to show where the warning was created)","metadata":{"emulator":{"name":"functions"},"function":{"name":"us-central1-v2"},"extension":{},"message":"\u001b[90m> \u001b[39m (Use `node --trace-deprecation ...` to show where the warning was created)"}}
[debug] [2025-11-19T16:39:39.695Z] [runtime-status] [26796] Resolved module firebase-admin {"declared":true,"installed":true,"version":"11.11.1","resolution":"C:\\Users\\mgonzalezv.INDRA\\Documents\\private-workspace\\guia-tv\\functions\\node_modules\\firebase-admin\\lib\\index.js"} {"metadata":{"emulator":{"name":"functions"},"function":{"name":"us-central1-v2"},"extension":{},"message":"[runtime-status] [26796] Resolved module firebase-admin {\"declared\":true,\"installed\":true,\"version\":\"11.11.1\",\"resolution\":\"C:\\\\Users\\\\mgonzalezv.INDRA\\\\Documents\\\\private-workspace\\\\guia-tv\\\\functions\\\\node_modules\\\\firebase-admin\\\\lib\\\\index.js\"}"}}
[debug] [2025-11-19T16:39:39.725Z] [runtime-status] [26796] Resolved module firebase-functions {"declared":true,"installed":true,"version":"7.0.0","resolution":"C:\\Users\\mgonzalezv.INDRA\\Documents\\private-workspace\\guia-tv\\functions\\node_modules\\firebase-functions\\lib\\v2\\index.js"} {"metadata":{"emulator":{"name":"functions"},"function":{"name":"us-central1-v2"},"extension":{},"message":"[runtime-status] [26796] Resolved module firebase-functions {\"declared\":true,\"installed\":true,\"version\":\"7.0.0\",\"resolution\":\"C:\\\\Users\\\\mgonzalezv.INDRA\\\\Documents\\\\private-workspace\\\\guia-tv\\\\functions\\\\node_modules\\\\firebase-functions\\\\lib\\\\v2\\\\index.js\"}"}}
[debug] [2025-11-19T16:39:39.731Z] [runtime-status] [26796] Outgoing network have been stubbed. [{"name":"http","status":"mocked"},{"name":"http","status":"mocked"},{"name":"https","status":"mocked"},{"name":"https","status":"mocked"},{"name":"net","status":"mocked"}] {"metadata":{"emulator":{"name":"functions"},"function":{"name":"us-central1-v2"},"extension":{},"message":"[runtime-status] [26796] Outgoing network have been stubbed. [{\"name\":\"http\",\"status\":\"mocked\"},{\"name\":\"http\",\"status\":\"mocked\"},{\"name\":\"https\",\"status\":\"mocked\"},{\"name\":\"https\",\"status\":\"mocked\"},{\"name\":\"net\",\"status\":\"mocked\"}]"}}
[debug] [2025-11-19T16:39:39.747Z] [runtime-status] [26796] Resolved module firebase-functions {"declared":true,"installed":true,"version":"7.0.0","resolution":"C:\\Users\\mgonzalezv.INDRA\\Documents\\private-workspace\\guia-tv\\functions\\node_modules\\firebase-functions\\lib\\v2\\index.js"} {"metadata":{"emulator":{"name":"functions"},"function":{"name":"us-central1-v2"},"extension":{},"message":"[runtime-status] [26796] Resolved module firebase-functions {\"declared\":true,\"installed\":true,\"version\":\"7.0.0\",\"resolution\":\"C:\\\\Users\\\\mgonzalezv.INDRA\\\\Documents\\\\private-workspace\\\\guia-tv\\\\functions\\\\node_modules\\\\firebase-functions\\\\lib\\\\v2\\\\index.js\"}"}}
[error] !!  functions: Failed to handle request for function us-central1-v2 {"metadata":{"emulator":{"name":"functions"},"message":"Failed to handle request for function us-central1-v2"}}
[error] !!  functions: Failed to start functions in C:\Users\mgonzalezv.INDRA\Documents\private-workspace\guia-tv\functions: FirebaseError: Failed to load function. {"metadata":{"emulator":{"name":"functions"},"message":"Failed to start functions in C:\\Users\\mgonzalezv.INDRA\\Documents\\private-workspace\\guia-tv\\functions: FirebaseError: Failed to load function."}}
[debug] [2025-11-19T16:39:43.431Z] [work-queue] {"queuedWork":[],"queueLength":0,"runningWork":[],"workRunningCount":0}
[warn] !  functions: functions.config() has been removed in firebase-functions v7. Migrate to environment parameters using the params module. Migration guide: https://firebase.google.com/docs/functions/config-env#migrate-config {"metadata":{"emulator":{"name":"functions"},"function":{"name":"us-central1-v2"},"extension":{},"message":"functions.config() has been removed in firebase-functions v7. Migrate to environment parameters using the params module. Migration guide: https://firebase.google.com/docs/functions/config-env#migrate-config"}}
[warn] !  Your function was killed because it raised an unhandled error. {"metadata":{"emulator":{"name":"functions"},"function":{"name":"us-central1-v2"},"extension":{},"message":"Your function was killed because it raised an unhandled error."}}
[debug] [2025-11-19T16:39:47.380Z] [worker-us-central1-v2-dd41b1bb-720b-4883-ba3c-5e974b1c857c]: exited {"metadata":{"emulator":{"name":"functions"},"function":{"name":"us-central1-v2"},"extension":{},"message":"[worker-us-central1-v2-dd41b1bb-720b-4883-ba3c-5e974b1c857c]: exited"}}
[debug] [2025-11-19T16:39:47.383Z] [worker-us-central1-v2-dd41b1bb-720b-4883-ba3c-5e974b1c857c]: FINISHED {"metadata":{"emulator":{"name":"functions"},"function":{"name":"us-central1-v2"},"extension":{},"message":"[worker-us-central1-v2-dd41b1bb-720b-4883-ba3c-5e974b1c857c]: FINISHED"}}
